dataset,size,quality,algorithm,signal,seed,mi_value
PBMC,100,0.0012346,Geneformer,protein_counts,42,0.65307
PBMC,100,0.0012346,Geneformer,protein_counts,2303,0.67208
PBMC,100,0.0012346,Geneformer,protein_counts,2701,0.7348
PBMC,100,0.0012346,PCA,protein_counts,42,0.3527
PBMC,100,0.0012346,PCA,protein_counts,2303,0.37896
PBMC,100,0.0012346,PCA,protein_counts,2701,0.34282
PBMC,100,0.0012346,RandomProjection,protein_counts,42,0.25169
PBMC,100,0.0012346,RandomProjection,protein_counts,2303,0.24459
PBMC,100,0.0012346,RandomProjection,protein_counts,2701,0.25169
PBMC,100,0.0012346,SCVI,protein_counts,42,0.25354
PBMC,100,0.0012346,SCVI,protein_counts,2303,0.31102
PBMC,100,0.0012346,SCVI,protein_counts,2701,0.27449
PBMC,100,0.0025982,Geneformer,protein_counts,42,0.99662
PBMC,100,0.0025982,Geneformer,protein_counts,2303,1.0008
PBMC,100,0.0025982,Geneformer,protein_counts,2701,1.04544
PBMC,100,0.0025982,PCA,protein_counts,42,0.55828
PBMC,100,0.0025982,PCA,protein_counts,2303,0.55793
PBMC,100,0.0025982,PCA,protein_counts,2701,0.56286
PBMC,100,0.0025982,RandomProjection,protein_counts,42,0.2752
PBMC,100,0.0025982,RandomProjection,protein_counts,2303,0.28246
PBMC,100,0.0025982,RandomProjection,protein_counts,2701,0.2752
PBMC,100,0.0025982,SCVI,protein_counts,42,0.4177
PBMC,100,0.0025982,SCVI,protein_counts,2303,0.536
PBMC,100,0.0025982,SCVI,protein_counts,2701,0.51113
PBMC,100,0.0054682,Geneformer,protein_counts,42,1.40824
PBMC,100,0.0054682,Geneformer,protein_counts,2303,1.38295
PBMC,100,0.0054682,Geneformer,protein_counts,2701,1.30879
PBMC,100,0.0054682,PCA,protein_counts,42,0.7462
PBMC,100,0.0054682,PCA,protein_counts,2303,0.70305
PBMC,100,0.0054682,PCA,protein_counts,2701,0.69359
PBMC,100,0.0054682,RandomProjection,protein_counts,42,0.41653
PBMC,100,0.0054682,RandomProjection,protein_counts,2303,0.38736
PBMC,100,0.0054682,RandomProjection,protein_counts,2701,0.41653
PBMC,100,0.0054682,SCVI,protein_counts,42,0.8341
PBMC,100,0.0054682,SCVI,protein_counts,2303,0.83306
PBMC,100,0.0054682,SCVI,protein_counts,2701,0.88077
PBMC,100,0.0115083,Geneformer,protein_counts,42,1.6949
PBMC,100,0.0115083,Geneformer,protein_counts,2303,1.70848
PBMC,100,0.0115083,Geneformer,protein_counts,2701,1.66917
PBMC,100,0.0115083,PCA,protein_counts,42,1.16436
PBMC,100,0.0115083,PCA,protein_counts,2303,1.04265
PBMC,100,0.0115083,PCA,protein_counts,2701,1.17534
PBMC,100,0.0115083,RandomProjection,protein_counts,42,0.6329
PBMC,100,0.0115083,RandomProjection,protein_counts,2303,0.65149
PBMC,100,0.0115083,RandomProjection,protein_counts,2701,0.6329
PBMC,100,0.0115083,SCVI,protein_counts,42,1.47968
PBMC,100,0.0115083,SCVI,protein_counts,2303,1.44862
PBMC,100,0.0115083,SCVI,protein_counts,2701,1.45071
PBMC,100,0.02422,Geneformer,protein_counts,42,2.07551
PBMC,100,0.02422,Geneformer,protein_counts,2303,2.01694
PBMC,100,0.02422,Geneformer,protein_counts,2701,1.99332
PBMC,100,0.02422,PCA,protein_counts,42,1.53214
PBMC,100,0.02422,PCA,protein_counts,2303,1.53602
PBMC,100,0.02422,PCA,protein_counts,2701,1.5849
PBMC,100,0.02422,RandomProjection,protein_counts,42,1.01817
PBMC,100,0.02422,RandomProjection,protein_counts,2303,1.02923
PBMC,100,0.02422,RandomProjection,protein_counts,2701,1.01817
PBMC,100,0.02422,SCVI,protein_counts,42,2.04855
PBMC,100,0.02422,SCVI,protein_counts,2303,2.02243
PBMC,100,0.02422,SCVI,protein_counts,2701,1.98635
PBMC,100,0.050973,Geneformer,protein_counts,42,2.17513
PBMC,100,0.050973,Geneformer,protein_counts,2303,2.17322
PBMC,100,0.050973,Geneformer,protein_counts,2701,2.16997
PBMC,100,0.050973,PCA,protein_counts,42,2.16923
PBMC,100,0.050973,PCA,protein_counts,2303,2.14863
PBMC,100,0.050973,PCA,protein_counts,2701,2.16066
PBMC,100,0.050973,RandomProjection,protein_counts,42,1.46463
PBMC,100,0.050973,RandomProjection,protein_counts,2303,1.47537
PBMC,100,0.050973,RandomProjection,protein_counts,2701,1.46463
PBMC,100,0.050973,SCVI,protein_counts,42,2.28711
PBMC,100,0.050973,SCVI,protein_counts,2303,2.33595
PBMC,100,0.050973,SCVI,protein_counts,2701,2.25287
PBMC,100,0.1072766,Geneformer,protein_counts,42,2.23393
PBMC,100,0.1072766,Geneformer,protein_counts,2303,2.20561
PBMC,100,0.1072766,Geneformer,protein_counts,2701,2.09292
PBMC,100,0.1072766,PCA,protein_counts,42,2.46241
PBMC,100,0.1072766,PCA,protein_counts,2303,2.51293
PBMC,100,0.1072766,PCA,protein_counts,2701,2.55975
PBMC,100,0.1072766,RandomProjection,protein_counts,42,1.87921
PBMC,100,0.1072766,RandomProjection,protein_counts,2303,1.93615
PBMC,100,0.1072766,RandomProjection,protein_counts,2701,1.87921
PBMC,100,0.1072766,SCVI,protein_counts,42,2.74063
PBMC,100,0.1072766,SCVI,protein_counts,2303,2.69227
PBMC,100,0.1072766,SCVI,protein_counts,2701,2.56553
PBMC,100,0.225772,Geneformer,protein_counts,42,2.05476
PBMC,100,0.225772,Geneformer,protein_counts,2303,2.13724
PBMC,100,0.225772,Geneformer,protein_counts,2701,2.17683
PBMC,100,0.225772,PCA,protein_counts,42,2.89627
PBMC,100,0.225772,PCA,protein_counts,2303,2.91161
PBMC,100,0.225772,PCA,protein_counts,2701,2.90744
PBMC,100,0.225772,RandomProjection,protein_counts,42,2.34458
PBMC,100,0.225772,RandomProjection,protein_counts,2303,2.30841
PBMC,100,0.225772,RandomProjection,protein_counts,2701,2.34458
PBMC,100,0.225772,SCVI,protein_counts,42,2.76225
PBMC,100,0.225772,SCVI,protein_counts,2303,2.87042
PBMC,100,0.225772,SCVI,protein_counts,2701,2.88577
PBMC,100,0.4751547,Geneformer,protein_counts,42,2.11547
PBMC,100,0.4751547,Geneformer,protein_counts,2303,2.0459
PBMC,100,0.4751547,Geneformer,protein_counts,2701,2.00824
PBMC,100,0.4751547,PCA,protein_counts,42,3.14602
PBMC,100,0.4751547,PCA,protein_counts,2303,3.22199
PBMC,100,0.4751547,PCA,protein_counts,2701,3.20445
PBMC,100,0.4751547,RandomProjection,protein_counts,42,2.62211
PBMC,100,0.4751547,RandomProjection,protein_counts,2303,2.61263
PBMC,100,0.4751547,RandomProjection,protein_counts,2701,2.62211
PBMC,100,0.4751547,SCVI,protein_counts,42,2.6324
PBMC,100,0.4751547,SCVI,protein_counts,2303,2.72647
PBMC,100,0.4751547,SCVI,protein_counts,2701,2.75677
PBMC,100,1.0,Geneformer,protein_counts,42,2.41946
PBMC,100,1.0,Geneformer,protein_counts,2303,2.56901
PBMC,100,1.0,Geneformer,protein_counts,2701,2.57319
PBMC,100,1.0,PCA,protein_counts,42,3.57451
PBMC,100,1.0,PCA,protein_counts,2303,3.63344
PBMC,100,1.0,PCA,protein_counts,2701,3.62274
PBMC,100,1.0,RandomProjection,protein_counts,42,2.8748
PBMC,100,1.0,RandomProjection,protein_counts,2303,2.86534
PBMC,100,1.0,RandomProjection,protein_counts,2701,2.8748
PBMC,100,1.0,SCVI,protein_counts,42,2.92074
PBMC,100,1.0,SCVI,protein_counts,2303,2.74763
PBMC,100,1.0,SCVI,protein_counts,2701,2.57016
PBMC,215,0.0012346,Geneformer,protein_counts,42,0.68919
PBMC,215,0.0012346,Geneformer,protein_counts,2303,0.70541
PBMC,215,0.0012346,Geneformer,protein_counts,2701,0.70968
PBMC,215,0.0012346,PCA,protein_counts,42,0.35402
PBMC,215,0.0012346,PCA,protein_counts,2303,0.36669
PBMC,215,0.0012346,PCA,protein_counts,2701,0.35386
PBMC,215,0.0012346,RandomProjection,protein_counts,42,0.25169
PBMC,215,0.0012346,RandomProjection,protein_counts,2303,0.24459
PBMC,215,0.0012346,RandomProjection,protein_counts,2701,0.25169
PBMC,215,0.0012346,SCVI,protein_counts,42,0.22574
PBMC,215,0.0012346,SCVI,protein_counts,2303,0.27331
PBMC,215,0.0012346,SCVI,protein_counts,2701,0.2516
PBMC,215,0.0025982,Geneformer,protein_counts,42,1.04138
PBMC,215,0.0025982,Geneformer,protein_counts,2303,1.09094
PBMC,215,0.0025982,Geneformer,protein_counts,2701,1.05895
PBMC,215,0.0025982,PCA,protein_counts,42,0.61666
PBMC,215,0.0025982,PCA,protein_counts,2303,0.62417
PBMC,215,0.0025982,PCA,protein_counts,2701,0.62216
PBMC,215,0.0025982,RandomProjection,protein_counts,42,0.2752
PBMC,215,0.0025982,RandomProjection,protein_counts,2303,0.28246
PBMC,215,0.0025982,RandomProjection,protein_counts,2701,0.2752
PBMC,215,0.0025982,SCVI,protein_counts,42,0.47797
PBMC,215,0.0025982,SCVI,protein_counts,2303,0.55719
PBMC,215,0.0025982,SCVI,protein_counts,2701,0.60494
PBMC,215,0.0054682,Geneformer,protein_counts,42,1.39537
PBMC,215,0.0054682,Geneformer,protein_counts,2303,1.45275
PBMC,215,0.0054682,Geneformer,protein_counts,2701,1.47055
PBMC,215,0.0054682,PCA,protein_counts,42,0.80199
PBMC,215,0.0054682,PCA,protein_counts,2303,0.77624
PBMC,215,0.0054682,PCA,protein_counts,2701,0.81553
PBMC,215,0.0054682,RandomProjection,protein_counts,42,0.41653
PBMC,215,0.0054682,RandomProjection,protein_counts,2303,0.38736
PBMC,215,0.0054682,RandomProjection,protein_counts,2701,0.41653
PBMC,215,0.0054682,SCVI,protein_counts,42,0.83648
PBMC,215,0.0054682,SCVI,protein_counts,2303,0.89168
PBMC,215,0.0054682,SCVI,protein_counts,2701,0.89523
PBMC,215,0.0115083,Geneformer,protein_counts,42,1.74319
PBMC,215,0.0115083,Geneformer,protein_counts,2303,1.75587
PBMC,215,0.0115083,Geneformer,protein_counts,2701,1.73616
PBMC,215,0.0115083,PCA,protein_counts,42,1.28743
PBMC,215,0.0115083,PCA,protein_counts,2303,1.26715
PBMC,215,0.0115083,PCA,protein_counts,2701,1.32156
PBMC,215,0.0115083,RandomProjection,protein_counts,42,0.6329
PBMC,215,0.0115083,RandomProjection,protein_counts,2303,0.65149
PBMC,215,0.0115083,RandomProjection,protein_counts,2701,0.6329
PBMC,215,0.0115083,SCVI,protein_counts,42,1.60558
PBMC,215,0.0115083,SCVI,protein_counts,2303,1.56795
PBMC,215,0.0115083,SCVI,protein_counts,2701,1.57395
PBMC,215,0.02422,Geneformer,protein_counts,42,1.9847
PBMC,215,0.02422,Geneformer,protein_counts,2303,2.0959
PBMC,215,0.02422,Geneformer,protein_counts,2701,2.11264
PBMC,215,0.02422,PCA,protein_counts,42,1.78836
PBMC,215,0.02422,PCA,protein_counts,2303,1.74922
PBMC,215,0.02422,PCA,protein_counts,2701,1.75502
PBMC,215,0.02422,RandomProjection,protein_counts,42,1.01817
PBMC,215,0.02422,RandomProjection,protein_counts,2303,1.02923
PBMC,215,0.02422,RandomProjection,protein_counts,2701,1.01817
PBMC,215,0.02422,SCVI,protein_counts,42,2.02804
PBMC,215,0.02422,SCVI,protein_counts,2303,1.99151
PBMC,215,0.02422,SCVI,protein_counts,2701,2.01909
PBMC,215,0.050973,Geneformer,protein_counts,42,2.30481
PBMC,215,0.050973,Geneformer,protein_counts,2303,2.22495
PBMC,215,0.050973,Geneformer,protein_counts,2701,2.28945
PBMC,215,0.050973,PCA,protein_counts,42,2.14767
PBMC,215,0.050973,PCA,protein_counts,2303,2.16364
PBMC,215,0.050973,PCA,protein_counts,2701,2.1805
PBMC,215,0.050973,RandomProjection,protein_counts,42,1.46463
PBMC,215,0.050973,RandomProjection,protein_counts,2303,1.47537
PBMC,215,0.050973,RandomProjection,protein_counts,2701,1.46463
PBMC,215,0.050973,SCVI,protein_counts,42,2.42296
PBMC,215,0.050973,SCVI,protein_counts,2303,2.32707
PBMC,215,0.050973,SCVI,protein_counts,2701,2.34863
PBMC,215,0.1072766,Geneformer,protein_counts,42,2.35668
PBMC,215,0.1072766,Geneformer,protein_counts,2303,2.38335
PBMC,215,0.1072766,Geneformer,protein_counts,2701,2.35637
PBMC,215,0.1072766,PCA,protein_counts,42,2.55527
PBMC,215,0.1072766,PCA,protein_counts,2303,2.52267
PBMC,215,0.1072766,PCA,protein_counts,2701,2.55796
PBMC,215,0.1072766,RandomProjection,protein_counts,42,1.87921
PBMC,215,0.1072766,RandomProjection,protein_counts,2303,1.93615
PBMC,215,0.1072766,RandomProjection,protein_counts,2701,1.87921
PBMC,215,0.1072766,SCVI,protein_counts,42,2.78325
PBMC,215,0.1072766,SCVI,protein_counts,2303,2.72506
PBMC,215,0.1072766,SCVI,protein_counts,2701,2.58263
PBMC,215,0.225772,Geneformer,protein_counts,42,2.30388
PBMC,215,0.225772,Geneformer,protein_counts,2303,2.34337
PBMC,215,0.225772,Geneformer,protein_counts,2701,2.35761
PBMC,215,0.225772,PCA,protein_counts,42,2.88358
PBMC,215,0.225772,PCA,protein_counts,2303,2.87083
PBMC,215,0.225772,PCA,protein_counts,2701,2.901
PBMC,215,0.225772,RandomProjection,protein_counts,42,2.34458
PBMC,215,0.225772,RandomProjection,protein_counts,2303,2.30841
PBMC,215,0.225772,RandomProjection,protein_counts,2701,2.34458
PBMC,215,0.225772,SCVI,protein_counts,42,2.91157
PBMC,215,0.225772,SCVI,protein_counts,2303,2.81243
PBMC,215,0.225772,SCVI,protein_counts,2701,2.4478
PBMC,215,0.4751547,Geneformer,protein_counts,42,2.54785
PBMC,215,0.4751547,Geneformer,protein_counts,2303,2.48843
PBMC,215,0.4751547,Geneformer,protein_counts,2701,2.54287
PBMC,215,0.4751547,PCA,protein_counts,42,3.28534
PBMC,215,0.4751547,PCA,protein_counts,2303,3.33241
PBMC,215,0.4751547,PCA,protein_counts,2701,3.38278
PBMC,215,0.4751547,RandomProjection,protein_counts,42,2.62211
PBMC,215,0.4751547,RandomProjection,protein_counts,2303,2.61263
PBMC,215,0.4751547,RandomProjection,protein_counts,2701,2.62211
PBMC,215,0.4751547,SCVI,protein_counts,42,2.70438
PBMC,215,0.4751547,SCVI,protein_counts,2303,2.30649
PBMC,215,0.4751547,SCVI,protein_counts,2701,2.59057
PBMC,215,1.0,Geneformer,protein_counts,42,2.97744
PBMC,215,1.0,Geneformer,protein_counts,2303,2.83207
PBMC,215,1.0,Geneformer,protein_counts,2701,2.85549
PBMC,215,1.0,PCA,protein_counts,42,3.71102
PBMC,215,1.0,PCA,protein_counts,2303,3.66306
PBMC,215,1.0,PCA,protein_counts,2701,3.7215
PBMC,215,1.0,RandomProjection,protein_counts,42,2.8748
PBMC,215,1.0,RandomProjection,protein_counts,2303,2.86534
PBMC,215,1.0,RandomProjection,protein_counts,2701,2.8748
PBMC,215,1.0,SCVI,protein_counts,42,2.61968
PBMC,215,1.0,SCVI,protein_counts,2303,2.60449
PBMC,215,1.0,SCVI,protein_counts,2701,2.93036
PBMC,464,0.0012346,Geneformer,protein_counts,42,0.71674
PBMC,464,0.0012346,Geneformer,protein_counts,2303,0.72828
PBMC,464,0.0012346,Geneformer,protein_counts,2701,0.69794
PBMC,464,0.0012346,PCA,protein_counts,42,0.38089
PBMC,464,0.0012346,PCA,protein_counts,2303,0.37433
PBMC,464,0.0012346,PCA,protein_counts,2701,0.37358
PBMC,464,0.0012346,RandomProjection,protein_counts,42,0.25169
PBMC,464,0.0012346,RandomProjection,protein_counts,2303,0.24459
PBMC,464,0.0012346,RandomProjection,protein_counts,2701,0.25169
PBMC,464,0.0012346,SCVI,protein_counts,42,0.30553
PBMC,464,0.0012346,SCVI,protein_counts,2303,0.30171
PBMC,464,0.0012346,SCVI,protein_counts,2701,0.27248
PBMC,464,0.0025982,Geneformer,protein_counts,42,1.09856
PBMC,464,0.0025982,Geneformer,protein_counts,2303,1.1133
PBMC,464,0.0025982,Geneformer,protein_counts,2701,1.12523
PBMC,464,0.0025982,PCA,protein_counts,42,0.58806
PBMC,464,0.0025982,PCA,protein_counts,2303,0.60927
PBMC,464,0.0025982,PCA,protein_counts,2701,0.58613
PBMC,464,0.0025982,RandomProjection,protein_counts,42,0.2752
PBMC,464,0.0025982,RandomProjection,protein_counts,2303,0.28246
PBMC,464,0.0025982,RandomProjection,protein_counts,2701,0.2752
PBMC,464,0.0025982,SCVI,protein_counts,42,0.61084
PBMC,464,0.0025982,SCVI,protein_counts,2303,0.56245
PBMC,464,0.0025982,SCVI,protein_counts,2701,0.57049
PBMC,464,0.0054682,Geneformer,protein_counts,42,1.52064
PBMC,464,0.0054682,Geneformer,protein_counts,2303,1.5083
PBMC,464,0.0054682,Geneformer,protein_counts,2701,1.49735
PBMC,464,0.0054682,PCA,protein_counts,42,0.91782
PBMC,464,0.0054682,PCA,protein_counts,2303,0.87838
PBMC,464,0.0054682,PCA,protein_counts,2701,0.86025
PBMC,464,0.0054682,RandomProjection,protein_counts,42,0.41653
PBMC,464,0.0054682,RandomProjection,protein_counts,2303,0.38736
PBMC,464,0.0054682,RandomProjection,protein_counts,2701,0.41653
PBMC,464,0.0054682,SCVI,protein_counts,42,1.19063
PBMC,464,0.0054682,SCVI,protein_counts,2303,1.12694
PBMC,464,0.0054682,SCVI,protein_counts,2701,1.15845
PBMC,464,0.0115083,Geneformer,protein_counts,42,1.90793
PBMC,464,0.0115083,Geneformer,protein_counts,2303,1.86318
PBMC,464,0.0115083,Geneformer,protein_counts,2701,1.857
PBMC,464,0.0115083,PCA,protein_counts,42,1.25072
PBMC,464,0.0115083,PCA,protein_counts,2303,1.27693
PBMC,464,0.0115083,PCA,protein_counts,2701,1.29257
PBMC,464,0.0115083,RandomProjection,protein_counts,42,0.6329
PBMC,464,0.0115083,RandomProjection,protein_counts,2303,0.65149
PBMC,464,0.0115083,RandomProjection,protein_counts,2701,0.6329
PBMC,464,0.0115083,SCVI,protein_counts,42,1.65763
PBMC,464,0.0115083,SCVI,protein_counts,2303,1.66967
PBMC,464,0.0115083,SCVI,protein_counts,2701,1.64536
PBMC,464,0.02422,Geneformer,protein_counts,42,2.19568
PBMC,464,0.02422,Geneformer,protein_counts,2303,2.14901
PBMC,464,0.02422,Geneformer,protein_counts,2701,2.18294
PBMC,464,0.02422,PCA,protein_counts,42,1.84157
PBMC,464,0.02422,PCA,protein_counts,2303,1.74832
PBMC,464,0.02422,PCA,protein_counts,2701,1.81043
PBMC,464,0.02422,RandomProjection,protein_counts,42,1.01817
PBMC,464,0.02422,RandomProjection,protein_counts,2303,1.02923
PBMC,464,0.02422,RandomProjection,protein_counts,2701,1.01817
PBMC,464,0.02422,SCVI,protein_counts,42,2.13545
PBMC,464,0.02422,SCVI,protein_counts,2303,2.09304
PBMC,464,0.02422,SCVI,protein_counts,2701,2.13245
PBMC,464,0.050973,Geneformer,protein_counts,42,2.39485
PBMC,464,0.050973,Geneformer,protein_counts,2303,2.36256
PBMC,464,0.050973,Geneformer,protein_counts,2701,2.41
PBMC,464,0.050973,PCA,protein_counts,42,2.23425
PBMC,464,0.050973,PCA,protein_counts,2303,2.21376
PBMC,464,0.050973,PCA,protein_counts,2701,2.29167
PBMC,464,0.050973,RandomProjection,protein_counts,42,1.46463
PBMC,464,0.050973,RandomProjection,protein_counts,2303,1.47537
PBMC,464,0.050973,RandomProjection,protein_counts,2701,1.46463
PBMC,464,0.050973,SCVI,protein_counts,42,2.63832
PBMC,464,0.050973,SCVI,protein_counts,2303,2.61683
PBMC,464,0.050973,SCVI,protein_counts,2701,2.61145
PBMC,464,0.1072766,Geneformer,protein_counts,42,2.53518
PBMC,464,0.1072766,Geneformer,protein_counts,2303,2.52382
PBMC,464,0.1072766,Geneformer,protein_counts,2701,2.49777
PBMC,464,0.1072766,PCA,protein_counts,42,2.59968
PBMC,464,0.1072766,PCA,protein_counts,2303,2.54185
PBMC,464,0.1072766,PCA,protein_counts,2701,2.5933
PBMC,464,0.1072766,RandomProjection,protein_counts,42,1.87921
PBMC,464,0.1072766,RandomProjection,protein_counts,2303,1.93615
PBMC,464,0.1072766,RandomProjection,protein_counts,2701,1.87921
PBMC,464,0.1072766,SCVI,protein_counts,42,2.79211
PBMC,464,0.1072766,SCVI,protein_counts,2303,2.94326
PBMC,464,0.1072766,SCVI,protein_counts,2701,2.93202
PBMC,464,0.225772,Geneformer,protein_counts,42,2.58523
PBMC,464,0.225772,Geneformer,protein_counts,2303,2.44055
PBMC,464,0.225772,Geneformer,protein_counts,2701,2.29091
PBMC,464,0.225772,PCA,protein_counts,42,2.91394
PBMC,464,0.225772,PCA,protein_counts,2303,2.9232
PBMC,464,0.225772,PCA,protein_counts,2701,2.942
PBMC,464,0.225772,RandomProjection,protein_counts,42,2.34458
PBMC,464,0.225772,RandomProjection,protein_counts,2303,2.30841
PBMC,464,0.225772,RandomProjection,protein_counts,2701,2.34458
PBMC,464,0.225772,SCVI,protein_counts,42,2.96634
PBMC,464,0.225772,SCVI,protein_counts,2303,2.52102
PBMC,464,0.225772,SCVI,protein_counts,2701,2.64744
PBMC,464,0.4751547,Geneformer,protein_counts,42,2.93756
PBMC,464,0.4751547,Geneformer,protein_counts,2303,2.98806
PBMC,464,0.4751547,Geneformer,protein_counts,2701,2.94467
PBMC,464,0.4751547,PCA,protein_counts,42,3.28967
PBMC,464,0.4751547,PCA,protein_counts,2303,3.32751
PBMC,464,0.4751547,PCA,protein_counts,2701,3.36313
PBMC,464,0.4751547,RandomProjection,protein_counts,42,2.62211
PBMC,464,0.4751547,RandomProjection,protein_counts,2303,2.61263
PBMC,464,0.4751547,RandomProjection,protein_counts,2701,2.62211
PBMC,464,0.4751547,SCVI,protein_counts,42,2.86707
PBMC,464,0.4751547,SCVI,protein_counts,2303,2.94705
PBMC,464,0.4751547,SCVI,protein_counts,2701,2.69833
PBMC,464,1.0,Geneformer,protein_counts,42,3.01741
PBMC,464,1.0,Geneformer,protein_counts,2303,3.04693
PBMC,464,1.0,Geneformer,protein_counts,2701,3.0653
PBMC,464,1.0,PCA,protein_counts,42,3.71504
PBMC,464,1.0,PCA,protein_counts,2303,3.65544
PBMC,464,1.0,PCA,protein_counts,2701,3.74268
PBMC,464,1.0,RandomProjection,protein_counts,42,2.8748
PBMC,464,1.0,RandomProjection,protein_counts,2303,2.86534
PBMC,464,1.0,RandomProjection,protein_counts,2701,2.8748
PBMC,464,1.0,SCVI,protein_counts,42,2.88246
PBMC,464,1.0,SCVI,protein_counts,2303,3.05632
PBMC,464,1.0,SCVI,protein_counts,2701,3.0238
PBMC,1000,0.0012346,Geneformer,protein_counts,42,0.76037
PBMC,1000,0.0012346,Geneformer,protein_counts,2303,0.79263
PBMC,1000,0.0012346,Geneformer,protein_counts,2701,0.76369
PBMC,1000,0.0012346,PCA,protein_counts,42,0.36064
PBMC,1000,0.0012346,PCA,protein_counts,2303,0.37588
PBMC,1000,0.0012346,PCA,protein_counts,2701,0.36434
PBMC,1000,0.0012346,RandomProjection,protein_counts,42,0.25169
PBMC,1000,0.0012346,RandomProjection,protein_counts,2303,0.24459
PBMC,1000,0.0012346,RandomProjection,protein_counts,2701,0.25169
PBMC,1000,0.0012346,SCVI,protein_counts,42,0.27385
PBMC,1000,0.0012346,SCVI,protein_counts,2303,0.39628
PBMC,1000,0.0012346,SCVI,protein_counts,2701,0.37406
PBMC,1000,0.0025982,Geneformer,protein_counts,42,1.24684
PBMC,1000,0.0025982,Geneformer,protein_counts,2303,1.15643
PBMC,1000,0.0025982,Geneformer,protein_counts,2701,1.16022
PBMC,1000,0.0025982,PCA,protein_counts,42,0.59182
PBMC,1000,0.0025982,PCA,protein_counts,2303,0.56292
PBMC,1000,0.0025982,PCA,protein_counts,2701,0.59692
PBMC,1000,0.0025982,RandomProjection,protein_counts,42,0.2752
PBMC,1000,0.0025982,RandomProjection,protein_counts,2303,0.28246
PBMC,1000,0.0025982,RandomProjection,protein_counts,2701,0.2752
PBMC,1000,0.0025982,SCVI,protein_counts,42,0.73073
PBMC,1000,0.0025982,SCVI,protein_counts,2303,0.68891
PBMC,1000,0.0025982,SCVI,protein_counts,2701,0.71362
PBMC,1000,0.0054682,Geneformer,protein_counts,42,1.55189
PBMC,1000,0.0054682,Geneformer,protein_counts,2303,1.55412
PBMC,1000,0.0054682,Geneformer,protein_counts,2701,1.59259
PBMC,1000,0.0054682,PCA,protein_counts,42,0.90493
PBMC,1000,0.0054682,PCA,protein_counts,2303,0.91586
PBMC,1000,0.0054682,PCA,protein_counts,2701,0.88877
PBMC,1000,0.0054682,RandomProjection,protein_counts,42,0.41653
PBMC,1000,0.0054682,RandomProjection,protein_counts,2303,0.38736
PBMC,1000,0.0054682,RandomProjection,protein_counts,2701,0.41653
PBMC,1000,0.0054682,SCVI,protein_counts,42,1.24032
PBMC,1000,0.0054682,SCVI,protein_counts,2303,1.15943
PBMC,1000,0.0054682,SCVI,protein_counts,2701,1.18956
PBMC,1000,0.0115083,Geneformer,protein_counts,42,1.97629
PBMC,1000,0.0115083,Geneformer,protein_counts,2303,1.96632
PBMC,1000,0.0115083,Geneformer,protein_counts,2701,1.94319
PBMC,1000,0.0115083,PCA,protein_counts,42,1.34258
PBMC,1000,0.0115083,PCA,protein_counts,2303,1.269
PBMC,1000,0.0115083,PCA,protein_counts,2701,1.34263
PBMC,1000,0.0115083,RandomProjection,protein_counts,42,0.6329
PBMC,1000,0.0115083,RandomProjection,protein_counts,2303,0.65149
PBMC,1000,0.0115083,RandomProjection,protein_counts,2701,0.6329
PBMC,1000,0.0115083,SCVI,protein_counts,42,1.7418
PBMC,1000,0.0115083,SCVI,protein_counts,2303,1.68983
PBMC,1000,0.0115083,SCVI,protein_counts,2701,1.72415
PBMC,1000,0.02422,Geneformer,protein_counts,42,2.26098
PBMC,1000,0.02422,Geneformer,protein_counts,2303,2.32081
PBMC,1000,0.02422,Geneformer,protein_counts,2701,2.40661
PBMC,1000,0.02422,PCA,protein_counts,42,1.86077
PBMC,1000,0.02422,PCA,protein_counts,2303,1.77721
PBMC,1000,0.02422,PCA,protein_counts,2701,1.74808
PBMC,1000,0.02422,RandomProjection,protein_counts,42,1.01817
PBMC,1000,0.02422,RandomProjection,protein_counts,2303,1.02923
PBMC,1000,0.02422,RandomProjection,protein_counts,2701,1.01817
PBMC,1000,0.02422,SCVI,protein_counts,42,2.30099
PBMC,1000,0.02422,SCVI,protein_counts,2303,2.19415
PBMC,1000,0.02422,SCVI,protein_counts,2701,2.18957
PBMC,1000,0.050973,Geneformer,protein_counts,42,2.67776
PBMC,1000,0.050973,Geneformer,protein_counts,2303,2.77168
PBMC,1000,0.050973,Geneformer,protein_counts,2701,2.80648
PBMC,1000,0.050973,PCA,protein_counts,42,2.21274
PBMC,1000,0.050973,PCA,protein_counts,2303,2.19709
PBMC,1000,0.050973,PCA,protein_counts,2701,2.27499
PBMC,1000,0.050973,RandomProjection,protein_counts,42,1.46463
PBMC,1000,0.050973,RandomProjection,protein_counts,2303,1.47537
PBMC,1000,0.050973,RandomProjection,protein_counts,2701,1.46463
PBMC,1000,0.050973,SCVI,protein_counts,42,2.82736
PBMC,1000,0.050973,SCVI,protein_counts,2303,2.78748
PBMC,1000,0.050973,SCVI,protein_counts,2701,2.87518
PBMC,1000,0.1072766,Geneformer,protein_counts,42,2.83137
PBMC,1000,0.1072766,Geneformer,protein_counts,2303,2.89144
PBMC,1000,0.1072766,Geneformer,protein_counts,2701,2.89372
PBMC,1000,0.1072766,PCA,protein_counts,42,2.63862
PBMC,1000,0.1072766,PCA,protein_counts,2303,2.60958
PBMC,1000,0.1072766,PCA,protein_counts,2701,2.60401
PBMC,1000,0.1072766,RandomProjection,protein_counts,42,1.87921
PBMC,1000,0.1072766,RandomProjection,protein_counts,2303,1.93615
PBMC,1000,0.1072766,RandomProjection,protein_counts,2701,1.87921
PBMC,1000,0.1072766,SCVI,protein_counts,42,2.8754
PBMC,1000,0.1072766,SCVI,protein_counts,2303,2.96127
PBMC,1000,0.1072766,SCVI,protein_counts,2701,2.89662
PBMC,1000,0.225772,Geneformer,protein_counts,42,2.98815
PBMC,1000,0.225772,Geneformer,protein_counts,2303,2.94119
PBMC,1000,0.225772,Geneformer,protein_counts,2701,3.0451
PBMC,1000,0.225772,PCA,protein_counts,42,2.92853
PBMC,1000,0.225772,PCA,protein_counts,2303,2.92476
PBMC,1000,0.225772,PCA,protein_counts,2701,2.95214
PBMC,1000,0.225772,RandomProjection,protein_counts,42,2.34458
PBMC,1000,0.225772,RandomProjection,protein_counts,2303,2.30841
PBMC,1000,0.225772,RandomProjection,protein_counts,2701,2.34458
PBMC,1000,0.225772,SCVI,protein_counts,42,2.78043
PBMC,1000,0.225772,SCVI,protein_counts,2303,2.91891
PBMC,1000,0.225772,SCVI,protein_counts,2701,2.91959
PBMC,1000,0.4751547,Geneformer,protein_counts,42,3.30545
PBMC,1000,0.4751547,Geneformer,protein_counts,2303,2.92727
PBMC,1000,0.4751547,Geneformer,protein_counts,2701,2.79674
PBMC,1000,0.4751547,PCA,protein_counts,42,3.41794
PBMC,1000,0.4751547,PCA,protein_counts,2303,3.41581
PBMC,1000,0.4751547,PCA,protein_counts,2701,3.51724
PBMC,1000,0.4751547,RandomProjection,protein_counts,42,2.62211
PBMC,1000,0.4751547,RandomProjection,protein_counts,2303,2.61263
PBMC,1000,0.4751547,RandomProjection,protein_counts,2701,2.62211
PBMC,1000,0.4751547,SCVI,protein_counts,42,2.52969
PBMC,1000,0.4751547,SCVI,protein_counts,2303,2.62013
PBMC,1000,0.4751547,SCVI,protein_counts,2701,2.72573
PBMC,1000,1.0,Geneformer,protein_counts,42,3.47996
PBMC,1000,1.0,Geneformer,protein_counts,2303,3.28075
PBMC,1000,1.0,Geneformer,protein_counts,2701,3.29869
PBMC,1000,1.0,PCA,protein_counts,42,3.75497
PBMC,1000,1.0,PCA,protein_counts,2303,3.78066
PBMC,1000,1.0,PCA,protein_counts,2701,3.77536
PBMC,1000,1.0,RandomProjection,protein_counts,42,2.8748
PBMC,1000,1.0,RandomProjection,protein_counts,2303,2.86534
PBMC,1000,1.0,RandomProjection,protein_counts,2701,2.8748
PBMC,1000,1.0,SCVI,protein_counts,42,3.10363
PBMC,1000,1.0,SCVI,protein_counts,2303,2.89013
PBMC,1000,1.0,SCVI,protein_counts,2701,2.83659
PBMC,2154,0.0012346,Geneformer,protein_counts,42,0.77921
PBMC,2154,0.0012346,Geneformer,protein_counts,2303,0.73143
PBMC,2154,0.0012346,Geneformer,protein_counts,2701,0.78738
PBMC,2154,0.0012346,PCA,protein_counts,42,0.35746
PBMC,2154,0.0012346,PCA,protein_counts,2303,0.37792
PBMC,2154,0.0012346,PCA,protein_counts,2701,0.35547
PBMC,2154,0.0012346,RandomProjection,protein_counts,42,0.25169
PBMC,2154,0.0012346,RandomProjection,protein_counts,2303,0.24459
PBMC,2154,0.0012346,RandomProjection,protein_counts,2701,0.25169
PBMC,2154,0.0012346,SCVI,protein_counts,42,0.44744
PBMC,2154,0.0012346,SCVI,protein_counts,2303,0.43407
PBMC,2154,0.0012346,SCVI,protein_counts,2701,0.4166
PBMC,2154,0.0025982,Geneformer,protein_counts,42,1.13066
PBMC,2154,0.0025982,Geneformer,protein_counts,2303,1.14298
PBMC,2154,0.0025982,Geneformer,protein_counts,2701,1.15204
PBMC,2154,0.0025982,PCA,protein_counts,42,0.60423
PBMC,2154,0.0025982,PCA,protein_counts,2303,0.57706
PBMC,2154,0.0025982,PCA,protein_counts,2701,0.57238
PBMC,2154,0.0025982,RandomProjection,protein_counts,42,0.2752
PBMC,2154,0.0025982,RandomProjection,protein_counts,2303,0.28246
PBMC,2154,0.0025982,RandomProjection,protein_counts,2701,0.2752
PBMC,2154,0.0025982,SCVI,protein_counts,42,0.85578
PBMC,2154,0.0025982,SCVI,protein_counts,2303,0.80558
PBMC,2154,0.0025982,SCVI,protein_counts,2701,0.83323
PBMC,2154,0.0054682,Geneformer,protein_counts,42,1.59711
PBMC,2154,0.0054682,Geneformer,protein_counts,2303,1.629
PBMC,2154,0.0054682,Geneformer,protein_counts,2701,1.61094
PBMC,2154,0.0054682,PCA,protein_counts,42,0.85207
PBMC,2154,0.0054682,PCA,protein_counts,2303,0.85532
PBMC,2154,0.0054682,PCA,protein_counts,2701,0.90382
PBMC,2154,0.0054682,RandomProjection,protein_counts,42,0.41653
PBMC,2154,0.0054682,RandomProjection,protein_counts,2303,0.38736
PBMC,2154,0.0054682,RandomProjection,protein_counts,2701,0.41653
PBMC,2154,0.0054682,SCVI,protein_counts,42,1.30222
PBMC,2154,0.0054682,SCVI,protein_counts,2303,1.29656
PBMC,2154,0.0054682,SCVI,protein_counts,2701,1.30249
PBMC,2154,0.0115083,Geneformer,protein_counts,42,2.05038
PBMC,2154,0.0115083,Geneformer,protein_counts,2303,2.00631
PBMC,2154,0.0115083,Geneformer,protein_counts,2701,2.06856
PBMC,2154,0.0115083,PCA,protein_counts,42,1.3436
PBMC,2154,0.0115083,PCA,protein_counts,2303,1.36018
PBMC,2154,0.0115083,PCA,protein_counts,2701,1.33065
PBMC,2154,0.0115083,RandomProjection,protein_counts,42,0.6329
PBMC,2154,0.0115083,RandomProjection,protein_counts,2303,0.65149
PBMC,2154,0.0115083,RandomProjection,protein_counts,2701,0.6329
PBMC,2154,0.0115083,SCVI,protein_counts,42,1.88651
PBMC,2154,0.0115083,SCVI,protein_counts,2303,1.90641
PBMC,2154,0.0115083,SCVI,protein_counts,2701,1.9093
PBMC,2154,0.02422,Geneformer,protein_counts,42,2.40653
PBMC,2154,0.02422,Geneformer,protein_counts,2303,2.39148
PBMC,2154,0.02422,Geneformer,protein_counts,2701,2.37251
PBMC,2154,0.02422,PCA,protein_counts,42,1.81363
PBMC,2154,0.02422,PCA,protein_counts,2303,1.74708
PBMC,2154,0.02422,PCA,protein_counts,2701,1.77982
PBMC,2154,0.02422,RandomProjection,protein_counts,42,1.01817
PBMC,2154,0.02422,RandomProjection,protein_counts,2303,1.02923
PBMC,2154,0.02422,RandomProjection,protein_counts,2701,1.01817
PBMC,2154,0.02422,SCVI,protein_counts,42,2.43736
PBMC,2154,0.02422,SCVI,protein_counts,2303,2.32094
PBMC,2154,0.02422,SCVI,protein_counts,2701,2.34517
PBMC,2154,0.050973,Geneformer,protein_counts,42,2.73531
PBMC,2154,0.050973,Geneformer,protein_counts,2303,2.78979
PBMC,2154,0.050973,Geneformer,protein_counts,2701,2.78779
PBMC,2154,0.050973,PCA,protein_counts,42,2.19488
PBMC,2154,0.050973,PCA,protein_counts,2303,2.20007
PBMC,2154,0.050973,PCA,protein_counts,2701,2.16795
PBMC,2154,0.050973,RandomProjection,protein_counts,42,1.46463
PBMC,2154,0.050973,RandomProjection,protein_counts,2303,1.47537
PBMC,2154,0.050973,RandomProjection,protein_counts,2701,1.46463
PBMC,2154,0.050973,SCVI,protein_counts,42,2.91024
PBMC,2154,0.050973,SCVI,protein_counts,2303,2.9947
PBMC,2154,0.050973,SCVI,protein_counts,2701,2.9419
PBMC,2154,0.1072766,Geneformer,protein_counts,42,2.8758
PBMC,2154,0.1072766,Geneformer,protein_counts,2303,3.02724
PBMC,2154,0.1072766,Geneformer,protein_counts,2701,3.00587
PBMC,2154,0.1072766,PCA,protein_counts,42,2.60347
PBMC,2154,0.1072766,PCA,protein_counts,2303,2.56414
PBMC,2154,0.1072766,PCA,protein_counts,2701,2.6481
PBMC,2154,0.1072766,RandomProjection,protein_counts,42,1.87921
PBMC,2154,0.1072766,RandomProjection,protein_counts,2303,1.93615
PBMC,2154,0.1072766,RandomProjection,protein_counts,2701,1.87921
PBMC,2154,0.1072766,SCVI,protein_counts,42,3.34186
PBMC,2154,0.1072766,SCVI,protein_counts,2303,3.08122
PBMC,2154,0.1072766,SCVI,protein_counts,2701,3.09231
PBMC,2154,0.225772,Geneformer,protein_counts,42,3.27588
PBMC,2154,0.225772,Geneformer,protein_counts,2303,3.4225
PBMC,2154,0.225772,Geneformer,protein_counts,2701,3.45145
PBMC,2154,0.225772,PCA,protein_counts,42,2.92309
PBMC,2154,0.225772,PCA,protein_counts,2303,2.94125
PBMC,2154,0.225772,PCA,protein_counts,2701,2.92512
PBMC,2154,0.225772,RandomProjection,protein_counts,42,2.34458
PBMC,2154,0.225772,RandomProjection,protein_counts,2303,2.30841
PBMC,2154,0.225772,RandomProjection,protein_counts,2701,2.34458
PBMC,2154,0.225772,SCVI,protein_counts,42,3.4793
PBMC,2154,0.225772,SCVI,protein_counts,2303,2.8175
PBMC,2154,0.225772,SCVI,protein_counts,2701,2.90027
PBMC,2154,0.4751547,Geneformer,protein_counts,42,3.46163
PBMC,2154,0.4751547,Geneformer,protein_counts,2303,3.29436
PBMC,2154,0.4751547,Geneformer,protein_counts,2701,3.34239
PBMC,2154,0.4751547,PCA,protein_counts,42,3.47422
PBMC,2154,0.4751547,PCA,protein_counts,2303,3.46786
PBMC,2154,0.4751547,PCA,protein_counts,2701,3.4883
PBMC,2154,0.4751547,RandomProjection,protein_counts,42,2.62211
PBMC,2154,0.4751547,RandomProjection,protein_counts,2303,2.61263
PBMC,2154,0.4751547,RandomProjection,protein_counts,2701,2.62211
PBMC,2154,0.4751547,SCVI,protein_counts,42,3.37888
PBMC,2154,0.4751547,SCVI,protein_counts,2303,2.63287
PBMC,2154,0.4751547,SCVI,protein_counts,2701,2.69773
PBMC,2154,1.0,Geneformer,protein_counts,42,3.67016
PBMC,2154,1.0,Geneformer,protein_counts,2303,3.47897
PBMC,2154,1.0,Geneformer,protein_counts,2701,3.46229
PBMC,2154,1.0,PCA,protein_counts,42,3.83449
PBMC,2154,1.0,PCA,protein_counts,2303,3.81772
PBMC,2154,1.0,PCA,protein_counts,2701,3.84027
PBMC,2154,1.0,RandomProjection,protein_counts,42,2.8748
PBMC,2154,1.0,RandomProjection,protein_counts,2303,2.86534
PBMC,2154,1.0,RandomProjection,protein_counts,2701,2.8748
PBMC,2154,1.0,SCVI,protein_counts,42,2.74447
PBMC,2154,1.0,SCVI,protein_counts,2303,2.99965
PBMC,2154,1.0,SCVI,protein_counts,2701,2.92493
PBMC,4641,0.0012346,Geneformer,protein_counts,42,0.77532
PBMC,4641,0.0012346,Geneformer,protein_counts,2303,0.8001
PBMC,4641,0.0012346,Geneformer,protein_counts,2701,0.76531
PBMC,4641,0.0012346,PCA,protein_counts,42,0.35649
PBMC,4641,0.0012346,PCA,protein_counts,2303,0.38055
PBMC,4641,0.0012346,PCA,protein_counts,2701,0.37773
PBMC,4641,0.0012346,RandomProjection,protein_counts,42,0.25169
PBMC,4641,0.0012346,RandomProjection,protein_counts,2303,0.24459
PBMC,4641,0.0012346,RandomProjection,protein_counts,2701,0.25169
PBMC,4641,0.0012346,SCVI,protein_counts,42,0.51411
PBMC,4641,0.0012346,SCVI,protein_counts,2303,0.50499
PBMC,4641,0.0012346,SCVI,protein_counts,2701,0.49364
PBMC,4641,0.0025982,Geneformer,protein_counts,42,1.13218
PBMC,4641,0.0025982,Geneformer,protein_counts,2303,1.13563
PBMC,4641,0.0025982,Geneformer,protein_counts,2701,1.14045
PBMC,4641,0.0025982,PCA,protein_counts,42,0.62018
PBMC,4641,0.0025982,PCA,protein_counts,2303,0.59503
PBMC,4641,0.0025982,PCA,protein_counts,2701,0.60992
PBMC,4641,0.0025982,RandomProjection,protein_counts,42,0.2752
PBMC,4641,0.0025982,RandomProjection,protein_counts,2303,0.28246
PBMC,4641,0.0025982,RandomProjection,protein_counts,2701,0.2752
PBMC,4641,0.0025982,SCVI,protein_counts,42,0.88503
PBMC,4641,0.0025982,SCVI,protein_counts,2303,0.87989
PBMC,4641,0.0025982,SCVI,protein_counts,2701,0.88334
PBMC,4641,0.0054682,Geneformer,protein_counts,42,1.62565
PBMC,4641,0.0054682,Geneformer,protein_counts,2303,1.71208
PBMC,4641,0.0054682,Geneformer,protein_counts,2701,1.65422
PBMC,4641,0.0054682,PCA,protein_counts,42,0.94411
PBMC,4641,0.0054682,PCA,protein_counts,2303,0.88793
PBMC,4641,0.0054682,PCA,protein_counts,2701,0.94862
PBMC,4641,0.0054682,RandomProjection,protein_counts,42,0.41653
PBMC,4641,0.0054682,RandomProjection,protein_counts,2303,0.38736
PBMC,4641,0.0054682,RandomProjection,protein_counts,2701,0.41653
PBMC,4641,0.0054682,SCVI,protein_counts,42,1.38639
PBMC,4641,0.0054682,SCVI,protein_counts,2303,1.39241
PBMC,4641,0.0054682,SCVI,protein_counts,2701,1.42772
PBMC,4641,0.0115083,Geneformer,protein_counts,42,1.96552
PBMC,4641,0.0115083,Geneformer,protein_counts,2303,1.93637
PBMC,4641,0.0115083,Geneformer,protein_counts,2701,1.94782
PBMC,4641,0.0115083,PCA,protein_counts,42,1.38922
PBMC,4641,0.0115083,PCA,protein_counts,2303,1.33674
PBMC,4641,0.0115083,PCA,protein_counts,2701,1.36128
PBMC,4641,0.0115083,RandomProjection,protein_counts,42,0.6329
PBMC,4641,0.0115083,RandomProjection,protein_counts,2303,0.65149
PBMC,4641,0.0115083,RandomProjection,protein_counts,2701,0.6329
PBMC,4641,0.0115083,SCVI,protein_counts,42,1.97875
PBMC,4641,0.0115083,SCVI,protein_counts,2303,1.98531
PBMC,4641,0.0115083,SCVI,protein_counts,2701,1.97438
PBMC,4641,0.02422,Geneformer,protein_counts,42,2.43337
PBMC,4641,0.02422,Geneformer,protein_counts,2303,2.38077
PBMC,4641,0.02422,Geneformer,protein_counts,2701,2.39712
PBMC,4641,0.02422,PCA,protein_counts,42,1.84139
PBMC,4641,0.02422,PCA,protein_counts,2303,1.79272
PBMC,4641,0.02422,PCA,protein_counts,2701,1.80194
PBMC,4641,0.02422,RandomProjection,protein_counts,42,1.01817
PBMC,4641,0.02422,RandomProjection,protein_counts,2303,1.02923
PBMC,4641,0.02422,RandomProjection,protein_counts,2701,1.01817
PBMC,4641,0.02422,SCVI,protein_counts,42,2.49632
PBMC,4641,0.02422,SCVI,protein_counts,2303,2.41647
PBMC,4641,0.02422,SCVI,protein_counts,2701,2.46565
PBMC,4641,0.050973,Geneformer,protein_counts,42,2.77326
PBMC,4641,0.050973,Geneformer,protein_counts,2303,2.82454
PBMC,4641,0.050973,Geneformer,protein_counts,2701,2.86859
PBMC,4641,0.050973,PCA,protein_counts,42,2.25529
PBMC,4641,0.050973,PCA,protein_counts,2303,2.21225
PBMC,4641,0.050973,PCA,protein_counts,2701,2.25742
PBMC,4641,0.050973,RandomProjection,protein_counts,42,1.46463
PBMC,4641,0.050973,RandomProjection,protein_counts,2303,1.47537
PBMC,4641,0.050973,RandomProjection,protein_counts,2701,1.46463
PBMC,4641,0.050973,SCVI,protein_counts,42,3.0148
PBMC,4641,0.050973,SCVI,protein_counts,2303,3.15554
PBMC,4641,0.050973,SCVI,protein_counts,2701,3.14243
PBMC,4641,0.1072766,Geneformer,protein_counts,42,3.08008
PBMC,4641,0.1072766,Geneformer,protein_counts,2303,3.18252
PBMC,4641,0.1072766,Geneformer,protein_counts,2701,3.28698
PBMC,4641,0.1072766,PCA,protein_counts,42,2.6269
PBMC,4641,0.1072766,PCA,protein_counts,2303,2.64263
PBMC,4641,0.1072766,PCA,protein_counts,2701,2.66038
PBMC,4641,0.1072766,RandomProjection,protein_counts,42,1.87921
PBMC,4641,0.1072766,RandomProjection,protein_counts,2303,1.93615
PBMC,4641,0.1072766,RandomProjection,protein_counts,2701,1.87921
PBMC,4641,0.1072766,SCVI,protein_counts,42,3.51257
PBMC,4641,0.1072766,SCVI,protein_counts,2303,3.34458
PBMC,4641,0.1072766,SCVI,protein_counts,2701,3.31891
PBMC,4641,0.225772,Geneformer,protein_counts,42,3.39732
PBMC,4641,0.225772,Geneformer,protein_counts,2303,3.3622
PBMC,4641,0.225772,Geneformer,protein_counts,2701,3.45245
PBMC,4641,0.225772,PCA,protein_counts,42,3.03909
PBMC,4641,0.225772,PCA,protein_counts,2303,3.04437
PBMC,4641,0.225772,PCA,protein_counts,2701,3.10899
PBMC,4641,0.225772,RandomProjection,protein_counts,42,2.34458
PBMC,4641,0.225772,RandomProjection,protein_counts,2303,2.30841
PBMC,4641,0.225772,RandomProjection,protein_counts,2701,2.34458
PBMC,4641,0.225772,SCVI,protein_counts,42,3.88475
PBMC,4641,0.225772,SCVI,protein_counts,2303,3.77916
PBMC,4641,0.225772,SCVI,protein_counts,2701,3.74708
PBMC,4641,0.4751547,Geneformer,protein_counts,42,3.53179
PBMC,4641,0.4751547,Geneformer,protein_counts,2303,3.41429
PBMC,4641,0.4751547,Geneformer,protein_counts,2701,3.43029
PBMC,4641,0.4751547,PCA,protein_counts,42,3.51504
PBMC,4641,0.4751547,PCA,protein_counts,2303,3.43102
PBMC,4641,0.4751547,PCA,protein_counts,2701,3.52888
PBMC,4641,0.4751547,RandomProjection,protein_counts,42,2.62211
PBMC,4641,0.4751547,RandomProjection,protein_counts,2303,2.61263
PBMC,4641,0.4751547,RandomProjection,protein_counts,2701,2.62211
PBMC,4641,0.4751547,SCVI,protein_counts,42,3.80356
PBMC,4641,0.4751547,SCVI,protein_counts,2303,3.43045
PBMC,4641,0.4751547,SCVI,protein_counts,2701,3.43762
PBMC,4641,1.0,Geneformer,protein_counts,42,3.6742
PBMC,4641,1.0,Geneformer,protein_counts,2303,3.71309
PBMC,4641,1.0,Geneformer,protein_counts,2701,3.63939
PBMC,4641,1.0,PCA,protein_counts,42,3.84523
PBMC,4641,1.0,PCA,protein_counts,2303,3.82068
PBMC,4641,1.0,PCA,protein_counts,2701,3.90223
PBMC,4641,1.0,RandomProjection,protein_counts,42,2.8748
PBMC,4641,1.0,RandomProjection,protein_counts,2303,2.86534
PBMC,4641,1.0,RandomProjection,protein_counts,2701,2.8748
PBMC,4641,1.0,SCVI,protein_counts,42,4.01302
PBMC,4641,1.0,SCVI,protein_counts,2303,3.52856
PBMC,4641,1.0,SCVI,protein_counts,2701,3.40132
PBMC,10000,0.0012346,Geneformer,protein_counts,42,0.8182
PBMC,10000,0.0012346,Geneformer,protein_counts,2303,0.74139
PBMC,10000,0.0012346,Geneformer,protein_counts,2701,0.79922
PBMC,10000,0.0012346,PCA,protein_counts,42,0.36936
PBMC,10000,0.0012346,PCA,protein_counts,2303,0.37477
PBMC,10000,0.0012346,PCA,protein_counts,2701,0.3958
PBMC,10000,0.0012346,RandomProjection,protein_counts,42,0.25169
PBMC,10000,0.0012346,RandomProjection,protein_counts,2303,0.24459
PBMC,10000,0.0012346,RandomProjection,protein_counts,2701,0.25169
PBMC,10000,0.0012346,SCVI,protein_counts,42,0.60827
PBMC,10000,0.0012346,SCVI,protein_counts,2303,0.589
PBMC,10000,0.0012346,SCVI,protein_counts,2701,0.61606
PBMC,10000,0.0025982,Geneformer,protein_counts,42,1.23127
PBMC,10000,0.0025982,Geneformer,protein_counts,2303,1.21295
PBMC,10000,0.0025982,Geneformer,protein_counts,2701,1.17864
PBMC,10000,0.0025982,PCA,protein_counts,42,0.64231
PBMC,10000,0.0025982,PCA,protein_counts,2303,0.6092
PBMC,10000,0.0025982,PCA,protein_counts,2701,0.59052
PBMC,10000,0.0025982,RandomProjection,protein_counts,42,0.2752
PBMC,10000,0.0025982,RandomProjection,protein_counts,2303,0.28246
PBMC,10000,0.0025982,RandomProjection,protein_counts,2701,0.2752
PBMC,10000,0.0025982,SCVI,protein_counts,42,0.99584
PBMC,10000,0.0025982,SCVI,protein_counts,2303,0.9361
PBMC,10000,0.0025982,SCVI,protein_counts,2701,0.94512
PBMC,10000,0.0054682,Geneformer,protein_counts,42,1.64038
PBMC,10000,0.0054682,Geneformer,protein_counts,2303,1.64681
PBMC,10000,0.0054682,Geneformer,protein_counts,2701,1.64614
PBMC,10000,0.0054682,PCA,protein_counts,42,0.97133
PBMC,10000,0.0054682,PCA,protein_counts,2303,0.92384
PBMC,10000,0.0054682,PCA,protein_counts,2701,0.94339
PBMC,10000,0.0054682,RandomProjection,protein_counts,42,0.41653
PBMC,10000,0.0054682,RandomProjection,protein_counts,2303,0.38736
PBMC,10000,0.0054682,RandomProjection,protein_counts,2701,0.41653
PBMC,10000,0.0054682,SCVI,protein_counts,42,1.4642
PBMC,10000,0.0054682,SCVI,protein_counts,2303,1.50556
PBMC,10000,0.0054682,SCVI,protein_counts,2701,1.5375
PBMC,10000,0.0115083,Geneformer,protein_counts,42,2.08899
PBMC,10000,0.0115083,Geneformer,protein_counts,2303,2.0837
PBMC,10000,0.0115083,Geneformer,protein_counts,2701,2.01032
PBMC,10000,0.0115083,PCA,protein_counts,42,1.35588
PBMC,10000,0.0115083,PCA,protein_counts,2303,1.40945
PBMC,10000,0.0115083,PCA,protein_counts,2701,1.38965
PBMC,10000,0.0115083,RandomProjection,protein_counts,42,0.6329
PBMC,10000,0.0115083,RandomProjection,protein_counts,2303,0.65149
PBMC,10000,0.0115083,RandomProjection,protein_counts,2701,0.6329
PBMC,10000,0.0115083,SCVI,protein_counts,42,2.03442
PBMC,10000,0.0115083,SCVI,protein_counts,2303,2.0607
PBMC,10000,0.0115083,SCVI,protein_counts,2701,2.07617
PBMC,10000,0.02422,Geneformer,protein_counts,42,2.65608
PBMC,10000,0.02422,Geneformer,protein_counts,2303,2.55878
PBMC,10000,0.02422,Geneformer,protein_counts,2701,2.55946
PBMC,10000,0.02422,PCA,protein_counts,42,1.7771
PBMC,10000,0.02422,PCA,protein_counts,2303,1.7622
PBMC,10000,0.02422,PCA,protein_counts,2701,1.80473
PBMC,10000,0.02422,RandomProjection,protein_counts,42,1.01817
PBMC,10000,0.02422,RandomProjection,protein_counts,2303,1.02923
PBMC,10000,0.02422,RandomProjection,protein_counts,2701,1.01817
PBMC,10000,0.02422,SCVI,protein_counts,42,2.54477
PBMC,10000,0.02422,SCVI,protein_counts,2303,2.56935
PBMC,10000,0.02422,SCVI,protein_counts,2701,2.59123
PBMC,10000,0.050973,Geneformer,protein_counts,42,2.82387
PBMC,10000,0.050973,Geneformer,protein_counts,2303,2.79409
PBMC,10000,0.050973,Geneformer,protein_counts,2701,2.8844
PBMC,10000,0.050973,PCA,protein_counts,42,2.28949
PBMC,10000,0.050973,PCA,protein_counts,2303,2.20982
PBMC,10000,0.050973,PCA,protein_counts,2701,2.26024
PBMC,10000,0.050973,RandomProjection,protein_counts,42,1.46463
PBMC,10000,0.050973,RandomProjection,protein_counts,2303,1.47537
PBMC,10000,0.050973,RandomProjection,protein_counts,2701,1.46463
PBMC,10000,0.050973,SCVI,protein_counts,42,3.22285
PBMC,10000,0.050973,SCVI,protein_counts,2303,3.17955
PBMC,10000,0.050973,SCVI,protein_counts,2701,3.19441
PBMC,10000,0.1072766,Geneformer,protein_counts,42,3.03608
PBMC,10000,0.1072766,Geneformer,protein_counts,2303,3.08755
PBMC,10000,0.1072766,Geneformer,protein_counts,2701,3.15758
PBMC,10000,0.1072766,PCA,protein_counts,42,2.57271
PBMC,10000,0.1072766,PCA,protein_counts,2303,2.64654
PBMC,10000,0.1072766,PCA,protein_counts,2701,2.66314
PBMC,10000,0.1072766,RandomProjection,protein_counts,42,1.87921
PBMC,10000,0.1072766,RandomProjection,protein_counts,2303,1.93615
PBMC,10000,0.1072766,RandomProjection,protein_counts,2701,1.87921
PBMC,10000,0.1072766,SCVI,protein_counts,42,3.62326
PBMC,10000,0.1072766,SCVI,protein_counts,2303,3.64502
PBMC,10000,0.1072766,SCVI,protein_counts,2701,3.65203
PBMC,10000,0.225772,Geneformer,protein_counts,42,3.47204
PBMC,10000,0.225772,Geneformer,protein_counts,2303,3.44443
PBMC,10000,0.225772,Geneformer,protein_counts,2701,3.50321
PBMC,10000,0.225772,PCA,protein_counts,42,2.92763
PBMC,10000,0.225772,PCA,protein_counts,2303,2.96124
PBMC,10000,0.225772,PCA,protein_counts,2701,2.99061
PBMC,10000,0.225772,RandomProjection,protein_counts,42,2.34458
PBMC,10000,0.225772,RandomProjection,protein_counts,2303,2.30841
PBMC,10000,0.225772,RandomProjection,protein_counts,2701,2.34458
PBMC,10000,0.225772,SCVI,protein_counts,42,3.9567
PBMC,10000,0.225772,SCVI,protein_counts,2303,3.89086
PBMC,10000,0.225772,SCVI,protein_counts,2701,3.94907
PBMC,10000,0.4751547,Geneformer,protein_counts,42,3.53462
PBMC,10000,0.4751547,Geneformer,protein_counts,2303,3.44547
PBMC,10000,0.4751547,Geneformer,protein_counts,2701,3.50801
PBMC,10000,0.4751547,PCA,protein_counts,42,3.49302
PBMC,10000,0.4751547,PCA,protein_counts,2303,3.47423
PBMC,10000,0.4751547,PCA,protein_counts,2701,3.51609
PBMC,10000,0.4751547,RandomProjection,protein_counts,42,2.62211
PBMC,10000,0.4751547,RandomProjection,protein_counts,2303,2.61263
PBMC,10000,0.4751547,RandomProjection,protein_counts,2701,2.62211
PBMC,10000,0.4751547,SCVI,protein_counts,42,4.06118
PBMC,10000,0.4751547,SCVI,protein_counts,2303,3.65811
PBMC,10000,0.4751547,SCVI,protein_counts,2701,3.54832
PBMC,10000,1.0,Geneformer,protein_counts,42,3.76199
PBMC,10000,1.0,Geneformer,protein_counts,2303,3.66064
PBMC,10000,1.0,Geneformer,protein_counts,2701,3.72176
PBMC,10000,1.0,PCA,protein_counts,42,3.80813
PBMC,10000,1.0,PCA,protein_counts,2303,3.7949
PBMC,10000,1.0,PCA,protein_counts,2701,3.83323
PBMC,10000,1.0,RandomProjection,protein_counts,42,2.8748
PBMC,10000,1.0,RandomProjection,protein_counts,2303,2.86534
PBMC,10000,1.0,RandomProjection,protein_counts,2701,2.8748
PBMC,10000,1.0,SCVI,protein_counts,42,4.69221
PBMC,10000,1.0,SCVI,protein_counts,2303,4.35325
PBMC,10000,1.0,SCVI,protein_counts,2701,4.31241
PBMC,21544,0.0012346,Geneformer,protein_counts,42,0.80539
PBMC,21544,0.0012346,Geneformer,protein_counts,2303,0.85821
PBMC,21544,0.0012346,Geneformer,protein_counts,2701,0.78985
PBMC,21544,0.0012346,PCA,protein_counts,42,0.362
PBMC,21544,0.0012346,PCA,protein_counts,2303,0.39499
PBMC,21544,0.0012346,PCA,protein_counts,2701,0.38347
PBMC,21544,0.0012346,RandomProjection,protein_counts,42,0.25169
PBMC,21544,0.0012346,RandomProjection,protein_counts,2303,0.24459
PBMC,21544,0.0012346,RandomProjection,protein_counts,2701,0.25169
PBMC,21544,0.0012346,SCVI,protein_counts,42,0.67433
PBMC,21544,0.0012346,SCVI,protein_counts,2303,0.63966
PBMC,21544,0.0012346,SCVI,protein_counts,2701,0.64911
PBMC,21544,0.0025982,Geneformer,protein_counts,42,1.22408
PBMC,21544,0.0025982,Geneformer,protein_counts,2303,1.25038
PBMC,21544,0.0025982,Geneformer,protein_counts,2701,1.20143
PBMC,21544,0.0025982,PCA,protein_counts,42,0.63152
PBMC,21544,0.0025982,PCA,protein_counts,2303,0.61432
PBMC,21544,0.0025982,PCA,protein_counts,2701,0.60145
PBMC,21544,0.0025982,RandomProjection,protein_counts,42,0.2752
PBMC,21544,0.0025982,RandomProjection,protein_counts,2303,0.28246
PBMC,21544,0.0025982,RandomProjection,protein_counts,2701,0.2752
PBMC,21544,0.0025982,SCVI,protein_counts,42,1.07265
PBMC,21544,0.0025982,SCVI,protein_counts,2303,1.09066
PBMC,21544,0.0025982,SCVI,protein_counts,2701,1.09292
PBMC,21544,0.0054682,Geneformer,protein_counts,42,1.69273
PBMC,21544,0.0054682,Geneformer,protein_counts,2303,1.74671
PBMC,21544,0.0054682,Geneformer,protein_counts,2701,1.66146
PBMC,21544,0.0054682,PCA,protein_counts,42,0.9367
PBMC,21544,0.0054682,PCA,protein_counts,2303,0.95245
PBMC,21544,0.0054682,PCA,protein_counts,2701,0.94374
PBMC,21544,0.0054682,RandomProjection,protein_counts,42,0.41653
PBMC,21544,0.0054682,RandomProjection,protein_counts,2303,0.38736
PBMC,21544,0.0054682,RandomProjection,protein_counts,2701,0.41653
PBMC,21544,0.0054682,SCVI,protein_counts,42,1.57742
PBMC,21544,0.0054682,SCVI,protein_counts,2303,1.61405
PBMC,21544,0.0054682,SCVI,protein_counts,2701,1.64313
PBMC,21544,0.0115083,Geneformer,protein_counts,42,2.19033
PBMC,21544,0.0115083,Geneformer,protein_counts,2303,2.20631
PBMC,21544,0.0115083,Geneformer,protein_counts,2701,2.22744
PBMC,21544,0.0115083,PCA,protein_counts,42,1.3856
PBMC,21544,0.0115083,PCA,protein_counts,2303,1.3307
PBMC,21544,0.0115083,PCA,protein_counts,2701,1.34386
PBMC,21544,0.0115083,RandomProjection,protein_counts,42,0.6329
PBMC,21544,0.0115083,RandomProjection,protein_counts,2303,0.65149
PBMC,21544,0.0115083,RandomProjection,protein_counts,2701,0.6329
PBMC,21544,0.0115083,SCVI,protein_counts,42,2.08175
PBMC,21544,0.0115083,SCVI,protein_counts,2303,2.18728
PBMC,21544,0.0115083,SCVI,protein_counts,2701,2.17763
PBMC,21544,0.02422,Geneformer,protein_counts,42,2.65636
PBMC,21544,0.02422,Geneformer,protein_counts,2303,2.64206
PBMC,21544,0.02422,Geneformer,protein_counts,2701,2.6928
PBMC,21544,0.02422,PCA,protein_counts,42,1.83031
PBMC,21544,0.02422,PCA,protein_counts,2303,1.79281
PBMC,21544,0.02422,PCA,protein_counts,2701,1.82744
PBMC,21544,0.02422,RandomProjection,protein_counts,42,1.01817
PBMC,21544,0.02422,RandomProjection,protein_counts,2303,1.02923
PBMC,21544,0.02422,RandomProjection,protein_counts,2701,1.01817
PBMC,21544,0.02422,SCVI,protein_counts,42,2.51707
PBMC,21544,0.02422,SCVI,protein_counts,2303,2.67642
PBMC,21544,0.02422,SCVI,protein_counts,2701,2.70222
PBMC,21544,0.050973,Geneformer,protein_counts,42,2.9991
PBMC,21544,0.050973,Geneformer,protein_counts,2303,2.85614
PBMC,21544,0.050973,Geneformer,protein_counts,2701,2.87707
PBMC,21544,0.050973,PCA,protein_counts,42,2.21642
PBMC,21544,0.050973,PCA,protein_counts,2303,2.23798
PBMC,21544,0.050973,PCA,protein_counts,2701,2.28701
PBMC,21544,0.050973,RandomProjection,protein_counts,42,1.46463
PBMC,21544,0.050973,RandomProjection,protein_counts,2303,1.47537
PBMC,21544,0.050973,RandomProjection,protein_counts,2701,1.46463
PBMC,21544,0.050973,SCVI,protein_counts,42,3.07358
PBMC,21544,0.050973,SCVI,protein_counts,2303,3.14104
PBMC,21544,0.050973,SCVI,protein_counts,2701,3.20111
PBMC,21544,0.1072766,Geneformer,protein_counts,42,3.25805
PBMC,21544,0.1072766,Geneformer,protein_counts,2303,3.42259
PBMC,21544,0.1072766,Geneformer,protein_counts,2701,3.39134
PBMC,21544,0.1072766,PCA,protein_counts,42,2.63774
PBMC,21544,0.1072766,PCA,protein_counts,2303,2.62686
PBMC,21544,0.1072766,PCA,protein_counts,2701,2.63448
PBMC,21544,0.1072766,RandomProjection,protein_counts,42,1.87921
PBMC,21544,0.1072766,RandomProjection,protein_counts,2303,1.93615
PBMC,21544,0.1072766,RandomProjection,protein_counts,2701,1.87921
PBMC,21544,0.1072766,SCVI,protein_counts,42,3.53276
PBMC,21544,0.1072766,SCVI,protein_counts,2303,3.74555
PBMC,21544,0.1072766,SCVI,protein_counts,2701,3.80268
PBMC,21544,0.225772,Geneformer,protein_counts,42,3.66557
PBMC,21544,0.225772,Geneformer,protein_counts,2303,3.44761
PBMC,21544,0.225772,Geneformer,protein_counts,2701,3.43867
PBMC,21544,0.225772,PCA,protein_counts,42,2.98665
PBMC,21544,0.225772,PCA,protein_counts,2303,3.01255
PBMC,21544,0.225772,PCA,protein_counts,2701,3.07307
PBMC,21544,0.225772,RandomProjection,protein_counts,42,2.34458
PBMC,21544,0.225772,RandomProjection,protein_counts,2303,2.30841
PBMC,21544,0.225772,RandomProjection,protein_counts,2701,2.34458
PBMC,21544,0.225772,SCVI,protein_counts,42,4.08507
PBMC,21544,0.225772,SCVI,protein_counts,2303,4.16244
PBMC,21544,0.225772,SCVI,protein_counts,2701,4.20705
PBMC,21544,0.4751547,Geneformer,protein_counts,42,3.67075
PBMC,21544,0.4751547,Geneformer,protein_counts,2303,3.64259
PBMC,21544,0.4751547,Geneformer,protein_counts,2701,3.59668
PBMC,21544,0.4751547,PCA,protein_counts,42,3.49343
PBMC,21544,0.4751547,PCA,protein_counts,2303,3.42928
PBMC,21544,0.4751547,PCA,protein_counts,2701,3.5381
PBMC,21544,0.4751547,RandomProjection,protein_counts,42,2.62211
PBMC,21544,0.4751547,RandomProjection,protein_counts,2303,2.61263
PBMC,21544,0.4751547,RandomProjection,protein_counts,2701,2.62211
PBMC,21544,0.4751547,SCVI,protein_counts,42,4.61807
PBMC,21544,0.4751547,SCVI,protein_counts,2303,4.4331
PBMC,21544,0.4751547,SCVI,protein_counts,2701,4.59614
PBMC,21544,1.0,Geneformer,protein_counts,42,3.67113
PBMC,21544,1.0,Geneformer,protein_counts,2303,3.64011
PBMC,21544,1.0,Geneformer,protein_counts,2701,3.6777
PBMC,21544,1.0,PCA,protein_counts,42,3.84406
PBMC,21544,1.0,PCA,protein_counts,2303,3.78624
PBMC,21544,1.0,PCA,protein_counts,2701,3.87521
PBMC,21544,1.0,RandomProjection,protein_counts,42,2.8748
PBMC,21544,1.0,RandomProjection,protein_counts,2303,2.86534
PBMC,21544,1.0,RandomProjection,protein_counts,2701,2.8748
PBMC,21544,1.0,SCVI,protein_counts,42,4.69979
PBMC,21544,1.0,SCVI,protein_counts,2303,4.6867
PBMC,21544,1.0,SCVI,protein_counts,2701,4.7598
PBMC,46415,0.0012346,Geneformer,protein_counts,42,0.76097
PBMC,46415,0.0012346,Geneformer,protein_counts,2303,0.81947
PBMC,46415,0.0012346,Geneformer,protein_counts,2701,0.77619
PBMC,46415,0.0012346,PCA,protein_counts,42,0.37971
PBMC,46415,0.0012346,PCA,protein_counts,2303,0.3964
PBMC,46415,0.0012346,PCA,protein_counts,2701,0.3825
PBMC,46415,0.0012346,RandomProjection,protein_counts,42,0.25169
PBMC,46415,0.0012346,RandomProjection,protein_counts,2303,0.24459
PBMC,46415,0.0012346,RandomProjection,protein_counts,2701,0.25169
PBMC,46415,0.0012346,SCVI,protein_counts,42,0.73049
PBMC,46415,0.0012346,SCVI,protein_counts,2303,0.76733
PBMC,46415,0.0012346,SCVI,protein_counts,2701,0.71804
PBMC,46415,0.0025982,Geneformer,protein_counts,42,1.25774
PBMC,46415,0.0025982,Geneformer,protein_counts,2303,1.22602
PBMC,46415,0.0025982,Geneformer,protein_counts,2701,1.21127
PBMC,46415,0.0025982,PCA,protein_counts,42,0.60973
PBMC,46415,0.0025982,PCA,protein_counts,2303,0.60195
PBMC,46415,0.0025982,PCA,protein_counts,2701,0.58899
PBMC,46415,0.0025982,RandomProjection,protein_counts,42,0.2752
PBMC,46415,0.0025982,RandomProjection,protein_counts,2303,0.28246
PBMC,46415,0.0025982,RandomProjection,protein_counts,2701,0.2752
PBMC,46415,0.0025982,SCVI,protein_counts,42,1.1762
PBMC,46415,0.0025982,SCVI,protein_counts,2303,1.15155
PBMC,46415,0.0025982,SCVI,protein_counts,2701,1.16633
PBMC,46415,0.0054682,Geneformer,protein_counts,42,1.67172
PBMC,46415,0.0054682,Geneformer,protein_counts,2303,1.75786
PBMC,46415,0.0054682,Geneformer,protein_counts,2701,1.72728
PBMC,46415,0.0054682,PCA,protein_counts,42,0.94264
PBMC,46415,0.0054682,PCA,protein_counts,2303,0.90499
PBMC,46415,0.0054682,PCA,protein_counts,2701,0.93203
PBMC,46415,0.0054682,RandomProjection,protein_counts,42,0.41653
PBMC,46415,0.0054682,RandomProjection,protein_counts,2303,0.38736
PBMC,46415,0.0054682,RandomProjection,protein_counts,2701,0.41653
PBMC,46415,0.0054682,SCVI,protein_counts,42,1.69482
PBMC,46415,0.0054682,SCVI,protein_counts,2303,1.70525
PBMC,46415,0.0054682,SCVI,protein_counts,2701,1.72825
PBMC,46415,0.0115083,Geneformer,protein_counts,42,2.23676
PBMC,46415,0.0115083,Geneformer,protein_counts,2303,2.25091
PBMC,46415,0.0115083,Geneformer,protein_counts,2701,2.28392
PBMC,46415,0.0115083,PCA,protein_counts,42,1.42492
PBMC,46415,0.0115083,PCA,protein_counts,2303,1.38346
PBMC,46415,0.0115083,PCA,protein_counts,2701,1.40778
PBMC,46415,0.0115083,RandomProjection,protein_counts,42,0.6329
PBMC,46415,0.0115083,RandomProjection,protein_counts,2303,0.65149
PBMC,46415,0.0115083,RandomProjection,protein_counts,2701,0.6329
PBMC,46415,0.0115083,SCVI,protein_counts,42,2.25755
PBMC,46415,0.0115083,SCVI,protein_counts,2303,2.18853
PBMC,46415,0.0115083,SCVI,protein_counts,2701,2.16016
PBMC,46415,0.02422,Geneformer,protein_counts,42,2.70983
PBMC,46415,0.02422,Geneformer,protein_counts,2303,2.53711
PBMC,46415,0.02422,Geneformer,protein_counts,2701,2.70337
PBMC,46415,0.02422,PCA,protein_counts,42,1.80572
PBMC,46415,0.02422,PCA,protein_counts,2303,1.78021
PBMC,46415,0.02422,PCA,protein_counts,2701,1.81215
PBMC,46415,0.02422,RandomProjection,protein_counts,42,1.01817
PBMC,46415,0.02422,RandomProjection,protein_counts,2303,1.02923
PBMC,46415,0.02422,RandomProjection,protein_counts,2701,1.01817
PBMC,46415,0.02422,SCVI,protein_counts,42,2.7685
PBMC,46415,0.02422,SCVI,protein_counts,2303,2.76827
PBMC,46415,0.02422,SCVI,protein_counts,2701,2.7754
PBMC,46415,0.050973,Geneformer,protein_counts,42,2.94309
PBMC,46415,0.050973,Geneformer,protein_counts,2303,2.98954
PBMC,46415,0.050973,Geneformer,protein_counts,2701,2.93996
PBMC,46415,0.050973,PCA,protein_counts,42,2.2726
PBMC,46415,0.050973,PCA,protein_counts,2303,2.25237
PBMC,46415,0.050973,PCA,protein_counts,2701,2.28088
PBMC,46415,0.050973,RandomProjection,protein_counts,42,1.46463
PBMC,46415,0.050973,RandomProjection,protein_counts,2303,1.47537
PBMC,46415,0.050973,RandomProjection,protein_counts,2701,1.46463
PBMC,46415,0.050973,SCVI,protein_counts,42,3.25987
PBMC,46415,0.050973,SCVI,protein_counts,2303,3.356
PBMC,46415,0.050973,SCVI,protein_counts,2701,3.3031
PBMC,46415,0.1072766,Geneformer,protein_counts,42,3.35605
PBMC,46415,0.1072766,Geneformer,protein_counts,2303,3.29331
PBMC,46415,0.1072766,Geneformer,protein_counts,2701,3.39306
PBMC,46415,0.1072766,PCA,protein_counts,42,2.62872
PBMC,46415,0.1072766,PCA,protein_counts,2303,2.65442
PBMC,46415,0.1072766,PCA,protein_counts,2701,2.6646
PBMC,46415,0.1072766,RandomProjection,protein_counts,42,1.87921
PBMC,46415,0.1072766,RandomProjection,protein_counts,2303,1.93615
PBMC,46415,0.1072766,RandomProjection,protein_counts,2701,1.87921
PBMC,46415,0.1072766,SCVI,protein_counts,42,3.78002
PBMC,46415,0.1072766,SCVI,protein_counts,2303,3.7704
PBMC,46415,0.1072766,SCVI,protein_counts,2701,3.89433
PBMC,46415,0.225772,Geneformer,protein_counts,42,3.379
PBMC,46415,0.225772,Geneformer,protein_counts,2303,3.50912
PBMC,46415,0.225772,Geneformer,protein_counts,2701,3.50062
PBMC,46415,0.225772,PCA,protein_counts,42,3.10255
PBMC,46415,0.225772,PCA,protein_counts,2303,3.07228
PBMC,46415,0.225772,PCA,protein_counts,2701,3.12228
PBMC,46415,0.225772,RandomProjection,protein_counts,42,2.34458
PBMC,46415,0.225772,RandomProjection,protein_counts,2303,2.30841
PBMC,46415,0.225772,RandomProjection,protein_counts,2701,2.34458
PBMC,46415,0.225772,SCVI,protein_counts,42,4.20523
PBMC,46415,0.225772,SCVI,protein_counts,2303,4.29871
PBMC,46415,0.225772,SCVI,protein_counts,2701,4.32509
PBMC,46415,0.4751547,Geneformer,protein_counts,42,4.00406
PBMC,46415,0.4751547,Geneformer,protein_counts,2303,3.68333
PBMC,46415,0.4751547,Geneformer,protein_counts,2701,3.72875
PBMC,46415,0.4751547,PCA,protein_counts,42,3.5332
PBMC,46415,0.4751547,PCA,protein_counts,2303,3.48208
PBMC,46415,0.4751547,PCA,protein_counts,2701,3.49457
PBMC,46415,0.4751547,RandomProjection,protein_counts,42,2.62211
PBMC,46415,0.4751547,RandomProjection,protein_counts,2303,2.61263
PBMC,46415,0.4751547,RandomProjection,protein_counts,2701,2.62211
PBMC,46415,0.4751547,SCVI,protein_counts,42,4.68657
PBMC,46415,0.4751547,SCVI,protein_counts,2303,4.45011
PBMC,46415,0.4751547,SCVI,protein_counts,2701,4.47573
PBMC,46415,1.0,Geneformer,protein_counts,42,3.71707
PBMC,46415,1.0,Geneformer,protein_counts,2303,3.83569
PBMC,46415,1.0,Geneformer,protein_counts,2701,3.71505
PBMC,46415,1.0,PCA,protein_counts,42,3.84362
PBMC,46415,1.0,PCA,protein_counts,2303,3.82751
PBMC,46415,1.0,PCA,protein_counts,2701,3.90865
PBMC,46415,1.0,RandomProjection,protein_counts,42,2.8748
PBMC,46415,1.0,RandomProjection,protein_counts,2303,2.86534
PBMC,46415,1.0,RandomProjection,protein_counts,2701,2.8748
PBMC,46415,1.0,SCVI,protein_counts,42,4.7383
PBMC,46415,1.0,SCVI,protein_counts,2303,4.65652
PBMC,46415,1.0,SCVI,protein_counts,2701,4.75585
PBMC,100000,0.0012346,Geneformer,protein_counts,42,0.74752
PBMC,100000,0.0012346,Geneformer,protein_counts,2303,0.85353
PBMC,100000,0.0012346,Geneformer,protein_counts,2701,0.88059
PBMC,100000,0.0012346,PCA,protein_counts,42,0.37765
PBMC,100000,0.0012346,PCA,protein_counts,2303,0.38704
PBMC,100000,0.0012346,PCA,protein_counts,2701,0.36983
PBMC,100000,0.0012346,RandomProjection,protein_counts,42,0.25169
PBMC,100000,0.0012346,RandomProjection,protein_counts,2303,0.24459
PBMC,100000,0.0012346,RandomProjection,protein_counts,2701,0.25169
PBMC,100000,0.0012346,SCVI,protein_counts,42,0.8214
PBMC,100000,0.0012346,SCVI,protein_counts,2303,0.79678
PBMC,100000,0.0012346,SCVI,protein_counts,2701,0.78437
PBMC,100000,0.0025982,Geneformer,protein_counts,42,1.30775
PBMC,100000,0.0025982,Geneformer,protein_counts,2303,1.2565
PBMC,100000,0.0025982,Geneformer,protein_counts,2701,1.27701
PBMC,100000,0.0025982,PCA,protein_counts,42,0.60488
PBMC,100000,0.0025982,PCA,protein_counts,2303,0.60869
PBMC,100000,0.0025982,PCA,protein_counts,2701,0.60487
PBMC,100000,0.0025982,RandomProjection,protein_counts,42,0.2752
PBMC,100000,0.0025982,RandomProjection,protein_counts,2303,0.28246
PBMC,100000,0.0025982,RandomProjection,protein_counts,2701,0.2752
PBMC,100000,0.0025982,SCVI,protein_counts,42,1.28946
PBMC,100000,0.0025982,SCVI,protein_counts,2303,1.244
PBMC,100000,0.0025982,SCVI,protein_counts,2701,1.27407
PBMC,100000,0.0054682,Geneformer,protein_counts,42,1.70259
PBMC,100000,0.0054682,Geneformer,protein_counts,2303,1.72944
PBMC,100000,0.0054682,Geneformer,protein_counts,2701,1.74052
PBMC,100000,0.0054682,PCA,protein_counts,42,0.95734
PBMC,100000,0.0054682,PCA,protein_counts,2303,0.92804
PBMC,100000,0.0054682,PCA,protein_counts,2701,0.96419
PBMC,100000,0.0054682,RandomProjection,protein_counts,42,0.41653
PBMC,100000,0.0054682,RandomProjection,protein_counts,2303,0.38736
PBMC,100000,0.0054682,RandomProjection,protein_counts,2701,0.41653
PBMC,100000,0.0054682,SCVI,protein_counts,42,1.85064
PBMC,100000,0.0054682,SCVI,protein_counts,2303,1.79479
PBMC,100000,0.0054682,SCVI,protein_counts,2701,1.81703
PBMC,100000,0.0115083,Geneformer,protein_counts,42,2.29315
PBMC,100000,0.0115083,Geneformer,protein_counts,2303,2.29996
PBMC,100000,0.0115083,Geneformer,protein_counts,2701,2.25193
PBMC,100000,0.0115083,PCA,protein_counts,42,1.43318
PBMC,100000,0.0115083,PCA,protein_counts,2303,1.3508
PBMC,100000,0.0115083,PCA,protein_counts,2701,1.42297
PBMC,100000,0.0115083,RandomProjection,protein_counts,42,0.6329
PBMC,100000,0.0115083,RandomProjection,protein_counts,2303,0.65149
PBMC,100000,0.0115083,RandomProjection,protein_counts,2701,0.6329
PBMC,100000,0.0115083,SCVI,protein_counts,42,2.3685
PBMC,100000,0.0115083,SCVI,protein_counts,2303,2.41394
PBMC,100000,0.0115083,SCVI,protein_counts,2701,2.36228
PBMC,100000,0.02422,Geneformer,protein_counts,42,2.77658
PBMC,100000,0.02422,Geneformer,protein_counts,2303,2.82252
PBMC,100000,0.02422,Geneformer,protein_counts,2701,2.82592
PBMC,100000,0.02422,PCA,protein_counts,42,1.86734
PBMC,100000,0.02422,PCA,protein_counts,2303,1.7511
PBMC,100000,0.02422,PCA,protein_counts,2701,1.7974
PBMC,100000,0.02422,RandomProjection,protein_counts,42,1.01817
PBMC,100000,0.02422,RandomProjection,protein_counts,2303,1.02923
PBMC,100000,0.02422,RandomProjection,protein_counts,2701,1.01817
PBMC,100000,0.02422,SCVI,protein_counts,42,2.77386
PBMC,100000,0.02422,SCVI,protein_counts,2303,2.93942
PBMC,100000,0.02422,SCVI,protein_counts,2701,2.95675
PBMC,100000,0.050973,Geneformer,protein_counts,42,3.09976
PBMC,100000,0.050973,Geneformer,protein_counts,2303,2.96185
PBMC,100000,0.050973,Geneformer,protein_counts,2701,3.01291
PBMC,100000,0.050973,PCA,protein_counts,42,2.18625
PBMC,100000,0.050973,PCA,protein_counts,2303,2.22324
PBMC,100000,0.050973,PCA,protein_counts,2701,2.22676
PBMC,100000,0.050973,RandomProjection,protein_counts,42,1.46463
PBMC,100000,0.050973,RandomProjection,protein_counts,2303,1.47537
PBMC,100000,0.050973,RandomProjection,protein_counts,2701,1.46463
PBMC,100000,0.050973,SCVI,protein_counts,42,3.42452
PBMC,100000,0.050973,SCVI,protein_counts,2303,3.46115
PBMC,100000,0.050973,SCVI,protein_counts,2701,3.51758
PBMC,100000,0.1072766,Geneformer,protein_counts,42,3.45581
PBMC,100000,0.1072766,Geneformer,protein_counts,2303,3.50931
PBMC,100000,0.1072766,Geneformer,protein_counts,2701,3.56508
PBMC,100000,0.1072766,PCA,protein_counts,42,2.58175
PBMC,100000,0.1072766,PCA,protein_counts,2303,2.62603
PBMC,100000,0.1072766,PCA,protein_counts,2701,2.66219
PBMC,100000,0.1072766,RandomProjection,protein_counts,42,1.87921
PBMC,100000,0.1072766,RandomProjection,protein_counts,2303,1.93615
PBMC,100000,0.1072766,RandomProjection,protein_counts,2701,1.87921
PBMC,100000,0.1072766,SCVI,protein_counts,42,3.97831
PBMC,100000,0.1072766,SCVI,protein_counts,2303,3.91036
PBMC,100000,0.1072766,SCVI,protein_counts,2701,3.93105
PBMC,100000,0.225772,Geneformer,protein_counts,42,3.50053
PBMC,100000,0.225772,Geneformer,protein_counts,2303,3.51885
PBMC,100000,0.225772,Geneformer,protein_counts,2701,3.54009
PBMC,100000,0.225772,PCA,protein_counts,42,3.01326
PBMC,100000,0.225772,PCA,protein_counts,2303,3.03253
PBMC,100000,0.225772,PCA,protein_counts,2701,3.10587
PBMC,100000,0.225772,RandomProjection,protein_counts,42,2.34458
PBMC,100000,0.225772,RandomProjection,protein_counts,2303,2.30841
PBMC,100000,0.225772,RandomProjection,protein_counts,2701,2.34458
PBMC,100000,0.225772,SCVI,protein_counts,42,4.28142
PBMC,100000,0.225772,SCVI,protein_counts,2303,4.33525
PBMC,100000,0.225772,SCVI,protein_counts,2701,4.3397
PBMC,100000,0.4751547,Geneformer,protein_counts,42,3.66358
PBMC,100000,0.4751547,Geneformer,protein_counts,2303,3.58423
PBMC,100000,0.4751547,Geneformer,protein_counts,2701,3.48343
PBMC,100000,0.4751547,PCA,protein_counts,42,3.49424
PBMC,100000,0.4751547,PCA,protein_counts,2303,3.47796
PBMC,100000,0.4751547,PCA,protein_counts,2701,3.52855
PBMC,100000,0.4751547,RandomProjection,protein_counts,42,2.62211
PBMC,100000,0.4751547,RandomProjection,protein_counts,2303,2.61263
PBMC,100000,0.4751547,RandomProjection,protein_counts,2701,2.62211
PBMC,100000,0.4751547,SCVI,protein_counts,42,4.59218
PBMC,100000,0.4751547,SCVI,protein_counts,2303,4.52158
PBMC,100000,0.4751547,SCVI,protein_counts,2701,4.64308
PBMC,100000,1.0,Geneformer,protein_counts,42,3.43401
PBMC,100000,1.0,Geneformer,protein_counts,2303,3.54913
PBMC,100000,1.0,Geneformer,protein_counts,2701,3.58943
PBMC,100000,1.0,PCA,protein_counts,42,3.82379
PBMC,100000,1.0,PCA,protein_counts,2303,3.81148
PBMC,100000,1.0,PCA,protein_counts,2701,3.90357
PBMC,100000,1.0,RandomProjection,protein_counts,42,2.8748
PBMC,100000,1.0,RandomProjection,protein_counts,2303,2.86534
PBMC,100000,1.0,RandomProjection,protein_counts,2701,2.8748
PBMC,100000,1.0,SCVI,protein_counts,42,4.80674
PBMC,100000,1.0,SCVI,protein_counts,2303,4.79973
PBMC,100000,1.0,SCVI,protein_counts,2701,4.85573
larry,100,0.003876,Geneformer,clone,42,-0.00982
larry,100,0.003876,Geneformer,clone,1404,-0.05929
larry,100,0.003876,Geneformer,clone,2701,-0.01957
larry,100,0.003876,PCA,clone,42,2.41426
larry,100,0.003876,PCA,clone,1404,2.42575
larry,100,0.003876,PCA,clone,2701,2.32827
larry,100,0.003876,RandomProjection,clone,42,-0.00451
larry,100,0.003876,RandomProjection,clone,1404,-0.00451
larry,100,0.003876,RandomProjection,clone,2701,-0.00451
larry,100,0.003876,SCVI,clone,42,0.02675
larry,100,0.003876,SCVI,clone,1404,-0.0081
larry,100,0.003876,SCVI,clone,2701,-0.0349
larry,100,0.0071835,Geneformer,clone,42,0.04638
larry,100,0.0071835,Geneformer,clone,1404,0.05518
larry,100,0.0071835,Geneformer,clone,2701,-0.0277
larry,100,0.0071835,PCA,clone,42,2.02288
larry,100,0.0071835,PCA,clone,1404,1.95445
larry,100,0.0071835,PCA,clone,2701,1.97569
larry,100,0.0071835,RandomProjection,clone,42,0.04314
larry,100,0.0071835,RandomProjection,clone,1404,0.04314
larry,100,0.0071835,RandomProjection,clone,2701,0.04314
larry,100,0.0071835,SCVI,clone,42,0.02978
larry,100,0.0071835,SCVI,clone,1404,-0.00348
larry,100,0.0071835,SCVI,clone,2701,0.06457
larry,100,0.0133136,Geneformer,clone,42,0.02108
larry,100,0.0133136,Geneformer,clone,1404,0.05284
larry,100,0.0133136,Geneformer,clone,2701,0.01079
larry,100,0.0133136,PCA,clone,42,1.25915
larry,100,0.0133136,PCA,clone,1404,1.2336
larry,100,0.0133136,PCA,clone,2701,1.15399
larry,100,0.0133136,RandomProjection,clone,42,0.02291
larry,100,0.0133136,RandomProjection,clone,1404,0.02291
larry,100,0.0133136,RandomProjection,clone,2701,0.02291
larry,100,0.0133136,SCVI,clone,42,0.04598
larry,100,0.0133136,SCVI,clone,1404,0.04537
larry,100,0.0133136,SCVI,clone,2701,0.07364
larry,100,0.0246748,Geneformer,clone,42,-0.04085
larry,100,0.0246748,Geneformer,clone,1404,0.04678
larry,100,0.0246748,Geneformer,clone,2701,0.06674
larry,100,0.0246748,PCA,clone,42,0.58135
larry,100,0.0246748,PCA,clone,1404,0.575
larry,100,0.0246748,PCA,clone,2701,0.64174
larry,100,0.0246748,RandomProjection,clone,42,0.02488
larry,100,0.0246748,RandomProjection,clone,1404,0.02488
larry,100,0.0246748,RandomProjection,clone,2701,0.02488
larry,100,0.0246748,SCVI,clone,42,0.02082
larry,100,0.0246748,SCVI,clone,1404,0.09979
larry,100,0.0246748,SCVI,clone,2701,0.08426
larry,100,0.0457311,Geneformer,clone,42,0.02976
larry,100,0.0457311,Geneformer,clone,1404,0.04333
larry,100,0.0457311,Geneformer,clone,2701,0.02964
larry,100,0.0457311,PCA,clone,42,0.3556
larry,100,0.0457311,PCA,clone,1404,0.34653
larry,100,0.0457311,PCA,clone,2701,0.35033
larry,100,0.0457311,RandomProjection,clone,42,0.07982
larry,100,0.0457311,RandomProjection,clone,1404,0.07982
larry,100,0.0457311,RandomProjection,clone,2701,0.07982
larry,100,0.0457311,SCVI,clone,42,0.23727
larry,100,0.0457311,SCVI,clone,1404,0.13175
larry,100,0.0457311,SCVI,clone,2701,0.13057
larry,100,0.0847557,Geneformer,clone,42,0.1009
larry,100,0.0847557,Geneformer,clone,1404,0.02596
larry,100,0.0847557,Geneformer,clone,2701,0.08213
larry,100,0.0847557,PCA,clone,42,0.40105
larry,100,0.0847557,PCA,clone,1404,0.49188
larry,100,0.0847557,PCA,clone,2701,0.4424
larry,100,0.0847557,RandomProjection,clone,42,0.08584
larry,100,0.0847557,RandomProjection,clone,1404,0.08584
larry,100,0.0847557,RandomProjection,clone,2701,0.08584
larry,100,0.0847557,SCVI,clone,42,0.27416
larry,100,0.0847557,SCVI,clone,1404,0.2877
larry,100,0.0847557,SCVI,clone,2701,0.26978
larry,100,0.1570821,Geneformer,clone,42,0.06579
larry,100,0.1570821,Geneformer,clone,1404,0.01106
larry,100,0.1570821,Geneformer,clone,2701,0.04822
larry,100,0.1570821,PCA,clone,42,0.6039
larry,100,0.1570821,PCA,clone,1404,0.76768
larry,100,0.1570821,PCA,clone,2701,0.69706
larry,100,0.1570821,RandomProjection,clone,42,0.0317
larry,100,0.1570821,RandomProjection,clone,1404,0.0317
larry,100,0.1570821,RandomProjection,clone,2701,0.0317
larry,100,0.1570821,SCVI,clone,42,0.39938
larry,100,0.1570821,SCVI,clone,1404,0.29867
larry,100,0.1570821,SCVI,clone,2701,0.34969
larry,100,0.2911284,Geneformer,clone,42,0.05627
larry,100,0.2911284,Geneformer,clone,1404,0.05814
larry,100,0.2911284,Geneformer,clone,2701,0.02377
larry,100,0.2911284,PCA,clone,42,0.92776
larry,100,0.2911284,PCA,clone,1404,0.9568
larry,100,0.2911284,PCA,clone,2701,0.9331
larry,100,0.2911284,RandomProjection,clone,42,0.15227
larry,100,0.2911284,RandomProjection,clone,1404,0.15227
larry,100,0.2911284,RandomProjection,clone,2701,0.15227
larry,100,0.2911284,SCVI,clone,42,0.60526
larry,100,0.2911284,SCVI,clone,1404,0.56428
larry,100,0.2911284,SCVI,clone,2701,0.38245
larry,100,0.5395631,Geneformer,clone,42,0.03386
larry,100,0.5395631,Geneformer,clone,1404,0.07535
larry,100,0.5395631,Geneformer,clone,2701,-0.0182
larry,100,0.5395631,PCA,clone,42,1.17014
larry,100,0.5395631,PCA,clone,1404,1.233
larry,100,0.5395631,PCA,clone,2701,1.18321
larry,100,0.5395631,RandomProjection,clone,42,0.26392
larry,100,0.5395631,RandomProjection,clone,1404,0.26392
larry,100,0.5395631,RandomProjection,clone,2701,0.26392
larry,100,0.5395631,SCVI,clone,42,0.71444
larry,100,0.5395631,SCVI,clone,1404,0.48517
larry,100,0.5395631,SCVI,clone,2701,0.4769
larry,100,1.0,Geneformer,clone,42,0.07747
larry,100,1.0,Geneformer,clone,1404,0.02059
larry,100,1.0,Geneformer,clone,2701,0.01425
larry,100,1.0,PCA,clone,42,1.30275
larry,100,1.0,PCA,clone,1404,1.39754
larry,100,1.0,PCA,clone,2701,1.32877
larry,100,1.0,RandomProjection,clone,42,0.40201
larry,100,1.0,RandomProjection,clone,1404,0.40201
larry,100,1.0,RandomProjection,clone,2701,0.40201
larry,100,1.0,SCVI,clone,42,0.77918
larry,100,1.0,SCVI,clone,1404,0.60271
larry,100,1.0,SCVI,clone,2701,0.50992
larry,215,0.003876,Geneformer,clone,42,-0.04001
larry,215,0.003876,Geneformer,clone,1404,0.03809
larry,215,0.003876,Geneformer,clone,2701,-0.03637
larry,215,0.003876,PCA,clone,42,2.06687
larry,215,0.003876,PCA,clone,1404,2.06169
larry,215,0.003876,PCA,clone,2701,1.96634
larry,215,0.003876,RandomProjection,clone,42,-0.00451
larry,215,0.003876,RandomProjection,clone,1404,-0.00451
larry,215,0.003876,RandomProjection,clone,2701,-0.00451
larry,215,0.003876,SCVI,clone,42,-0.00858
larry,215,0.003876,SCVI,clone,1404,0.00134
larry,215,0.003876,SCVI,clone,2701,0.07909
larry,215,0.0071835,Geneformer,clone,42,0.05704
larry,215,0.0071835,Geneformer,clone,1404,-0.00301
larry,215,0.0071835,Geneformer,clone,2701,0.02655
larry,215,0.0071835,PCA,clone,42,1.59115
larry,215,0.0071835,PCA,clone,1404,1.46944
larry,215,0.0071835,PCA,clone,2701,1.54477
larry,215,0.0071835,RandomProjection,clone,42,0.04314
larry,215,0.0071835,RandomProjection,clone,1404,0.04314
larry,215,0.0071835,RandomProjection,clone,2701,0.04314
larry,215,0.0071835,SCVI,clone,42,0.03195
larry,215,0.0071835,SCVI,clone,1404,0.02764
larry,215,0.0071835,SCVI,clone,2701,0.01149
larry,215,0.0133136,Geneformer,clone,42,0.04357
larry,215,0.0133136,Geneformer,clone,1404,0.04923
larry,215,0.0133136,Geneformer,clone,2701,0.05413
larry,215,0.0133136,PCA,clone,42,0.85015
larry,215,0.0133136,PCA,clone,1404,0.78489
larry,215,0.0133136,PCA,clone,2701,0.86194
larry,215,0.0133136,RandomProjection,clone,42,0.02291
larry,215,0.0133136,RandomProjection,clone,1404,0.02291
larry,215,0.0133136,RandomProjection,clone,2701,0.02291
larry,215,0.0133136,SCVI,clone,42,0.06922
larry,215,0.0133136,SCVI,clone,1404,0.11429
larry,215,0.0133136,SCVI,clone,2701,0.08888
larry,215,0.0246748,Geneformer,clone,42,0.06113
larry,215,0.0246748,Geneformer,clone,1404,0.01894
larry,215,0.0246748,Geneformer,clone,2701,0.02499
larry,215,0.0246748,PCA,clone,42,0.48374
larry,215,0.0246748,PCA,clone,1404,0.47327
larry,215,0.0246748,PCA,clone,2701,0.53409
larry,215,0.0246748,RandomProjection,clone,42,0.02488
larry,215,0.0246748,RandomProjection,clone,1404,0.02488
larry,215,0.0246748,RandomProjection,clone,2701,0.02488
larry,215,0.0246748,SCVI,clone,42,0.1017
larry,215,0.0246748,SCVI,clone,1404,0.16444
larry,215,0.0246748,SCVI,clone,2701,0.08489
larry,215,0.0457311,Geneformer,clone,42,0.02364
larry,215,0.0457311,Geneformer,clone,1404,-0.00085
larry,215,0.0457311,Geneformer,clone,2701,0.02919
larry,215,0.0457311,PCA,clone,42,0.37831
larry,215,0.0457311,PCA,clone,1404,0.36566
larry,215,0.0457311,PCA,clone,2701,0.4156
larry,215,0.0457311,RandomProjection,clone,42,0.07982
larry,215,0.0457311,RandomProjection,clone,1404,0.07982
larry,215,0.0457311,RandomProjection,clone,2701,0.07982
larry,215,0.0457311,SCVI,clone,42,0.1807
larry,215,0.0457311,SCVI,clone,1404,0.15703
larry,215,0.0457311,SCVI,clone,2701,0.22131
larry,215,0.0847557,Geneformer,clone,42,0.11618
larry,215,0.0847557,Geneformer,clone,1404,0.11083
larry,215,0.0847557,Geneformer,clone,2701,0.15184
larry,215,0.0847557,PCA,clone,42,0.52034
larry,215,0.0847557,PCA,clone,1404,0.61948
larry,215,0.0847557,PCA,clone,2701,0.51664
larry,215,0.0847557,RandomProjection,clone,42,0.08584
larry,215,0.0847557,RandomProjection,clone,1404,0.08584
larry,215,0.0847557,RandomProjection,clone,2701,0.08584
larry,215,0.0847557,SCVI,clone,42,0.29569
larry,215,0.0847557,SCVI,clone,1404,0.30866
larry,215,0.0847557,SCVI,clone,2701,0.32818
larry,215,0.1570821,Geneformer,clone,42,0.17902
larry,215,0.1570821,Geneformer,clone,1404,0.12739
larry,215,0.1570821,Geneformer,clone,2701,0.07039
larry,215,0.1570821,PCA,clone,42,0.73211
larry,215,0.1570821,PCA,clone,1404,0.86473
larry,215,0.1570821,PCA,clone,2701,0.76875
larry,215,0.1570821,RandomProjection,clone,42,0.0317
larry,215,0.1570821,RandomProjection,clone,1404,0.0317
larry,215,0.1570821,RandomProjection,clone,2701,0.0317
larry,215,0.1570821,SCVI,clone,42,0.43537
larry,215,0.1570821,SCVI,clone,1404,0.50273
larry,215,0.1570821,SCVI,clone,2701,0.54541
larry,215,0.2911284,Geneformer,clone,42,0.11235
larry,215,0.2911284,Geneformer,clone,1404,0.03356
larry,215,0.2911284,Geneformer,clone,2701,0.04214
larry,215,0.2911284,PCA,clone,42,0.85022
larry,215,0.2911284,PCA,clone,1404,0.98575
larry,215,0.2911284,PCA,clone,2701,0.9653
larry,215,0.2911284,RandomProjection,clone,42,0.15227
larry,215,0.2911284,RandomProjection,clone,1404,0.15227
larry,215,0.2911284,RandomProjection,clone,2701,0.15227
larry,215,0.2911284,SCVI,clone,42,0.6301
larry,215,0.2911284,SCVI,clone,1404,0.67542
larry,215,0.2911284,SCVI,clone,2701,0.77319
larry,215,0.5395631,Geneformer,clone,42,0.23582
larry,215,0.5395631,Geneformer,clone,1404,0.21266
larry,215,0.5395631,Geneformer,clone,2701,0.19076
larry,215,0.5395631,PCA,clone,42,1.17103
larry,215,0.5395631,PCA,clone,1404,1.27383
larry,215,0.5395631,PCA,clone,2701,1.16921
larry,215,0.5395631,RandomProjection,clone,42,0.26392
larry,215,0.5395631,RandomProjection,clone,1404,0.26392
larry,215,0.5395631,RandomProjection,clone,2701,0.26392
larry,215,0.5395631,SCVI,clone,42,0.75651
larry,215,0.5395631,SCVI,clone,1404,1.05678
larry,215,0.5395631,SCVI,clone,2701,0.62993
larry,215,1.0,Geneformer,clone,42,0.28416
larry,215,1.0,Geneformer,clone,1404,0.16079
larry,215,1.0,Geneformer,clone,2701,0.2551
larry,215,1.0,PCA,clone,42,1.31224
larry,215,1.0,PCA,clone,1404,1.45963
larry,215,1.0,PCA,clone,2701,1.34765
larry,215,1.0,RandomProjection,clone,42,0.40201
larry,215,1.0,RandomProjection,clone,1404,0.40201
larry,215,1.0,RandomProjection,clone,2701,0.40201
larry,215,1.0,SCVI,clone,42,0.62701
larry,215,1.0,SCVI,clone,1404,0.70961
larry,215,1.0,SCVI,clone,2701,0.9081
larry,464,0.003876,Geneformer,clone,42,-0.0142
larry,464,0.003876,Geneformer,clone,1404,0.01279
larry,464,0.003876,Geneformer,clone,2701,-0.02747
larry,464,0.003876,PCA,clone,42,1.93424
larry,464,0.003876,PCA,clone,1404,1.92926
larry,464,0.003876,PCA,clone,2701,1.87554
larry,464,0.003876,RandomProjection,clone,42,-0.00451
larry,464,0.003876,RandomProjection,clone,1404,-0.00451
larry,464,0.003876,RandomProjection,clone,2701,-0.00451
larry,464,0.003876,SCVI,clone,42,-0.01749
larry,464,0.003876,SCVI,clone,1404,0.07407
larry,464,0.003876,SCVI,clone,2701,0.00581
larry,464,0.0071835,Geneformer,clone,42,0.08795
larry,464,0.0071835,Geneformer,clone,1404,-0.01987
larry,464,0.0071835,Geneformer,clone,2701,-0.02966
larry,464,0.0071835,PCA,clone,42,1.39584
larry,464,0.0071835,PCA,clone,1404,1.32058
larry,464,0.0071835,PCA,clone,2701,1.41012
larry,464,0.0071835,RandomProjection,clone,42,0.04314
larry,464,0.0071835,RandomProjection,clone,1404,0.04314
larry,464,0.0071835,RandomProjection,clone,2701,0.04314
larry,464,0.0071835,SCVI,clone,42,-0.00125
larry,464,0.0071835,SCVI,clone,1404,0.03289
larry,464,0.0071835,SCVI,clone,2701,0.04841
larry,464,0.0133136,Geneformer,clone,42,0.05539
larry,464,0.0133136,Geneformer,clone,1404,0.01052
larry,464,0.0133136,Geneformer,clone,2701,0.06802
larry,464,0.0133136,PCA,clone,42,0.705
larry,464,0.0133136,PCA,clone,1404,0.73326
larry,464,0.0133136,PCA,clone,2701,0.73994
larry,464,0.0133136,RandomProjection,clone,42,0.02291
larry,464,0.0133136,RandomProjection,clone,1404,0.02291
larry,464,0.0133136,RandomProjection,clone,2701,0.02291
larry,464,0.0133136,SCVI,clone,42,0.09187
larry,464,0.0133136,SCVI,clone,1404,0.06678
larry,464,0.0133136,SCVI,clone,2701,0.02724
larry,464,0.0246748,Geneformer,clone,42,0.01181
larry,464,0.0246748,Geneformer,clone,1404,0.08188
larry,464,0.0246748,Geneformer,clone,2701,0.08483
larry,464,0.0246748,PCA,clone,42,0.45797
larry,464,0.0246748,PCA,clone,1404,0.47363
larry,464,0.0246748,PCA,clone,2701,0.47954
larry,464,0.0246748,RandomProjection,clone,42,0.02488
larry,464,0.0246748,RandomProjection,clone,1404,0.02488
larry,464,0.0246748,RandomProjection,clone,2701,0.02488
larry,464,0.0246748,SCVI,clone,42,0.09567
larry,464,0.0246748,SCVI,clone,1404,0.10528
larry,464,0.0246748,SCVI,clone,2701,0.10769
larry,464,0.0457311,Geneformer,clone,42,0.13623
larry,464,0.0457311,Geneformer,clone,1404,0.18401
larry,464,0.0457311,Geneformer,clone,2701,0.17607
larry,464,0.0457311,PCA,clone,42,0.37921
larry,464,0.0457311,PCA,clone,1404,0.33792
larry,464,0.0457311,PCA,clone,2701,0.40262
larry,464,0.0457311,RandomProjection,clone,42,0.07982
larry,464,0.0457311,RandomProjection,clone,1404,0.07982
larry,464,0.0457311,RandomProjection,clone,2701,0.07982
larry,464,0.0457311,SCVI,clone,42,0.18647
larry,464,0.0457311,SCVI,clone,1404,0.26393
larry,464,0.0457311,SCVI,clone,2701,0.24258
larry,464,0.0847557,Geneformer,clone,42,0.11972
larry,464,0.0847557,Geneformer,clone,1404,0.12059
larry,464,0.0847557,Geneformer,clone,2701,0.05906
larry,464,0.0847557,PCA,clone,42,0.54154
larry,464,0.0847557,PCA,clone,1404,0.69769
larry,464,0.0847557,PCA,clone,2701,0.57344
larry,464,0.0847557,RandomProjection,clone,42,0.08584
larry,464,0.0847557,RandomProjection,clone,1404,0.08584
larry,464,0.0847557,RandomProjection,clone,2701,0.08584
larry,464,0.0847557,SCVI,clone,42,0.47905
larry,464,0.0847557,SCVI,clone,1404,0.40909
larry,464,0.0847557,SCVI,clone,2701,0.46318
larry,464,0.1570821,Geneformer,clone,42,0.25112
larry,464,0.1570821,Geneformer,clone,1404,0.28698
larry,464,0.1570821,Geneformer,clone,2701,0.30008
larry,464,0.1570821,PCA,clone,42,0.75689
larry,464,0.1570821,PCA,clone,1404,0.8778
larry,464,0.1570821,PCA,clone,2701,0.74277
larry,464,0.1570821,RandomProjection,clone,42,0.0317
larry,464,0.1570821,RandomProjection,clone,1404,0.0317
larry,464,0.1570821,RandomProjection,clone,2701,0.0317
larry,464,0.1570821,SCVI,clone,42,0.65921
larry,464,0.1570821,SCVI,clone,1404,0.64872
larry,464,0.1570821,SCVI,clone,2701,0.66066
larry,464,0.2911284,Geneformer,clone,42,0.21624
larry,464,0.2911284,Geneformer,clone,1404,0.28834
larry,464,0.2911284,Geneformer,clone,2701,0.18351
larry,464,0.2911284,PCA,clone,42,0.9206
larry,464,0.2911284,PCA,clone,1404,0.98208
larry,464,0.2911284,PCA,clone,2701,0.96816
larry,464,0.2911284,RandomProjection,clone,42,0.15227
larry,464,0.2911284,RandomProjection,clone,1404,0.15227
larry,464,0.2911284,RandomProjection,clone,2701,0.15227
larry,464,0.2911284,SCVI,clone,42,0.95898
larry,464,0.2911284,SCVI,clone,1404,0.8584
larry,464,0.2911284,SCVI,clone,2701,0.93678
larry,464,0.5395631,Geneformer,clone,42,0.33561
larry,464,0.5395631,Geneformer,clone,1404,0.29485
larry,464,0.5395631,Geneformer,clone,2701,0.3023
larry,464,0.5395631,PCA,clone,42,1.25328
larry,464,0.5395631,PCA,clone,1404,1.29043
larry,464,0.5395631,PCA,clone,2701,1.24904
larry,464,0.5395631,RandomProjection,clone,42,0.26392
larry,464,0.5395631,RandomProjection,clone,1404,0.26392
larry,464,0.5395631,RandomProjection,clone,2701,0.26392
larry,464,0.5395631,SCVI,clone,42,1.09936
larry,464,0.5395631,SCVI,clone,1404,1.11502
larry,464,0.5395631,SCVI,clone,2701,1.03562
larry,464,1.0,Geneformer,clone,42,0.43953
larry,464,1.0,Geneformer,clone,1404,0.31847
larry,464,1.0,Geneformer,clone,2701,0.51566
larry,464,1.0,PCA,clone,42,1.42031
larry,464,1.0,PCA,clone,1404,1.44822
larry,464,1.0,PCA,clone,2701,1.46944
larry,464,1.0,RandomProjection,clone,42,0.40201
larry,464,1.0,RandomProjection,clone,1404,0.40201
larry,464,1.0,RandomProjection,clone,2701,0.40201
larry,464,1.0,SCVI,clone,42,1.04569
larry,464,1.0,SCVI,clone,1404,0.85641
larry,464,1.0,SCVI,clone,2701,0.95058
larry,1000,0.003876,Geneformer,clone,42,0.0226
larry,1000,0.003876,Geneformer,clone,1404,-0.0082
larry,1000,0.003876,Geneformer,clone,2701,-0.05323
larry,1000,0.003876,PCA,clone,42,1.73012
larry,1000,0.003876,PCA,clone,1404,1.7618
larry,1000,0.003876,PCA,clone,2701,1.727
larry,1000,0.003876,RandomProjection,clone,42,-0.00451
larry,1000,0.003876,RandomProjection,clone,1404,-0.00451
larry,1000,0.003876,RandomProjection,clone,2701,-0.00451
larry,1000,0.003876,SCVI,clone,42,0.01679
larry,1000,0.003876,SCVI,clone,1404,-0.00255
larry,1000,0.003876,SCVI,clone,2701,0.05135
larry,1000,0.0071835,Geneformer,clone,42,0.03055
larry,1000,0.0071835,Geneformer,clone,1404,0.02097
larry,1000,0.0071835,Geneformer,clone,2701,0.06543
larry,1000,0.0071835,PCA,clone,42,1.20904
larry,1000,0.0071835,PCA,clone,1404,1.17821
larry,1000,0.0071835,PCA,clone,2701,1.24197
larry,1000,0.0071835,RandomProjection,clone,42,0.04314
larry,1000,0.0071835,RandomProjection,clone,1404,0.04314
larry,1000,0.0071835,RandomProjection,clone,2701,0.04314
larry,1000,0.0071835,SCVI,clone,42,-0.00959
larry,1000,0.0071835,SCVI,clone,1404,0.00815
larry,1000,0.0071835,SCVI,clone,2701,0.05008
larry,1000,0.0133136,Geneformer,clone,42,0.04244
larry,1000,0.0133136,Geneformer,clone,1404,0.04697
larry,1000,0.0133136,Geneformer,clone,2701,0.10277
larry,1000,0.0133136,PCA,clone,42,0.60731
larry,1000,0.0133136,PCA,clone,1404,0.6291
larry,1000,0.0133136,PCA,clone,2701,0.66547
larry,1000,0.0133136,RandomProjection,clone,42,0.02291
larry,1000,0.0133136,RandomProjection,clone,1404,0.02291
larry,1000,0.0133136,RandomProjection,clone,2701,0.02291
larry,1000,0.0133136,SCVI,clone,42,0.0377
larry,1000,0.0133136,SCVI,clone,1404,0.06929
larry,1000,0.0133136,SCVI,clone,2701,0.09336
larry,1000,0.0246748,Geneformer,clone,42,0.11955
larry,1000,0.0246748,Geneformer,clone,1404,0.08157
larry,1000,0.0246748,Geneformer,clone,2701,0.09206
larry,1000,0.0246748,PCA,clone,42,0.36058
larry,1000,0.0246748,PCA,clone,1404,0.4675
larry,1000,0.0246748,PCA,clone,2701,0.45578
larry,1000,0.0246748,RandomProjection,clone,42,0.02488
larry,1000,0.0246748,RandomProjection,clone,1404,0.02488
larry,1000,0.0246748,RandomProjection,clone,2701,0.02488
larry,1000,0.0246748,SCVI,clone,42,0.22668
larry,1000,0.0246748,SCVI,clone,1404,0.11859
larry,1000,0.0246748,SCVI,clone,2701,0.12383
larry,1000,0.0457311,Geneformer,clone,42,0.22925
larry,1000,0.0457311,Geneformer,clone,1404,0.19991
larry,1000,0.0457311,Geneformer,clone,2701,0.20565
larry,1000,0.0457311,PCA,clone,42,0.34014
larry,1000,0.0457311,PCA,clone,1404,0.26764
larry,1000,0.0457311,PCA,clone,2701,0.31256
larry,1000,0.0457311,RandomProjection,clone,42,0.07982
larry,1000,0.0457311,RandomProjection,clone,1404,0.07982
larry,1000,0.0457311,RandomProjection,clone,2701,0.07982
larry,1000,0.0457311,SCVI,clone,42,0.32659
larry,1000,0.0457311,SCVI,clone,1404,0.37034
larry,1000,0.0457311,SCVI,clone,2701,0.38566
larry,1000,0.0847557,Geneformer,clone,42,0.28909
larry,1000,0.0847557,Geneformer,clone,1404,0.23062
larry,1000,0.0847557,Geneformer,clone,2701,0.38157
larry,1000,0.0847557,PCA,clone,42,0.46878
larry,1000,0.0847557,PCA,clone,1404,0.56011
larry,1000,0.0847557,PCA,clone,2701,0.58183
larry,1000,0.0847557,RandomProjection,clone,42,0.08584
larry,1000,0.0847557,RandomProjection,clone,1404,0.08584
larry,1000,0.0847557,RandomProjection,clone,2701,0.08584
larry,1000,0.0847557,SCVI,clone,42,0.55241
larry,1000,0.0847557,SCVI,clone,1404,0.57863
larry,1000,0.0847557,SCVI,clone,2701,0.59158
larry,1000,0.1570821,Geneformer,clone,42,0.57416
larry,1000,0.1570821,Geneformer,clone,1404,0.4019
larry,1000,0.1570821,Geneformer,clone,2701,0.60587
larry,1000,0.1570821,PCA,clone,42,0.70914
larry,1000,0.1570821,PCA,clone,1404,0.76219
larry,1000,0.1570821,PCA,clone,2701,0.76326
larry,1000,0.1570821,RandomProjection,clone,42,0.0317
larry,1000,0.1570821,RandomProjection,clone,1404,0.0317
larry,1000,0.1570821,RandomProjection,clone,2701,0.0317
larry,1000,0.1570821,SCVI,clone,42,0.783
larry,1000,0.1570821,SCVI,clone,1404,0.82852
larry,1000,0.1570821,SCVI,clone,2701,0.73461
larry,1000,0.2911284,Geneformer,clone,42,0.61274
larry,1000,0.2911284,Geneformer,clone,1404,0.5898
larry,1000,0.2911284,Geneformer,clone,2701,0.48495
larry,1000,0.2911284,PCA,clone,42,0.99237
larry,1000,0.2911284,PCA,clone,1404,1.05831
larry,1000,0.2911284,PCA,clone,2701,0.99255
larry,1000,0.2911284,RandomProjection,clone,42,0.15227
larry,1000,0.2911284,RandomProjection,clone,1404,0.15227
larry,1000,0.2911284,RandomProjection,clone,2701,0.15227
larry,1000,0.2911284,SCVI,clone,42,1.05576
larry,1000,0.2911284,SCVI,clone,1404,1.08466
larry,1000,0.2911284,SCVI,clone,2701,1.02702
larry,1000,0.5395631,Geneformer,clone,42,0.77796
larry,1000,0.5395631,Geneformer,clone,1404,0.57618
larry,1000,0.5395631,Geneformer,clone,2701,0.67412
larry,1000,0.5395631,PCA,clone,42,1.27482
larry,1000,0.5395631,PCA,clone,1404,1.30315
larry,1000,0.5395631,PCA,clone,2701,1.21418
larry,1000,0.5395631,RandomProjection,clone,42,0.26392
larry,1000,0.5395631,RandomProjection,clone,1404,0.26392
larry,1000,0.5395631,RandomProjection,clone,2701,0.26392
larry,1000,0.5395631,SCVI,clone,42,1.21094
larry,1000,0.5395631,SCVI,clone,1404,1.28272
larry,1000,0.5395631,SCVI,clone,2701,1.37395
larry,1000,1.0,Geneformer,clone,42,0.5462
larry,1000,1.0,Geneformer,clone,1404,0.82761
larry,1000,1.0,Geneformer,clone,2701,0.90077
larry,1000,1.0,PCA,clone,42,1.45256
larry,1000,1.0,PCA,clone,1404,1.49163
larry,1000,1.0,PCA,clone,2701,1.44823
larry,1000,1.0,RandomProjection,clone,42,0.40201
larry,1000,1.0,RandomProjection,clone,1404,0.40201
larry,1000,1.0,RandomProjection,clone,2701,0.40201
larry,1000,1.0,SCVI,clone,42,1.03675
larry,1000,1.0,SCVI,clone,1404,0.83578
larry,1000,1.0,SCVI,clone,2701,0.91208
larry,2154,0.003876,Geneformer,clone,42,0.03707
larry,2154,0.003876,Geneformer,clone,1404,-0.03308
larry,2154,0.003876,Geneformer,clone,2701,0.01956
larry,2154,0.003876,PCA,clone,42,1.58887
larry,2154,0.003876,PCA,clone,1404,1.63877
larry,2154,0.003876,PCA,clone,2701,1.65637
larry,2154,0.003876,RandomProjection,clone,42,-0.00451
larry,2154,0.003876,RandomProjection,clone,1404,-0.00451
larry,2154,0.003876,RandomProjection,clone,2701,-0.00451
larry,2154,0.003876,SCVI,clone,42,0.05946
larry,2154,0.003876,SCVI,clone,1404,0.01623
larry,2154,0.003876,SCVI,clone,2701,0.05286
larry,2154,0.0071835,Geneformer,clone,42,0.05843
larry,2154,0.0071835,Geneformer,clone,1404,0.00479
larry,2154,0.0071835,Geneformer,clone,2701,0.03126
larry,2154,0.0071835,PCA,clone,42,1.08633
larry,2154,0.0071835,PCA,clone,1404,1.04601
larry,2154,0.0071835,PCA,clone,2701,1.1177
larry,2154,0.0071835,RandomProjection,clone,42,0.04314
larry,2154,0.0071835,RandomProjection,clone,1404,0.04314
larry,2154,0.0071835,RandomProjection,clone,2701,0.04314
larry,2154,0.0071835,SCVI,clone,42,0.01283
larry,2154,0.0071835,SCVI,clone,1404,0.0346
larry,2154,0.0071835,SCVI,clone,2701,-0.00116
larry,2154,0.0133136,Geneformer,clone,42,0.03093
larry,2154,0.0133136,Geneformer,clone,1404,0.08921
larry,2154,0.0133136,Geneformer,clone,2701,0.04037
larry,2154,0.0133136,PCA,clone,42,0.59353
larry,2154,0.0133136,PCA,clone,1404,0.60353
larry,2154,0.0133136,PCA,clone,2701,0.6482
larry,2154,0.0133136,RandomProjection,clone,42,0.02291
larry,2154,0.0133136,RandomProjection,clone,1404,0.02291
larry,2154,0.0133136,RandomProjection,clone,2701,0.02291
larry,2154,0.0133136,SCVI,clone,42,0.14413
larry,2154,0.0133136,SCVI,clone,1404,0.12257
larry,2154,0.0133136,SCVI,clone,2701,0.05183
larry,2154,0.0246748,Geneformer,clone,42,0.07597
larry,2154,0.0246748,Geneformer,clone,1404,0.14678
larry,2154,0.0246748,Geneformer,clone,2701,0.12016
larry,2154,0.0246748,PCA,clone,42,0.39801
larry,2154,0.0246748,PCA,clone,1404,0.49548
larry,2154,0.0246748,PCA,clone,2701,0.51666
larry,2154,0.0246748,RandomProjection,clone,42,0.02488
larry,2154,0.0246748,RandomProjection,clone,1404,0.02488
larry,2154,0.0246748,RandomProjection,clone,2701,0.02488
larry,2154,0.0246748,SCVI,clone,42,0.31951
larry,2154,0.0246748,SCVI,clone,1404,0.31292
larry,2154,0.0246748,SCVI,clone,2701,0.25183
larry,2154,0.0457311,Geneformer,clone,42,0.36486
larry,2154,0.0457311,Geneformer,clone,1404,0.29775
larry,2154,0.0457311,Geneformer,clone,2701,0.33886
larry,2154,0.0457311,PCA,clone,42,0.35373
larry,2154,0.0457311,PCA,clone,1404,0.32569
larry,2154,0.0457311,PCA,clone,2701,0.34419
larry,2154,0.0457311,RandomProjection,clone,42,0.07982
larry,2154,0.0457311,RandomProjection,clone,1404,0.07982
larry,2154,0.0457311,RandomProjection,clone,2701,0.07982
larry,2154,0.0457311,SCVI,clone,42,0.53549
larry,2154,0.0457311,SCVI,clone,1404,0.55484
larry,2154,0.0457311,SCVI,clone,2701,0.56877
larry,2154,0.0847557,Geneformer,clone,42,0.4726
larry,2154,0.0847557,Geneformer,clone,1404,0.34621
larry,2154,0.0847557,Geneformer,clone,2701,0.43522
larry,2154,0.0847557,PCA,clone,42,0.54237
larry,2154,0.0847557,PCA,clone,1404,0.66793
larry,2154,0.0847557,PCA,clone,2701,0.6262
larry,2154,0.0847557,RandomProjection,clone,42,0.08584
larry,2154,0.0847557,RandomProjection,clone,1404,0.08584
larry,2154,0.0847557,RandomProjection,clone,2701,0.08584
larry,2154,0.0847557,SCVI,clone,42,0.79687
larry,2154,0.0847557,SCVI,clone,1404,0.7382
larry,2154,0.0847557,SCVI,clone,2701,0.79255
larry,2154,0.1570821,Geneformer,clone,42,0.56721
larry,2154,0.1570821,Geneformer,clone,1404,0.4689
larry,2154,0.1570821,Geneformer,clone,2701,0.52769
larry,2154,0.1570821,PCA,clone,42,0.74455
larry,2154,0.1570821,PCA,clone,1404,0.84104
larry,2154,0.1570821,PCA,clone,2701,0.73807
larry,2154,0.1570821,RandomProjection,clone,42,0.0317
larry,2154,0.1570821,RandomProjection,clone,1404,0.0317
larry,2154,0.1570821,RandomProjection,clone,2701,0.0317
larry,2154,0.1570821,SCVI,clone,42,0.85858
larry,2154,0.1570821,SCVI,clone,1404,1.03269
larry,2154,0.1570821,SCVI,clone,2701,1.13091
larry,2154,0.2911284,Geneformer,clone,42,0.77959
larry,2154,0.2911284,Geneformer,clone,1404,0.81088
larry,2154,0.2911284,Geneformer,clone,2701,0.73365
larry,2154,0.2911284,PCA,clone,42,0.94589
larry,2154,0.2911284,PCA,clone,1404,0.9961
larry,2154,0.2911284,PCA,clone,2701,0.97454
larry,2154,0.2911284,RandomProjection,clone,42,0.15227
larry,2154,0.2911284,RandomProjection,clone,1404,0.15227
larry,2154,0.2911284,RandomProjection,clone,2701,0.15227
larry,2154,0.2911284,SCVI,clone,42,1.21347
larry,2154,0.2911284,SCVI,clone,1404,1.28036
larry,2154,0.2911284,SCVI,clone,2701,1.33122
larry,2154,0.5395631,Geneformer,clone,42,0.70978
larry,2154,0.5395631,Geneformer,clone,1404,0.91485
larry,2154,0.5395631,Geneformer,clone,2701,0.74787
larry,2154,0.5395631,PCA,clone,42,1.26725
larry,2154,0.5395631,PCA,clone,1404,1.2753
larry,2154,0.5395631,PCA,clone,2701,1.22467
larry,2154,0.5395631,RandomProjection,clone,42,0.26392
larry,2154,0.5395631,RandomProjection,clone,1404,0.26392
larry,2154,0.5395631,RandomProjection,clone,2701,0.26392
larry,2154,0.5395631,SCVI,clone,42,1.5337
larry,2154,0.5395631,SCVI,clone,1404,1.54226
larry,2154,0.5395631,SCVI,clone,2701,1.52691
larry,2154,1.0,Geneformer,clone,42,1.06429
larry,2154,1.0,Geneformer,clone,1404,1.07015
larry,2154,1.0,Geneformer,clone,2701,1.02909
larry,2154,1.0,PCA,clone,42,1.49425
larry,2154,1.0,PCA,clone,1404,1.53745
larry,2154,1.0,PCA,clone,2701,1.44125
larry,2154,1.0,RandomProjection,clone,42,0.40201
larry,2154,1.0,RandomProjection,clone,1404,0.40201
larry,2154,1.0,RandomProjection,clone,2701,0.40201
larry,2154,1.0,SCVI,clone,42,1.67371
larry,2154,1.0,SCVI,clone,1404,1.50976
larry,2154,1.0,SCVI,clone,2701,1.22996
larry,4641,0.003876,Geneformer,clone,42,-0.02691
larry,4641,0.003876,Geneformer,clone,1404,0.00911
larry,4641,0.003876,Geneformer,clone,2701,0.01514
larry,4641,0.003876,PCA,clone,42,1.53233
larry,4641,0.003876,PCA,clone,1404,1.60161
larry,4641,0.003876,PCA,clone,2701,1.57656
larry,4641,0.003876,RandomProjection,clone,42,-0.00451
larry,4641,0.003876,RandomProjection,clone,1404,-0.00451
larry,4641,0.003876,RandomProjection,clone,2701,-0.00451
larry,4641,0.003876,SCVI,clone,42,0.05996
larry,4641,0.003876,SCVI,clone,1404,-0.00132
larry,4641,0.003876,SCVI,clone,2701,0.03388
larry,4641,0.0071835,Geneformer,clone,42,0.03429
larry,4641,0.0071835,Geneformer,clone,1404,0.05585
larry,4641,0.0071835,Geneformer,clone,2701,0.08794
larry,4641,0.0071835,PCA,clone,42,1.09778
larry,4641,0.0071835,PCA,clone,1404,1.07352
larry,4641,0.0071835,PCA,clone,2701,1.12736
larry,4641,0.0071835,RandomProjection,clone,42,0.04314
larry,4641,0.0071835,RandomProjection,clone,1404,0.04314
larry,4641,0.0071835,RandomProjection,clone,2701,0.04314
larry,4641,0.0071835,SCVI,clone,42,0.07535
larry,4641,0.0071835,SCVI,clone,1404,0.09616
larry,4641,0.0071835,SCVI,clone,2701,0.06923
larry,4641,0.0133136,Geneformer,clone,42,0.02105
larry,4641,0.0133136,Geneformer,clone,1404,0.04765
larry,4641,0.0133136,Geneformer,clone,2701,0.0724
larry,4641,0.0133136,PCA,clone,42,0.59188
larry,4641,0.0133136,PCA,clone,1404,0.59263
larry,4641,0.0133136,PCA,clone,2701,0.6485
larry,4641,0.0133136,RandomProjection,clone,42,0.04593
larry,4641,0.0133136,RandomProjection,clone,1404,0.02291
larry,4641,0.0133136,RandomProjection,clone,2701,0.02291
larry,4641,0.0133136,SCVI,clone,42,0.10413
larry,4641,0.0133136,SCVI,clone,1404,0.20869
larry,4641,0.0133136,SCVI,clone,2701,0.08777
larry,4641,0.0246748,Geneformer,clone,42,0.1289
larry,4641,0.0246748,Geneformer,clone,1404,0.12791
larry,4641,0.0246748,Geneformer,clone,2701,0.20501
larry,4641,0.0246748,PCA,clone,42,0.43597
larry,4641,0.0246748,PCA,clone,1404,0.44875
larry,4641,0.0246748,PCA,clone,2701,0.46392
larry,4641,0.0246748,RandomProjection,clone,42,0.02488
larry,4641,0.0246748,RandomProjection,clone,1404,0.02488
larry,4641,0.0246748,RandomProjection,clone,2701,0.02488
larry,4641,0.0246748,SCVI,clone,42,0.42443
larry,4641,0.0246748,SCVI,clone,1404,0.4201
larry,4641,0.0246748,SCVI,clone,2701,0.42
larry,4641,0.0457311,Geneformer,clone,42,0.36766
larry,4641,0.0457311,Geneformer,clone,1404,0.35688
larry,4641,0.0457311,Geneformer,clone,2701,0.32285
larry,4641,0.0457311,PCA,clone,42,0.39746
larry,4641,0.0457311,PCA,clone,1404,0.37092
larry,4641,0.0457311,PCA,clone,2701,0.46205
larry,4641,0.0457311,RandomProjection,clone,42,0.07982
larry,4641,0.0457311,RandomProjection,clone,1404,0.07982
larry,4641,0.0457311,RandomProjection,clone,2701,0.07982
larry,4641,0.0457311,SCVI,clone,42,0.59342
larry,4641,0.0457311,SCVI,clone,1404,0.71052
larry,4641,0.0457311,SCVI,clone,2701,0.65522
larry,4641,0.0847557,Geneformer,clone,42,0.46294
larry,4641,0.0847557,Geneformer,clone,1404,0.33818
larry,4641,0.0847557,Geneformer,clone,2701,0.60377
larry,4641,0.0847557,PCA,clone,42,0.45961
larry,4641,0.0847557,PCA,clone,1404,0.6517
larry,4641,0.0847557,PCA,clone,2701,0.57162
larry,4641,0.0847557,RandomProjection,clone,42,0.08584
larry,4641,0.0847557,RandomProjection,clone,1404,0.08584
larry,4641,0.0847557,RandomProjection,clone,2701,0.08584
larry,4641,0.0847557,SCVI,clone,42,0.87583
larry,4641,0.0847557,SCVI,clone,1404,0.87491
larry,4641,0.0847557,SCVI,clone,2701,0.86708
larry,4641,0.1570821,Geneformer,clone,42,0.65279
larry,4641,0.1570821,Geneformer,clone,1404,0.65624
larry,4641,0.1570821,Geneformer,clone,2701,0.67921
larry,4641,0.1570821,PCA,clone,42,0.69024
larry,4641,0.1570821,PCA,clone,1404,0.87272
larry,4641,0.1570821,PCA,clone,2701,0.76866
larry,4641,0.1570821,RandomProjection,clone,42,0.0317
larry,4641,0.1570821,RandomProjection,clone,1404,0.0317
larry,4641,0.1570821,RandomProjection,clone,2701,0.0317
larry,4641,0.1570821,SCVI,clone,42,1.14053
larry,4641,0.1570821,SCVI,clone,1404,1.19702
larry,4641,0.1570821,SCVI,clone,2701,1.22602
larry,4641,0.2911284,Geneformer,clone,42,0.84847
larry,4641,0.2911284,Geneformer,clone,1404,0.7765
larry,4641,0.2911284,Geneformer,clone,2701,0.78116
larry,4641,0.2911284,PCA,clone,42,0.96077
larry,4641,0.2911284,PCA,clone,1404,1.05719
larry,4641,0.2911284,PCA,clone,2701,1.01101
larry,4641,0.2911284,RandomProjection,clone,42,0.15227
larry,4641,0.2911284,RandomProjection,clone,1404,0.15227
larry,4641,0.2911284,RandomProjection,clone,2701,0.15227
larry,4641,0.2911284,SCVI,clone,42,1.39504
larry,4641,0.2911284,SCVI,clone,1404,1.32904
larry,4641,0.2911284,SCVI,clone,2701,1.3351
larry,4641,0.5395631,Geneformer,clone,42,0.86659
larry,4641,0.5395631,Geneformer,clone,1404,1.02569
larry,4641,0.5395631,Geneformer,clone,2701,0.91891
larry,4641,0.5395631,PCA,clone,42,1.31022
larry,4641,0.5395631,PCA,clone,1404,1.30412
larry,4641,0.5395631,PCA,clone,2701,1.2869
larry,4641,0.5395631,RandomProjection,clone,42,0.26392
larry,4641,0.5395631,RandomProjection,clone,1404,0.26392
larry,4641,0.5395631,RandomProjection,clone,2701,0.26392
larry,4641,0.5395631,SCVI,clone,42,1.69444
larry,4641,0.5395631,SCVI,clone,1404,1.62675
larry,4641,0.5395631,SCVI,clone,2701,1.59911
larry,4641,1.0,Geneformer,clone,42,1.28094
larry,4641,1.0,Geneformer,clone,1404,1.05321
larry,4641,1.0,Geneformer,clone,2701,0.9893
larry,4641,1.0,PCA,clone,42,1.38148
larry,4641,1.0,PCA,clone,1404,1.4642
larry,4641,1.0,PCA,clone,2701,1.37325
larry,4641,1.0,RandomProjection,clone,42,0.40201
larry,4641,1.0,RandomProjection,clone,1404,0.40201
larry,4641,1.0,RandomProjection,clone,2701,0.40201
larry,4641,1.0,SCVI,clone,42,1.77046
larry,4641,1.0,SCVI,clone,1404,1.71196
larry,4641,1.0,SCVI,clone,2701,1.72454
larry,10000,0.003876,Geneformer,clone,42,0.03596
larry,10000,0.003876,Geneformer,clone,1404,0.00524
larry,10000,0.003876,Geneformer,clone,2701,0.04234
larry,10000,0.003876,PCA,clone,42,1.52309
larry,10000,0.003876,PCA,clone,1404,1.58489
larry,10000,0.003876,PCA,clone,2701,1.58531
larry,10000,0.003876,RandomProjection,clone,42,-0.00451
larry,10000,0.003876,RandomProjection,clone,1404,-0.00451
larry,10000,0.003876,RandomProjection,clone,2701,-0.00451
larry,10000,0.003876,SCVI,clone,42,0.06708
larry,10000,0.003876,SCVI,clone,1404,-0.01594
larry,10000,0.003876,SCVI,clone,2701,0.02329
larry,10000,0.0071835,Geneformer,clone,42,0.0762
larry,10000,0.0071835,Geneformer,clone,1404,0.07845
larry,10000,0.0071835,Geneformer,clone,2701,0.06881
larry,10000,0.0071835,PCA,clone,42,1.10148
larry,10000,0.0071835,PCA,clone,1404,1.03705
larry,10000,0.0071835,PCA,clone,2701,1.11649
larry,10000,0.0071835,RandomProjection,clone,42,0.04314
larry,10000,0.0071835,RandomProjection,clone,1404,0.04314
larry,10000,0.0071835,RandomProjection,clone,2701,0.04314
larry,10000,0.0071835,SCVI,clone,42,0.11124
larry,10000,0.0071835,SCVI,clone,1404,0.08447
larry,10000,0.0071835,SCVI,clone,2701,0.08258
larry,10000,0.0133136,Geneformer,clone,42,0.11381
larry,10000,0.0133136,Geneformer,clone,1404,0.13772
larry,10000,0.0133136,Geneformer,clone,2701,0.16705
larry,10000,0.0133136,PCA,clone,42,0.57897
larry,10000,0.0133136,PCA,clone,1404,0.5984
larry,10000,0.0133136,PCA,clone,2701,0.64703
larry,10000,0.0133136,RandomProjection,clone,42,0.02291
larry,10000,0.0133136,RandomProjection,clone,1404,0.02291
larry,10000,0.0133136,RandomProjection,clone,2701,0.02291
larry,10000,0.0133136,SCVI,clone,42,0.28762
larry,10000,0.0133136,SCVI,clone,1404,0.29463
larry,10000,0.0133136,SCVI,clone,2701,0.2509
larry,10000,0.0246748,Geneformer,clone,42,0.22836
larry,10000,0.0246748,Geneformer,clone,1404,0.14553
larry,10000,0.0246748,Geneformer,clone,2701,0.17521
larry,10000,0.0246748,PCA,clone,42,0.42195
larry,10000,0.0246748,PCA,clone,1404,0.40745
larry,10000,0.0246748,PCA,clone,2701,0.41665
larry,10000,0.0246748,RandomProjection,clone,42,0.02488
larry,10000,0.0246748,RandomProjection,clone,1404,0.02488
larry,10000,0.0246748,RandomProjection,clone,2701,0.02488
larry,10000,0.0246748,SCVI,clone,42,0.49271
larry,10000,0.0246748,SCVI,clone,1404,0.46471
larry,10000,0.0246748,SCVI,clone,2701,0.39805
larry,10000,0.0457311,Geneformer,clone,42,0.26644
larry,10000,0.0457311,Geneformer,clone,1404,0.34557
larry,10000,0.0457311,Geneformer,clone,2701,0.42013
larry,10000,0.0457311,PCA,clone,42,0.36164
larry,10000,0.0457311,PCA,clone,1404,0.35851
larry,10000,0.0457311,PCA,clone,2701,0.40811
larry,10000,0.0457311,RandomProjection,clone,42,0.07982
larry,10000,0.0457311,RandomProjection,clone,1404,0.07982
larry,10000,0.0457311,RandomProjection,clone,2701,0.07982
larry,10000,0.0457311,SCVI,clone,42,0.66333
larry,10000,0.0457311,SCVI,clone,1404,0.74788
larry,10000,0.0457311,SCVI,clone,2701,0.7807
larry,10000,0.0847557,Geneformer,clone,42,0.31369
larry,10000,0.0847557,Geneformer,clone,1404,0.62004
larry,10000,0.0847557,Geneformer,clone,2701,0.24563
larry,10000,0.0847557,PCA,clone,42,0.5379
larry,10000,0.0847557,PCA,clone,1404,0.66493
larry,10000,0.0847557,PCA,clone,2701,0.58042
larry,10000,0.0847557,RandomProjection,clone,42,0.08584
larry,10000,0.0847557,RandomProjection,clone,1404,0.08584
larry,10000,0.0847557,RandomProjection,clone,2701,0.08584
larry,10000,0.0847557,SCVI,clone,42,0.9557
larry,10000,0.0847557,SCVI,clone,1404,1.07407
larry,10000,0.0847557,SCVI,clone,2701,1.066
larry,10000,0.1570821,Geneformer,clone,42,0.56455
larry,10000,0.1570821,Geneformer,clone,1404,0.56599
larry,10000,0.1570821,Geneformer,clone,2701,0.84203
larry,10000,0.1570821,PCA,clone,42,0.73475
larry,10000,0.1570821,PCA,clone,1404,0.86605
larry,10000,0.1570821,PCA,clone,2701,0.80529
larry,10000,0.1570821,RandomProjection,clone,42,0.0317
larry,10000,0.1570821,RandomProjection,clone,1404,0.0317
larry,10000,0.1570821,RandomProjection,clone,2701,0.0317
larry,10000,0.1570821,SCVI,clone,42,1.24896
larry,10000,0.1570821,SCVI,clone,1404,1.25684
larry,10000,0.1570821,SCVI,clone,2701,1.20552
larry,10000,0.2911284,Geneformer,clone,42,0.83313
larry,10000,0.2911284,Geneformer,clone,1404,0.74748
larry,10000,0.2911284,Geneformer,clone,2701,0.80971
larry,10000,0.2911284,PCA,clone,42,0.99832
larry,10000,0.2911284,PCA,clone,1404,1.07821
larry,10000,0.2911284,PCA,clone,2701,0.92569
larry,10000,0.2911284,RandomProjection,clone,42,0.15227
larry,10000,0.2911284,RandomProjection,clone,1404,0.15227
larry,10000,0.2911284,RandomProjection,clone,2701,0.15227
larry,10000,0.2911284,SCVI,clone,42,1.59856
larry,10000,0.2911284,SCVI,clone,1404,1.47874
larry,10000,0.2911284,SCVI,clone,2701,1.40939
larry,10000,0.5395631,Geneformer,clone,42,0.76653
larry,10000,0.5395631,Geneformer,clone,1404,0.97002
larry,10000,0.5395631,Geneformer,clone,2701,1.19874
larry,10000,0.5395631,PCA,clone,42,1.20331
larry,10000,0.5395631,PCA,clone,1404,1.31326
larry,10000,0.5395631,PCA,clone,2701,1.28902
larry,10000,0.5395631,RandomProjection,clone,42,0.26392
larry,10000,0.5395631,RandomProjection,clone,1404,0.26392
larry,10000,0.5395631,RandomProjection,clone,2701,0.26392
larry,10000,0.5395631,SCVI,clone,42,1.6704
larry,10000,0.5395631,SCVI,clone,1404,1.55572
larry,10000,0.5395631,SCVI,clone,2701,1.66487
larry,10000,1.0,Geneformer,clone,42,1.2133
larry,10000,1.0,Geneformer,clone,1404,1.02588
larry,10000,1.0,Geneformer,clone,2701,1.12085
larry,10000,1.0,PCA,clone,42,1.46577
larry,10000,1.0,PCA,clone,1404,1.52532
larry,10000,1.0,PCA,clone,2701,1.44
larry,10000,1.0,RandomProjection,clone,42,0.40201
larry,10000,1.0,RandomProjection,clone,1404,0.40201
larry,10000,1.0,RandomProjection,clone,2701,0.40201
larry,10000,1.0,SCVI,clone,42,1.78508
larry,10000,1.0,SCVI,clone,1404,1.7599
larry,10000,1.0,SCVI,clone,2701,1.72378
larry,21544,0.003876,Geneformer,clone,42,0.04104
larry,21544,0.003876,Geneformer,clone,1404,0.03874
larry,21544,0.003876,Geneformer,clone,2701,-0.02725
larry,21544,0.003876,PCA,clone,42,1.52918
larry,21544,0.003876,PCA,clone,1404,1.58079
larry,21544,0.003876,PCA,clone,2701,1.58637
larry,21544,0.003876,RandomProjection,clone,42,-0.00451
larry,21544,0.003876,RandomProjection,clone,1404,-0.00451
larry,21544,0.003876,RandomProjection,clone,2701,-0.00451
larry,21544,0.003876,SCVI,clone,42,0.0233
larry,21544,0.003876,SCVI,clone,1404,0.02429
larry,21544,0.003876,SCVI,clone,2701,0.11535
larry,21544,0.0071835,Geneformer,clone,42,0.05445
larry,21544,0.0071835,Geneformer,clone,1404,0.16878
larry,21544,0.0071835,Geneformer,clone,2701,0.06147
larry,21544,0.0071835,PCA,clone,42,1.08692
larry,21544,0.0071835,PCA,clone,1404,1.053
larry,21544,0.0071835,PCA,clone,2701,1.08664
larry,21544,0.0071835,RandomProjection,clone,42,0.04314
larry,21544,0.0071835,RandomProjection,clone,1404,0.04314
larry,21544,0.0071835,RandomProjection,clone,2701,0.04314
larry,21544,0.0071835,SCVI,clone,42,0.10716
larry,21544,0.0071835,SCVI,clone,1404,0.06469
larry,21544,0.0071835,SCVI,clone,2701,0.07007
larry,21544,0.0133136,Geneformer,clone,42,0.14829
larry,21544,0.0133136,Geneformer,clone,1404,0.172
larry,21544,0.0133136,Geneformer,clone,2701,0.11778
larry,21544,0.0133136,PCA,clone,42,0.62683
larry,21544,0.0133136,PCA,clone,1404,0.62724
larry,21544,0.0133136,PCA,clone,2701,0.64384
larry,21544,0.0133136,RandomProjection,clone,42,0.02291
larry,21544,0.0133136,RandomProjection,clone,1404,0.02291
larry,21544,0.0133136,RandomProjection,clone,2701,0.02291
larry,21544,0.0133136,SCVI,clone,42,0.28112
larry,21544,0.0133136,SCVI,clone,1404,0.25847
larry,21544,0.0133136,SCVI,clone,2701,0.29921
larry,21544,0.0246748,Geneformer,clone,42,0.20348
larry,21544,0.0246748,Geneformer,clone,1404,0.16349
larry,21544,0.0246748,Geneformer,clone,2701,0.26835
larry,21544,0.0246748,PCA,clone,42,0.43481
larry,21544,0.0246748,PCA,clone,1404,0.44325
larry,21544,0.0246748,PCA,clone,2701,0.44694
larry,21544,0.0246748,RandomProjection,clone,42,0.02488
larry,21544,0.0246748,RandomProjection,clone,1404,0.02488
larry,21544,0.0246748,RandomProjection,clone,2701,0.02488
larry,21544,0.0246748,SCVI,clone,42,0.54571
larry,21544,0.0246748,SCVI,clone,1404,0.4923
larry,21544,0.0246748,SCVI,clone,2701,0.60561
larry,21544,0.0457311,Geneformer,clone,42,0.34905
larry,21544,0.0457311,Geneformer,clone,1404,0.41272
larry,21544,0.0457311,Geneformer,clone,2701,0.34417
larry,21544,0.0457311,PCA,clone,42,0.33926
larry,21544,0.0457311,PCA,clone,1404,0.2989
larry,21544,0.0457311,PCA,clone,2701,0.40599
larry,21544,0.0457311,RandomProjection,clone,42,0.07982
larry,21544,0.0457311,RandomProjection,clone,1404,0.07982
larry,21544,0.0457311,RandomProjection,clone,2701,0.07982
larry,21544,0.0457311,SCVI,clone,42,0.851
larry,21544,0.0457311,SCVI,clone,1404,0.78297
larry,21544,0.0457311,SCVI,clone,2701,0.76493
larry,21544,0.0847557,Geneformer,clone,42,0.53237
larry,21544,0.0847557,Geneformer,clone,1404,0.49294
larry,21544,0.0847557,Geneformer,clone,2701,0.72644
larry,21544,0.0847557,PCA,clone,42,0.55251
larry,21544,0.0847557,PCA,clone,1404,0.67652
larry,21544,0.0847557,PCA,clone,2701,0.64462
larry,21544,0.0847557,RandomProjection,clone,42,0.08584
larry,21544,0.0847557,RandomProjection,clone,1404,0.08584
larry,21544,0.0847557,RandomProjection,clone,2701,0.08584
larry,21544,0.0847557,SCVI,clone,42,1.01695
larry,21544,0.0847557,SCVI,clone,1404,1.06308
larry,21544,0.0847557,SCVI,clone,2701,1.11959
larry,21544,0.1570821,Geneformer,clone,42,0.61906
larry,21544,0.1570821,Geneformer,clone,1404,0.63648
larry,21544,0.1570821,Geneformer,clone,2701,0.81671
larry,21544,0.1570821,PCA,clone,42,0.76939
larry,21544,0.1570821,PCA,clone,1404,0.84694
larry,21544,0.1570821,PCA,clone,2701,0.82029
larry,21544,0.1570821,RandomProjection,clone,42,0.0317
larry,21544,0.1570821,RandomProjection,clone,1404,0.0317
larry,21544,0.1570821,RandomProjection,clone,2701,0.0317
larry,21544,0.1570821,SCVI,clone,42,1.22805
larry,21544,0.1570821,SCVI,clone,1404,1.27702
larry,21544,0.1570821,SCVI,clone,2701,1.26623
larry,21544,0.2911284,Geneformer,clone,42,0.81139
larry,21544,0.2911284,Geneformer,clone,1404,0.80767
larry,21544,0.2911284,Geneformer,clone,2701,0.89822
larry,21544,0.2911284,PCA,clone,42,1.02171
larry,21544,0.2911284,PCA,clone,1404,1.03654
larry,21544,0.2911284,PCA,clone,2701,1.00858
larry,21544,0.2911284,RandomProjection,clone,42,0.15227
larry,21544,0.2911284,RandomProjection,clone,1404,0.15227
larry,21544,0.2911284,RandomProjection,clone,2701,0.15227
larry,21544,0.2911284,SCVI,clone,42,1.42829
larry,21544,0.2911284,SCVI,clone,1404,1.4335
larry,21544,0.2911284,SCVI,clone,2701,1.42003
larry,21544,0.5395631,Geneformer,clone,42,0.95801
larry,21544,0.5395631,Geneformer,clone,1404,0.81792
larry,21544,0.5395631,Geneformer,clone,2701,1.25721
larry,21544,0.5395631,PCA,clone,42,1.27983
larry,21544,0.5395631,PCA,clone,1404,1.27304
larry,21544,0.5395631,PCA,clone,2701,1.26766
larry,21544,0.5395631,RandomProjection,clone,42,0.26392
larry,21544,0.5395631,RandomProjection,clone,1404,0.26392
larry,21544,0.5395631,RandomProjection,clone,2701,0.26392
larry,21544,0.5395631,SCVI,clone,42,1.65505
larry,21544,0.5395631,SCVI,clone,1404,1.55075
larry,21544,0.5395631,SCVI,clone,2701,1.54966
larry,21544,1.0,Geneformer,clone,42,1.1914
larry,21544,1.0,Geneformer,clone,1404,1.15908
larry,21544,1.0,Geneformer,clone,2701,1.00051
larry,21544,1.0,PCA,clone,42,1.42394
larry,21544,1.0,PCA,clone,1404,1.50671
larry,21544,1.0,PCA,clone,2701,1.41888
larry,21544,1.0,RandomProjection,clone,42,0.40201
larry,21544,1.0,RandomProjection,clone,1404,0.40201
larry,21544,1.0,RandomProjection,clone,2701,0.40201
larry,21544,1.0,SCVI,clone,42,1.81924
larry,21544,1.0,SCVI,clone,1404,1.72764
larry,21544,1.0,SCVI,clone,2701,1.73007
larry,46415,0.003876,Geneformer,clone,42,-0.00901
larry,46415,0.003876,Geneformer,clone,1404,-0.04189
larry,46415,0.003876,Geneformer,clone,2701,-0.01283
larry,46415,0.003876,PCA,clone,42,1.52354
larry,46415,0.003876,PCA,clone,1404,1.57408
larry,46415,0.003876,PCA,clone,2701,1.58672
larry,46415,0.003876,RandomProjection,clone,42,-0.00451
larry,46415,0.003876,RandomProjection,clone,1404,-0.00451
larry,46415,0.003876,RandomProjection,clone,2701,-0.00451
larry,46415,0.003876,SCVI,clone,42,0.05873
larry,46415,0.003876,SCVI,clone,1404,0.00614
larry,46415,0.003876,SCVI,clone,2701,0.14608
larry,46415,0.0071835,Geneformer,clone,42,0.0479
larry,46415,0.0071835,Geneformer,clone,1404,0.07948
larry,46415,0.0071835,Geneformer,clone,2701,0.06536
larry,46415,0.0071835,PCA,clone,42,1.08052
larry,46415,0.0071835,PCA,clone,1404,1.05711
larry,46415,0.0071835,PCA,clone,2701,1.06806
larry,46415,0.0071835,RandomProjection,clone,42,0.04314
larry,46415,0.0071835,RandomProjection,clone,1404,0.04314
larry,46415,0.0071835,RandomProjection,clone,2701,0.04314
larry,46415,0.0071835,SCVI,clone,42,0.21506
larry,46415,0.0071835,SCVI,clone,1404,0.24159
larry,46415,0.0071835,SCVI,clone,2701,0.12244
larry,46415,0.0133136,Geneformer,clone,42,0.10616
larry,46415,0.0133136,Geneformer,clone,1404,0.03971
larry,46415,0.0133136,Geneformer,clone,2701,0.215
larry,46415,0.0133136,PCA,clone,42,0.58624
larry,46415,0.0133136,PCA,clone,1404,0.58082
larry,46415,0.0133136,PCA,clone,2701,0.62202
larry,46415,0.0133136,RandomProjection,clone,42,0.02291
larry,46415,0.0133136,RandomProjection,clone,1404,0.02291
larry,46415,0.0133136,RandomProjection,clone,2701,0.02291
larry,46415,0.0133136,SCVI,clone,42,0.39904
larry,46415,0.0133136,SCVI,clone,1404,0.3718
larry,46415,0.0133136,SCVI,clone,2701,0.33823
larry,46415,0.0246748,Geneformer,clone,42,0.27197
larry,46415,0.0246748,Geneformer,clone,1404,0.32437
larry,46415,0.0246748,Geneformer,clone,2701,0.31025
larry,46415,0.0246748,PCA,clone,42,0.41784
larry,46415,0.0246748,PCA,clone,1404,0.407
larry,46415,0.0246748,PCA,clone,2701,0.47148
larry,46415,0.0246748,RandomProjection,clone,42,0.02488
larry,46415,0.0246748,RandomProjection,clone,1404,0.02488
larry,46415,0.0246748,RandomProjection,clone,2701,0.02488
larry,46415,0.0246748,SCVI,clone,42,0.4813
larry,46415,0.0246748,SCVI,clone,1404,0.46161
larry,46415,0.0246748,SCVI,clone,2701,0.51727
larry,46415,0.0457311,Geneformer,clone,42,0.39331
larry,46415,0.0457311,Geneformer,clone,1404,0.50781
larry,46415,0.0457311,Geneformer,clone,2701,0.40592
larry,46415,0.0457311,PCA,clone,42,0.3632
larry,46415,0.0457311,PCA,clone,1404,0.30837
larry,46415,0.0457311,PCA,clone,2701,0.41581
larry,46415,0.0457311,RandomProjection,clone,42,0.07982
larry,46415,0.0457311,RandomProjection,clone,1404,0.07982
larry,46415,0.0457311,RandomProjection,clone,2701,0.07982
larry,46415,0.0457311,SCVI,clone,42,0.85083
larry,46415,0.0457311,SCVI,clone,1404,0.8769
larry,46415,0.0457311,SCVI,clone,2701,0.77061
larry,46415,0.0847557,Geneformer,clone,42,0.57384
larry,46415,0.0847557,Geneformer,clone,1404,0.60667
larry,46415,0.0847557,Geneformer,clone,2701,0.62487
larry,46415,0.0847557,PCA,clone,42,0.50482
larry,46415,0.0847557,PCA,clone,1404,0.6106
larry,46415,0.0847557,PCA,clone,2701,0.58331
larry,46415,0.0847557,RandomProjection,clone,42,0.08584
larry,46415,0.0847557,RandomProjection,clone,1404,0.08584
larry,46415,0.0847557,RandomProjection,clone,2701,0.08584
larry,46415,0.0847557,SCVI,clone,42,1.06067
larry,46415,0.0847557,SCVI,clone,1404,1.0304
larry,46415,0.0847557,SCVI,clone,2701,1.03374
larry,46415,0.1570821,Geneformer,clone,42,0.90121
larry,46415,0.1570821,Geneformer,clone,1404,0.75983
larry,46415,0.1570821,Geneformer,clone,2701,0.933
larry,46415,0.1570821,PCA,clone,42,0.78087
larry,46415,0.1570821,PCA,clone,1404,0.82145
larry,46415,0.1570821,PCA,clone,2701,0.74431
larry,46415,0.1570821,RandomProjection,clone,42,0.0317
larry,46415,0.1570821,RandomProjection,clone,1404,0.0317
larry,46415,0.1570821,RandomProjection,clone,2701,0.0317
larry,46415,0.1570821,SCVI,clone,42,1.25493
larry,46415,0.1570821,SCVI,clone,1404,1.22184
larry,46415,0.1570821,SCVI,clone,2701,1.21257
larry,46415,0.2911284,Geneformer,clone,42,0.81188
larry,46415,0.2911284,Geneformer,clone,1404,0.8367
larry,46415,0.2911284,Geneformer,clone,2701,0.83843
larry,46415,0.2911284,PCA,clone,42,0.98386
larry,46415,0.2911284,PCA,clone,1404,1.11921
larry,46415,0.2911284,PCA,clone,2701,1.00627
larry,46415,0.2911284,RandomProjection,clone,42,0.15227
larry,46415,0.2911284,RandomProjection,clone,1404,0.15227
larry,46415,0.2911284,RandomProjection,clone,2701,0.15227
larry,46415,0.2911284,SCVI,clone,42,1.45051
larry,46415,0.2911284,SCVI,clone,1404,1.37731
larry,46415,0.2911284,SCVI,clone,2701,1.37849
larry,46415,0.5395631,Geneformer,clone,42,0.81505
larry,46415,0.5395631,Geneformer,clone,1404,0.95834
larry,46415,0.5395631,Geneformer,clone,2701,0.81037
larry,46415,0.5395631,PCA,clone,42,1.21512
larry,46415,0.5395631,PCA,clone,1404,1.32346
larry,46415,0.5395631,PCA,clone,2701,1.32842
larry,46415,0.5395631,RandomProjection,clone,42,0.26392
larry,46415,0.5395631,RandomProjection,clone,1404,0.26392
larry,46415,0.5395631,RandomProjection,clone,2701,0.26392
larry,46415,0.5395631,SCVI,clone,42,1.62726
larry,46415,0.5395631,SCVI,clone,1404,1.52055
larry,46415,0.5395631,SCVI,clone,2701,1.61058
larry,46415,1.0,Geneformer,clone,42,0.68506
larry,46415,1.0,Geneformer,clone,1404,0.65608
larry,46415,1.0,Geneformer,clone,2701,0.97136
larry,46415,1.0,PCA,clone,42,1.42614
larry,46415,1.0,PCA,clone,1404,1.53782
larry,46415,1.0,PCA,clone,2701,1.46364
larry,46415,1.0,RandomProjection,clone,42,0.40201
larry,46415,1.0,RandomProjection,clone,1404,0.40201
larry,46415,1.0,RandomProjection,clone,2701,0.40201
larry,46415,1.0,SCVI,clone,42,1.69718
larry,46415,1.0,SCVI,clone,1404,1.8024
larry,46415,1.0,SCVI,clone,2701,1.6776
larry,100000,0.003876,Geneformer,clone,42,0.04762
larry,100000,0.003876,Geneformer,clone,1404,-0.02201
larry,100000,0.003876,Geneformer,clone,2701,0.03008
larry,100000,0.003876,PCA,clone,42,1.52568
larry,100000,0.003876,PCA,clone,1404,1.56648
larry,100000,0.003876,PCA,clone,2701,1.56857
larry,100000,0.003876,RandomProjection,clone,42,-0.00451
larry,100000,0.003876,RandomProjection,clone,1404,-0.00451
larry,100000,0.003876,RandomProjection,clone,2701,-0.00451
larry,100000,0.003876,SCVI,clone,42,0.01614
larry,100000,0.003876,SCVI,clone,1404,0.06549
larry,100000,0.003876,SCVI,clone,2701,0.07948
larry,100000,0.0071835,Geneformer,clone,42,0.12434
larry,100000,0.0071835,Geneformer,clone,1404,0.11024
larry,100000,0.0071835,Geneformer,clone,2701,0.08202
larry,100000,0.0071835,PCA,clone,42,1.08171
larry,100000,0.0071835,PCA,clone,1404,1.07044
larry,100000,0.0071835,PCA,clone,2701,1.0651
larry,100000,0.0071835,RandomProjection,clone,42,0.04314
larry,100000,0.0071835,RandomProjection,clone,1404,0.04314
larry,100000,0.0071835,RandomProjection,clone,2701,0.04314
larry,100000,0.0071835,SCVI,clone,42,0.22271
larry,100000,0.0071835,SCVI,clone,1404,0.17793
larry,100000,0.0071835,SCVI,clone,2701,0.09013
larry,100000,0.0133136,Geneformer,clone,42,0.11534
larry,100000,0.0133136,Geneformer,clone,1404,0.09734
larry,100000,0.0133136,Geneformer,clone,2701,0.1503
larry,100000,0.0133136,PCA,clone,42,0.59048
larry,100000,0.0133136,PCA,clone,1404,0.57533
larry,100000,0.0133136,PCA,clone,2701,0.63015
larry,100000,0.0133136,RandomProjection,clone,42,0.02291
larry,100000,0.0133136,RandomProjection,clone,1404,0.02291
larry,100000,0.0133136,RandomProjection,clone,2701,0.02291
larry,100000,0.0133136,SCVI,clone,42,0.36186
larry,100000,0.0133136,SCVI,clone,1404,0.30255
larry,100000,0.0133136,SCVI,clone,2701,0.25411
larry,100000,0.0246748,Geneformer,clone,42,0.28862
larry,100000,0.0246748,Geneformer,clone,1404,0.20695
larry,100000,0.0246748,Geneformer,clone,2701,0.28601
larry,100000,0.0246748,PCA,clone,42,0.437
larry,100000,0.0246748,PCA,clone,1404,0.46999
larry,100000,0.0246748,PCA,clone,2701,0.46935
larry,100000,0.0246748,RandomProjection,clone,42,0.02488
larry,100000,0.0246748,RandomProjection,clone,1404,0.02488
larry,100000,0.0246748,RandomProjection,clone,2701,0.02488
larry,100000,0.0246748,SCVI,clone,42,0.63415
larry,100000,0.0246748,SCVI,clone,1404,0.64938
larry,100000,0.0246748,SCVI,clone,2701,0.56264
larry,100000,0.0457311,Geneformer,clone,42,0.49925
larry,100000,0.0457311,Geneformer,clone,1404,0.37605
larry,100000,0.0457311,Geneformer,clone,2701,0.46141
larry,100000,0.0457311,PCA,clone,42,0.39145
larry,100000,0.0457311,PCA,clone,1404,0.34205
larry,100000,0.0457311,PCA,clone,2701,0.38222
larry,100000,0.0457311,RandomProjection,clone,42,0.07982
larry,100000,0.0457311,RandomProjection,clone,1404,0.07982
larry,100000,0.0457311,RandomProjection,clone,2701,0.07982
larry,100000,0.0457311,SCVI,clone,42,0.82014
larry,100000,0.0457311,SCVI,clone,1404,0.875
larry,100000,0.0457311,SCVI,clone,2701,0.79103
larry,100000,0.0847557,Geneformer,clone,42,0.55042
larry,100000,0.0847557,Geneformer,clone,1404,0.72828
larry,100000,0.0847557,Geneformer,clone,2701,0.62425
larry,100000,0.0847557,PCA,clone,42,0.50498
larry,100000,0.0847557,PCA,clone,1404,0.60136
larry,100000,0.0847557,PCA,clone,2701,0.5753
larry,100000,0.0847557,RandomProjection,clone,42,0.08584
larry,100000,0.0847557,RandomProjection,clone,1404,0.08584
larry,100000,0.0847557,RandomProjection,clone,2701,0.08584
larry,100000,0.0847557,SCVI,clone,42,1.06555
larry,100000,0.0847557,SCVI,clone,1404,1.1338
larry,100000,0.0847557,SCVI,clone,2701,1.09931
larry,100000,0.1570821,Geneformer,clone,42,0.92493
larry,100000,0.1570821,Geneformer,clone,1404,0.93209
larry,100000,0.1570821,Geneformer,clone,2701,0.71341
larry,100000,0.1570821,PCA,clone,42,0.74779
larry,100000,0.1570821,PCA,clone,1404,0.84923
larry,100000,0.1570821,PCA,clone,2701,0.7186
larry,100000,0.1570821,RandomProjection,clone,42,0.0317
larry,100000,0.1570821,RandomProjection,clone,1404,0.0317
larry,100000,0.1570821,RandomProjection,clone,2701,0.0317
larry,100000,0.1570821,SCVI,clone,42,1.25665
larry,100000,0.1570821,SCVI,clone,1404,1.25326
larry,100000,0.1570821,SCVI,clone,2701,1.29682
larry,100000,0.2911284,Geneformer,clone,42,0.77049
larry,100000,0.2911284,Geneformer,clone,1404,0.78112
larry,100000,0.2911284,Geneformer,clone,2701,0.78712
larry,100000,0.2911284,PCA,clone,42,1.01203
larry,100000,0.2911284,PCA,clone,1404,1.03889
larry,100000,0.2911284,PCA,clone,2701,1.02198
larry,100000,0.2911284,RandomProjection,clone,42,0.15227
larry,100000,0.2911284,RandomProjection,clone,1404,0.15227
larry,100000,0.2911284,RandomProjection,clone,2701,0.15227
larry,100000,0.2911284,SCVI,clone,42,1.52018
larry,100000,0.2911284,SCVI,clone,1404,1.40913
larry,100000,0.2911284,SCVI,clone,2701,1.38867
larry,100000,0.5395631,Geneformer,clone,42,1.08986
larry,100000,0.5395631,Geneformer,clone,1404,1.04871
larry,100000,0.5395631,Geneformer,clone,2701,1.19207
larry,100000,0.5395631,PCA,clone,42,1.22493
larry,100000,0.5395631,PCA,clone,1404,1.32961
larry,100000,0.5395631,PCA,clone,2701,1.3149
larry,100000,0.5395631,RandomProjection,clone,42,0.26392
larry,100000,0.5395631,RandomProjection,clone,1404,0.26392
larry,100000,0.5395631,RandomProjection,clone,2701,0.26392
larry,100000,0.5395631,SCVI,clone,42,1.63534
larry,100000,0.5395631,SCVI,clone,1404,1.50558
larry,100000,0.5395631,SCVI,clone,2701,1.55116
larry,100000,1.0,Geneformer,clone,42,0.66412
larry,100000,1.0,Geneformer,clone,1404,1.07829
larry,100000,1.0,Geneformer,clone,2701,0.6507
larry,100000,1.0,PCA,clone,42,1.4719
larry,100000,1.0,PCA,clone,1404,1.51308
larry,100000,1.0,PCA,clone,2701,1.40009
larry,100000,1.0,RandomProjection,clone,42,0.40201
larry,100000,1.0,RandomProjection,clone,1404,0.40201
larry,100000,1.0,RandomProjection,clone,2701,0.40201
larry,100000,1.0,SCVI,clone,42,1.83745
larry,100000,1.0,SCVI,clone,1404,1.84408
larry,100000,1.0,SCVI,clone,2701,1.69232
merfish,100,0.027248,Geneformer,ng_idx,1404,0.15916
merfish,100,0.027248,Geneformer,ng_idx,2303,0.11937
merfish,100,0.027248,Geneformer,ng_idx,2701,0.11268
merfish,100,0.027248,PCA,ng_idx,1404,0.13932
merfish,100,0.027248,PCA,ng_idx,2303,0.12343
merfish,100,0.027248,PCA,ng_idx,2701,0.15609
merfish,100,0.027248,RandomProjection,ng_idx,1404,0.03937
merfish,100,0.027248,RandomProjection,ng_idx,2303,0.06278
merfish,100,0.027248,RandomProjection,ng_idx,2701,0.03937
merfish,100,0.027248,SCVI,ng_idx,1404,0.06832
merfish,100,0.027248,SCVI,ng_idx,2303,0.0882
merfish,100,0.027248,SCVI,ng_idx,2701,0.05415
merfish,100,0.0406617,Geneformer,ng_idx,1404,0.18806
merfish,100,0.0406617,Geneformer,ng_idx,2303,0.16892
merfish,100,0.0406617,Geneformer,ng_idx,2701,0.14432
merfish,100,0.0406617,PCA,ng_idx,1404,0.1876
merfish,100,0.0406617,PCA,ng_idx,2303,0.24053
merfish,100,0.0406617,PCA,ng_idx,2701,0.20443
merfish,100,0.0406617,RandomProjection,ng_idx,1404,0.06378
merfish,100,0.0406617,RandomProjection,ng_idx,2303,0.07044
merfish,100,0.0406617,RandomProjection,ng_idx,2701,0.06378
merfish,100,0.0406617,SCVI,ng_idx,1404,0.1048
merfish,100,0.0406617,SCVI,ng_idx,2303,0.14544
merfish,100,0.0406617,SCVI,ng_idx,2701,0.0848
merfish,100,0.0606789,Geneformer,ng_idx,1404,0.22413
merfish,100,0.0606789,Geneformer,ng_idx,2303,0.18044
merfish,100,0.0606789,Geneformer,ng_idx,2701,0.17877
merfish,100,0.0606789,PCA,ng_idx,1404,0.25049
merfish,100,0.0606789,PCA,ng_idx,2303,0.22413
merfish,100,0.0606789,PCA,ng_idx,2701,0.24885
merfish,100,0.0606789,RandomProjection,ng_idx,1404,0.06458
merfish,100,0.0606789,RandomProjection,ng_idx,2303,0.07459
merfish,100,0.0606789,RandomProjection,ng_idx,2701,0.06458
merfish,100,0.0606789,SCVI,ng_idx,1404,0.13811
merfish,100,0.0606789,SCVI,ng_idx,2303,0.16919
merfish,100,0.0606789,SCVI,ng_idx,2701,0.17722
merfish,100,0.0905502,Geneformer,ng_idx,1404,0.28909
merfish,100,0.0905502,Geneformer,ng_idx,2303,0.2299
merfish,100,0.0905502,Geneformer,ng_idx,2701,0.26958
merfish,100,0.0905502,PCA,ng_idx,1404,0.34445
merfish,100,0.0905502,PCA,ng_idx,2303,0.30997
merfish,100,0.0905502,PCA,ng_idx,2701,0.29755
merfish,100,0.0905502,RandomProjection,ng_idx,1404,0.1361
merfish,100,0.0905502,RandomProjection,ng_idx,2303,0.11852
merfish,100,0.0905502,RandomProjection,ng_idx,2701,0.1361
merfish,100,0.0905502,SCVI,ng_idx,1404,0.26495
merfish,100,0.0905502,SCVI,ng_idx,2303,0.19471
merfish,100,0.0905502,SCVI,ng_idx,2701,0.25485
merfish,100,0.1351267,Geneformer,ng_idx,1404,0.28552
merfish,100,0.1351267,Geneformer,ng_idx,2303,0.25707
merfish,100,0.1351267,Geneformer,ng_idx,2701,0.2454
merfish,100,0.1351267,PCA,ng_idx,1404,0.38961
merfish,100,0.1351267,PCA,ng_idx,2303,0.38573
merfish,100,0.1351267,PCA,ng_idx,2701,0.47621
merfish,100,0.1351267,RandomProjection,ng_idx,1404,0.23926
merfish,100,0.1351267,RandomProjection,ng_idx,2303,0.22173
merfish,100,0.1351267,RandomProjection,ng_idx,2701,0.23926
merfish,100,0.1351267,SCVI,ng_idx,1404,0.26387
merfish,100,0.1351267,SCVI,ng_idx,2303,0.33216
merfish,100,0.1351267,SCVI,ng_idx,2701,0.319
merfish,100,0.2016475,Geneformer,ng_idx,1404,0.22713
merfish,100,0.2016475,Geneformer,ng_idx,2303,0.31349
merfish,100,0.2016475,Geneformer,ng_idx,2701,0.33582
merfish,100,0.2016475,PCA,ng_idx,1404,0.64145
merfish,100,0.2016475,PCA,ng_idx,2303,0.64289
merfish,100,0.2016475,PCA,ng_idx,2701,0.57837
merfish,100,0.2016475,RandomProjection,ng_idx,1404,0.23126
merfish,100,0.2016475,RandomProjection,ng_idx,2303,0.21887
merfish,100,0.2016475,RandomProjection,ng_idx,2701,0.23126
merfish,100,0.2016475,SCVI,ng_idx,1404,0.36967
merfish,100,0.2016475,SCVI,ng_idx,2303,0.37544
merfish,100,0.2016475,SCVI,ng_idx,2701,0.35829
merfish,100,0.3009156,Geneformer,ng_idx,1404,0.31925
merfish,100,0.3009156,Geneformer,ng_idx,2303,0.32219
merfish,100,0.3009156,Geneformer,ng_idx,2701,0.31039
merfish,100,0.3009156,PCA,ng_idx,1404,0.81431
merfish,100,0.3009156,PCA,ng_idx,2303,0.8262
merfish,100,0.3009156,PCA,ng_idx,2701,0.80502
merfish,100,0.3009156,RandomProjection,ng_idx,1404,0.35046
merfish,100,0.3009156,RandomProjection,ng_idx,2303,0.32254
merfish,100,0.3009156,RandomProjection,ng_idx,2701,0.35046
merfish,100,0.3009156,SCVI,ng_idx,1404,0.54358
merfish,100,0.3009156,SCVI,ng_idx,2303,0.4637
merfish,100,0.3009156,SCVI,ng_idx,2701,0.45962
merfish,100,0.4490518,Geneformer,ng_idx,1404,0.35314
merfish,100,0.4490518,Geneformer,ng_idx,2303,0.40205
merfish,100,0.4490518,Geneformer,ng_idx,2701,0.39495
merfish,100,0.4490518,PCA,ng_idx,1404,0.94491
merfish,100,0.4490518,PCA,ng_idx,2303,0.94072
merfish,100,0.4490518,PCA,ng_idx,2701,0.99669
merfish,100,0.4490518,RandomProjection,ng_idx,1404,0.36551
merfish,100,0.4490518,RandomProjection,ng_idx,2303,0.38486
merfish,100,0.4490518,RandomProjection,ng_idx,2701,0.36551
merfish,100,0.4490518,SCVI,ng_idx,1404,0.54936
merfish,100,0.4490518,SCVI,ng_idx,2303,0.48995
merfish,100,0.4490518,SCVI,ng_idx,2701,0.49162
merfish,100,0.6701133,Geneformer,ng_idx,1404,0.3182
merfish,100,0.6701133,Geneformer,ng_idx,2303,0.33853
merfish,100,0.6701133,Geneformer,ng_idx,2701,0.37398
merfish,100,0.6701133,PCA,ng_idx,1404,1.16068
merfish,100,0.6701133,PCA,ng_idx,2303,1.16462
merfish,100,0.6701133,PCA,ng_idx,2701,1.20658
merfish,100,0.6701133,RandomProjection,ng_idx,1404,0.47139
merfish,100,0.6701133,RandomProjection,ng_idx,2303,0.4527
merfish,100,0.6701133,RandomProjection,ng_idx,2701,0.47139
merfish,100,0.6701133,SCVI,ng_idx,1404,0.64563
merfish,100,0.6701133,SCVI,ng_idx,2303,0.65466
merfish,100,0.6701133,SCVI,ng_idx,2701,0.62273
merfish,100,1.0,Geneformer,ng_idx,1404,0.35463
merfish,100,1.0,Geneformer,ng_idx,2303,0.50945
merfish,100,1.0,Geneformer,ng_idx,2701,0.51753
merfish,100,1.0,PCA,ng_idx,1404,1.33034
merfish,100,1.0,PCA,ng_idx,2303,1.29205
merfish,100,1.0,PCA,ng_idx,2701,1.39093
merfish,100,1.0,RandomProjection,ng_idx,1404,0.50802
merfish,100,1.0,RandomProjection,ng_idx,2303,0.49535
merfish,100,1.0,RandomProjection,ng_idx,2701,0.50802
merfish,100,1.0,SCVI,ng_idx,1404,0.69116
merfish,100,1.0,SCVI,ng_idx,2303,0.66744
merfish,100,1.0,SCVI,ng_idx,2701,0.70489
merfish,203,0.027248,Geneformer,ng_idx,1404,0.11558
merfish,203,0.027248,Geneformer,ng_idx,2303,0.15125
merfish,203,0.027248,Geneformer,ng_idx,2701,0.09348
merfish,203,0.027248,PCA,ng_idx,1404,0.14112
merfish,203,0.027248,PCA,ng_idx,2303,0.12817
merfish,203,0.027248,PCA,ng_idx,2701,0.18388
merfish,203,0.027248,RandomProjection,ng_idx,1404,0.03937
merfish,203,0.027248,RandomProjection,ng_idx,2303,0.06278
merfish,203,0.027248,RandomProjection,ng_idx,2701,0.03937
merfish,203,0.027248,SCVI,ng_idx,1404,0.11397
merfish,203,0.027248,SCVI,ng_idx,2303,0.10151
merfish,203,0.027248,SCVI,ng_idx,2701,0.07023
merfish,203,0.0406617,Geneformer,ng_idx,1404,0.19761
merfish,203,0.0406617,Geneformer,ng_idx,2303,0.14456
merfish,203,0.0406617,Geneformer,ng_idx,2701,0.13636
merfish,203,0.0406617,PCA,ng_idx,1404,0.14569
merfish,203,0.0406617,PCA,ng_idx,2303,0.23435
merfish,203,0.0406617,PCA,ng_idx,2701,0.15414
merfish,203,0.0406617,RandomProjection,ng_idx,1404,0.06378
merfish,203,0.0406617,RandomProjection,ng_idx,2303,0.07044
merfish,203,0.0406617,RandomProjection,ng_idx,2701,0.06378
merfish,203,0.0406617,SCVI,ng_idx,1404,0.05309
merfish,203,0.0406617,SCVI,ng_idx,2303,0.14764
merfish,203,0.0406617,SCVI,ng_idx,2701,0.15061
merfish,203,0.0606789,Geneformer,ng_idx,1404,0.2465
merfish,203,0.0606789,Geneformer,ng_idx,2303,0.19675
merfish,203,0.0606789,Geneformer,ng_idx,2701,0.18925
merfish,203,0.0606789,PCA,ng_idx,1404,0.28927
merfish,203,0.0606789,PCA,ng_idx,2303,0.20674
merfish,203,0.0606789,PCA,ng_idx,2701,0.28415
merfish,203,0.0606789,RandomProjection,ng_idx,1404,0.06458
merfish,203,0.0606789,RandomProjection,ng_idx,2303,0.07459
merfish,203,0.0606789,RandomProjection,ng_idx,2701,0.06458
merfish,203,0.0606789,SCVI,ng_idx,1404,0.16416
merfish,203,0.0606789,SCVI,ng_idx,2303,0.17342
merfish,203,0.0606789,SCVI,ng_idx,2701,0.14876
merfish,203,0.0905502,Geneformer,ng_idx,1404,0.25792
merfish,203,0.0905502,Geneformer,ng_idx,2303,0.2029
merfish,203,0.0905502,Geneformer,ng_idx,2701,0.29637
merfish,203,0.0905502,PCA,ng_idx,1404,0.35852
merfish,203,0.0905502,PCA,ng_idx,2303,0.30317
merfish,203,0.0905502,PCA,ng_idx,2701,0.28253
merfish,203,0.0905502,RandomProjection,ng_idx,1404,0.1361
merfish,203,0.0905502,RandomProjection,ng_idx,2303,0.11852
merfish,203,0.0905502,RandomProjection,ng_idx,2701,0.1361
merfish,203,0.0905502,SCVI,ng_idx,1404,0.27808
merfish,203,0.0905502,SCVI,ng_idx,2303,0.27225
merfish,203,0.0905502,SCVI,ng_idx,2701,0.30822
merfish,203,0.1351267,Geneformer,ng_idx,1404,0.31009
merfish,203,0.1351267,Geneformer,ng_idx,2303,0.3592
merfish,203,0.1351267,Geneformer,ng_idx,2701,0.35794
merfish,203,0.1351267,PCA,ng_idx,1404,0.46823
merfish,203,0.1351267,PCA,ng_idx,2303,0.48072
merfish,203,0.1351267,PCA,ng_idx,2701,0.50009
merfish,203,0.1351267,RandomProjection,ng_idx,1404,0.23926
merfish,203,0.1351267,RandomProjection,ng_idx,2303,0.22173
merfish,203,0.1351267,RandomProjection,ng_idx,2701,0.23926
merfish,203,0.1351267,SCVI,ng_idx,1404,0.36849
merfish,203,0.1351267,SCVI,ng_idx,2303,0.32932
merfish,203,0.1351267,SCVI,ng_idx,2701,0.37389
merfish,203,0.2016475,Geneformer,ng_idx,1404,0.32959
merfish,203,0.2016475,Geneformer,ng_idx,2303,0.35752
merfish,203,0.2016475,Geneformer,ng_idx,2701,0.36602
merfish,203,0.2016475,PCA,ng_idx,1404,0.57324
merfish,203,0.2016475,PCA,ng_idx,2303,0.61651
merfish,203,0.2016475,PCA,ng_idx,2701,0.60929
merfish,203,0.2016475,RandomProjection,ng_idx,1404,0.23126
merfish,203,0.2016475,RandomProjection,ng_idx,2303,0.21887
merfish,203,0.2016475,RandomProjection,ng_idx,2701,0.23126
merfish,203,0.2016475,SCVI,ng_idx,1404,0.42624
merfish,203,0.2016475,SCVI,ng_idx,2303,0.49394
merfish,203,0.2016475,SCVI,ng_idx,2701,0.42808
merfish,203,0.3009156,Geneformer,ng_idx,1404,0.37785
merfish,203,0.3009156,Geneformer,ng_idx,2303,0.38149
merfish,203,0.3009156,Geneformer,ng_idx,2701,0.4679
merfish,203,0.3009156,PCA,ng_idx,1404,0.7767
merfish,203,0.3009156,PCA,ng_idx,2303,0.79085
merfish,203,0.3009156,PCA,ng_idx,2701,0.7377
merfish,203,0.3009156,RandomProjection,ng_idx,1404,0.35046
merfish,203,0.3009156,RandomProjection,ng_idx,2303,0.32254
merfish,203,0.3009156,RandomProjection,ng_idx,2701,0.35046
merfish,203,0.3009156,SCVI,ng_idx,1404,0.57814
merfish,203,0.3009156,SCVI,ng_idx,2303,0.5281
merfish,203,0.3009156,SCVI,ng_idx,2701,0.50297
merfish,203,0.4490518,Geneformer,ng_idx,1404,0.36766
merfish,203,0.4490518,Geneformer,ng_idx,2303,0.37051
merfish,203,0.4490518,Geneformer,ng_idx,2701,0.47382
merfish,203,0.4490518,PCA,ng_idx,1404,0.97826
merfish,203,0.4490518,PCA,ng_idx,2303,0.9668
merfish,203,0.4490518,PCA,ng_idx,2701,1.01805
merfish,203,0.4490518,RandomProjection,ng_idx,1404,0.36551
merfish,203,0.4490518,RandomProjection,ng_idx,2303,0.38486
merfish,203,0.4490518,RandomProjection,ng_idx,2701,0.36551
merfish,203,0.4490518,SCVI,ng_idx,1404,0.72028
merfish,203,0.4490518,SCVI,ng_idx,2303,0.66041
merfish,203,0.4490518,SCVI,ng_idx,2701,0.68326
merfish,203,0.6701133,Geneformer,ng_idx,1404,0.42424
merfish,203,0.6701133,Geneformer,ng_idx,2303,0.41119
merfish,203,0.6701133,Geneformer,ng_idx,2701,0.48201
merfish,203,0.6701133,PCA,ng_idx,1404,1.18256
merfish,203,0.6701133,PCA,ng_idx,2303,1.18776
merfish,203,0.6701133,PCA,ng_idx,2701,1.17899
merfish,203,0.6701133,RandomProjection,ng_idx,1404,0.47139
merfish,203,0.6701133,RandomProjection,ng_idx,2303,0.4527
merfish,203,0.6701133,RandomProjection,ng_idx,2701,0.47139
merfish,203,0.6701133,SCVI,ng_idx,1404,0.82993
merfish,203,0.6701133,SCVI,ng_idx,2303,0.82709
merfish,203,0.6701133,SCVI,ng_idx,2701,0.79663
merfish,203,1.0,Geneformer,ng_idx,1404,0.41193
merfish,203,1.0,Geneformer,ng_idx,2303,0.45365
merfish,203,1.0,Geneformer,ng_idx,2701,0.43935
merfish,203,1.0,PCA,ng_idx,1404,1.35404
merfish,203,1.0,PCA,ng_idx,2303,1.3317
merfish,203,1.0,PCA,ng_idx,2701,1.33406
merfish,203,1.0,RandomProjection,ng_idx,1404,0.50802
merfish,203,1.0,RandomProjection,ng_idx,2303,0.49535
merfish,203,1.0,RandomProjection,ng_idx,2701,0.50802
merfish,203,1.0,SCVI,ng_idx,1404,0.91797
merfish,203,1.0,SCVI,ng_idx,2303,0.7792
merfish,203,1.0,SCVI,ng_idx,2701,0.79952
merfish,414,0.027248,Geneformer,ng_idx,1404,0.183
merfish,414,0.027248,Geneformer,ng_idx,2303,0.12908
merfish,414,0.027248,Geneformer,ng_idx,2701,0.15865
merfish,414,0.027248,PCA,ng_idx,1404,0.1098
merfish,414,0.027248,PCA,ng_idx,2303,0.10978
merfish,414,0.027248,PCA,ng_idx,2701,0.15364
merfish,414,0.027248,RandomProjection,ng_idx,1404,0.03937
merfish,414,0.027248,RandomProjection,ng_idx,2303,0.06278
merfish,414,0.027248,RandomProjection,ng_idx,2701,0.03937
merfish,414,0.027248,SCVI,ng_idx,1404,0.07492
merfish,414,0.027248,SCVI,ng_idx,2303,0.12975
merfish,414,0.027248,SCVI,ng_idx,2701,0.12616
merfish,414,0.0406617,Geneformer,ng_idx,1404,0.20588
merfish,414,0.0406617,Geneformer,ng_idx,2303,0.17169
merfish,414,0.0406617,Geneformer,ng_idx,2701,0.21491
merfish,414,0.0406617,PCA,ng_idx,1404,0.20538
merfish,414,0.0406617,PCA,ng_idx,2303,0.20694
merfish,414,0.0406617,PCA,ng_idx,2701,0.19905
merfish,414,0.0406617,RandomProjection,ng_idx,1404,0.06378
merfish,414,0.0406617,RandomProjection,ng_idx,2303,0.07044
merfish,414,0.0406617,RandomProjection,ng_idx,2701,0.06378
merfish,414,0.0406617,SCVI,ng_idx,1404,0.16423
merfish,414,0.0406617,SCVI,ng_idx,2303,0.192
merfish,414,0.0406617,SCVI,ng_idx,2701,0.15952
merfish,414,0.0606789,Geneformer,ng_idx,1404,0.26826
merfish,414,0.0606789,Geneformer,ng_idx,2303,0.2872
merfish,414,0.0606789,Geneformer,ng_idx,2701,0.25215
merfish,414,0.0606789,PCA,ng_idx,1404,0.24217
merfish,414,0.0606789,PCA,ng_idx,2303,0.23934
merfish,414,0.0606789,PCA,ng_idx,2701,0.23548
merfish,414,0.0606789,RandomProjection,ng_idx,1404,0.06458
merfish,414,0.0606789,RandomProjection,ng_idx,2303,0.07459
merfish,414,0.0606789,RandomProjection,ng_idx,2701,0.06458
merfish,414,0.0606789,SCVI,ng_idx,1404,0.22667
merfish,414,0.0606789,SCVI,ng_idx,2303,0.19705
merfish,414,0.0606789,SCVI,ng_idx,2701,0.22526
merfish,414,0.0905502,Geneformer,ng_idx,1404,0.29473
merfish,414,0.0905502,Geneformer,ng_idx,2303,0.2568
merfish,414,0.0905502,Geneformer,ng_idx,2701,0.23977
merfish,414,0.0905502,PCA,ng_idx,1404,0.39761
merfish,414,0.0905502,PCA,ng_idx,2303,0.35184
merfish,414,0.0905502,PCA,ng_idx,2701,0.37197
merfish,414,0.0905502,RandomProjection,ng_idx,1404,0.1361
merfish,414,0.0905502,RandomProjection,ng_idx,2303,0.11852
merfish,414,0.0905502,RandomProjection,ng_idx,2701,0.1361
merfish,414,0.0905502,SCVI,ng_idx,1404,0.31271
merfish,414,0.0905502,SCVI,ng_idx,2303,0.28671
merfish,414,0.0905502,SCVI,ng_idx,2701,0.29053
merfish,414,0.1351267,Geneformer,ng_idx,1404,0.33079
merfish,414,0.1351267,Geneformer,ng_idx,2303,0.32247
merfish,414,0.1351267,Geneformer,ng_idx,2701,0.35437
merfish,414,0.1351267,PCA,ng_idx,1404,0.49858
merfish,414,0.1351267,PCA,ng_idx,2303,0.42339
merfish,414,0.1351267,PCA,ng_idx,2701,0.4693
merfish,414,0.1351267,RandomProjection,ng_idx,1404,0.23926
merfish,414,0.1351267,RandomProjection,ng_idx,2303,0.22173
merfish,414,0.1351267,RandomProjection,ng_idx,2701,0.23926
merfish,414,0.1351267,SCVI,ng_idx,1404,0.33267
merfish,414,0.1351267,SCVI,ng_idx,2303,0.38868
merfish,414,0.1351267,SCVI,ng_idx,2701,0.35843
merfish,414,0.2016475,Geneformer,ng_idx,1404,0.38493
merfish,414,0.2016475,Geneformer,ng_idx,2303,0.47232
merfish,414,0.2016475,Geneformer,ng_idx,2701,0.38181
merfish,414,0.2016475,PCA,ng_idx,1404,0.68632
merfish,414,0.2016475,PCA,ng_idx,2303,0.77643
merfish,414,0.2016475,PCA,ng_idx,2701,0.69291
merfish,414,0.2016475,RandomProjection,ng_idx,1404,0.23126
merfish,414,0.2016475,RandomProjection,ng_idx,2303,0.21887
merfish,414,0.2016475,RandomProjection,ng_idx,2701,0.23126
merfish,414,0.2016475,SCVI,ng_idx,1404,0.45612
merfish,414,0.2016475,SCVI,ng_idx,2303,0.52282
merfish,414,0.2016475,SCVI,ng_idx,2701,0.50696
merfish,414,0.3009156,Geneformer,ng_idx,1404,0.42309
merfish,414,0.3009156,Geneformer,ng_idx,2303,0.3733
merfish,414,0.3009156,Geneformer,ng_idx,2701,0.41994
merfish,414,0.3009156,PCA,ng_idx,1404,0.98698
merfish,414,0.3009156,PCA,ng_idx,2303,0.99708
merfish,414,0.3009156,PCA,ng_idx,2701,0.93443
merfish,414,0.3009156,RandomProjection,ng_idx,1404,0.35046
merfish,414,0.3009156,RandomProjection,ng_idx,2303,0.32254
merfish,414,0.3009156,RandomProjection,ng_idx,2701,0.35046
merfish,414,0.3009156,SCVI,ng_idx,1404,0.5805
merfish,414,0.3009156,SCVI,ng_idx,2303,0.57478
merfish,414,0.3009156,SCVI,ng_idx,2701,0.55019
merfish,414,0.4490518,Geneformer,ng_idx,1404,0.43527
merfish,414,0.4490518,Geneformer,ng_idx,2303,0.4671
merfish,414,0.4490518,Geneformer,ng_idx,2701,0.49851
merfish,414,0.4490518,PCA,ng_idx,1404,1.20801
merfish,414,0.4490518,PCA,ng_idx,2303,1.20426
merfish,414,0.4490518,PCA,ng_idx,2701,1.18064
merfish,414,0.4490518,RandomProjection,ng_idx,1404,0.36551
merfish,414,0.4490518,RandomProjection,ng_idx,2303,0.38486
merfish,414,0.4490518,RandomProjection,ng_idx,2701,0.36551
merfish,414,0.4490518,SCVI,ng_idx,1404,0.73974
merfish,414,0.4490518,SCVI,ng_idx,2303,0.73456
merfish,414,0.4490518,SCVI,ng_idx,2701,0.67831
merfish,414,0.6701133,Geneformer,ng_idx,1404,0.46755
merfish,414,0.6701133,Geneformer,ng_idx,2303,0.67592
merfish,414,0.6701133,Geneformer,ng_idx,2701,0.65907
merfish,414,0.6701133,PCA,ng_idx,1404,1.36079
merfish,414,0.6701133,PCA,ng_idx,2303,1.37219
merfish,414,0.6701133,PCA,ng_idx,2701,1.40747
merfish,414,0.6701133,RandomProjection,ng_idx,1404,0.47139
merfish,414,0.6701133,RandomProjection,ng_idx,2303,0.4527
merfish,414,0.6701133,RandomProjection,ng_idx,2701,0.47139
merfish,414,0.6701133,SCVI,ng_idx,1404,0.77313
merfish,414,0.6701133,SCVI,ng_idx,2303,0.75419
merfish,414,0.6701133,SCVI,ng_idx,2701,0.76846
merfish,414,1.0,Geneformer,ng_idx,1404,0.78525
merfish,414,1.0,Geneformer,ng_idx,2303,0.72096
merfish,414,1.0,Geneformer,ng_idx,2701,0.73022
merfish,414,1.0,PCA,ng_idx,1404,1.58999
merfish,414,1.0,PCA,ng_idx,2303,1.54447
merfish,414,1.0,PCA,ng_idx,2701,1.56649
merfish,414,1.0,RandomProjection,ng_idx,1404,0.50802
merfish,414,1.0,RandomProjection,ng_idx,2303,0.49535
merfish,414,1.0,RandomProjection,ng_idx,2701,0.50802
merfish,414,1.0,SCVI,ng_idx,1404,0.92381
merfish,414,1.0,SCVI,ng_idx,2303,1.05759
merfish,414,1.0,SCVI,ng_idx,2701,1.11669
merfish,843,0.027248,Geneformer,ng_idx,1404,0.18224
merfish,843,0.027248,Geneformer,ng_idx,2303,0.18091
merfish,843,0.027248,Geneformer,ng_idx,2701,0.15882
merfish,843,0.027248,PCA,ng_idx,1404,0.1444
merfish,843,0.027248,PCA,ng_idx,2303,0.16957
merfish,843,0.027248,PCA,ng_idx,2701,0.16786
merfish,843,0.027248,RandomProjection,ng_idx,1404,0.03937
merfish,843,0.027248,RandomProjection,ng_idx,2303,0.06278
merfish,843,0.027248,RandomProjection,ng_idx,2701,0.03937
merfish,843,0.027248,SCVI,ng_idx,1404,0.16011
merfish,843,0.027248,SCVI,ng_idx,2303,0.14011
merfish,843,0.027248,SCVI,ng_idx,2701,0.11191
merfish,843,0.0406617,Geneformer,ng_idx,1404,0.18723
merfish,843,0.0406617,Geneformer,ng_idx,2303,0.19284
merfish,843,0.0406617,Geneformer,ng_idx,2701,0.20524
merfish,843,0.0406617,PCA,ng_idx,1404,0.17319
merfish,843,0.0406617,PCA,ng_idx,2303,0.21946
merfish,843,0.0406617,PCA,ng_idx,2701,0.22194
merfish,843,0.0406617,RandomProjection,ng_idx,1404,0.06378
merfish,843,0.0406617,RandomProjection,ng_idx,2303,0.07044
merfish,843,0.0406617,RandomProjection,ng_idx,2701,0.06378
merfish,843,0.0406617,SCVI,ng_idx,1404,0.16595
merfish,843,0.0406617,SCVI,ng_idx,2303,0.21238
merfish,843,0.0406617,SCVI,ng_idx,2701,0.17778
merfish,843,0.0606789,Geneformer,ng_idx,1404,0.23331
merfish,843,0.0606789,Geneformer,ng_idx,2303,0.19524
merfish,843,0.0606789,Geneformer,ng_idx,2701,0.22952
merfish,843,0.0606789,PCA,ng_idx,1404,0.29285
merfish,843,0.0606789,PCA,ng_idx,2303,0.24317
merfish,843,0.0606789,PCA,ng_idx,2701,0.25435
merfish,843,0.0606789,RandomProjection,ng_idx,1404,0.06458
merfish,843,0.0606789,RandomProjection,ng_idx,2303,0.07459
merfish,843,0.0606789,RandomProjection,ng_idx,2701,0.06458
merfish,843,0.0606789,SCVI,ng_idx,1404,0.28215
merfish,843,0.0606789,SCVI,ng_idx,2303,0.22403
merfish,843,0.0606789,SCVI,ng_idx,2701,0.24479
merfish,843,0.0905502,Geneformer,ng_idx,1404,0.34862
merfish,843,0.0905502,Geneformer,ng_idx,2303,0.31649
merfish,843,0.0905502,Geneformer,ng_idx,2701,0.29934
merfish,843,0.0905502,PCA,ng_idx,1404,0.36088
merfish,843,0.0905502,PCA,ng_idx,2303,0.385
merfish,843,0.0905502,PCA,ng_idx,2701,0.39433
merfish,843,0.0905502,RandomProjection,ng_idx,1404,0.1361
merfish,843,0.0905502,RandomProjection,ng_idx,2303,0.11852
merfish,843,0.0905502,RandomProjection,ng_idx,2701,0.1361
merfish,843,0.0905502,SCVI,ng_idx,1404,0.23379
merfish,843,0.0905502,SCVI,ng_idx,2303,0.31858
merfish,843,0.0905502,SCVI,ng_idx,2701,0.33635
merfish,843,0.1351267,Geneformer,ng_idx,1404,0.40635
merfish,843,0.1351267,Geneformer,ng_idx,2303,0.36892
merfish,843,0.1351267,Geneformer,ng_idx,2701,0.29184
merfish,843,0.1351267,PCA,ng_idx,1404,0.55916
merfish,843,0.1351267,PCA,ng_idx,2303,0.5108
merfish,843,0.1351267,PCA,ng_idx,2701,0.55187
merfish,843,0.1351267,RandomProjection,ng_idx,1404,0.23926
merfish,843,0.1351267,RandomProjection,ng_idx,2303,0.22173
merfish,843,0.1351267,RandomProjection,ng_idx,2701,0.23926
merfish,843,0.1351267,SCVI,ng_idx,1404,0.45412
merfish,843,0.1351267,SCVI,ng_idx,2303,0.47591
merfish,843,0.1351267,SCVI,ng_idx,2701,0.46713
merfish,843,0.2016475,Geneformer,ng_idx,1404,0.4077
merfish,843,0.2016475,Geneformer,ng_idx,2303,0.49251
merfish,843,0.2016475,Geneformer,ng_idx,2701,0.45312
merfish,843,0.2016475,PCA,ng_idx,1404,0.68694
merfish,843,0.2016475,PCA,ng_idx,2303,0.77476
merfish,843,0.2016475,PCA,ng_idx,2701,0.80947
merfish,843,0.2016475,RandomProjection,ng_idx,1404,0.23126
merfish,843,0.2016475,RandomProjection,ng_idx,2303,0.21887
merfish,843,0.2016475,RandomProjection,ng_idx,2701,0.23126
merfish,843,0.2016475,SCVI,ng_idx,1404,0.52119
merfish,843,0.2016475,SCVI,ng_idx,2303,0.52262
merfish,843,0.2016475,SCVI,ng_idx,2701,0.4961
merfish,843,0.3009156,Geneformer,ng_idx,1404,0.47373
merfish,843,0.3009156,Geneformer,ng_idx,2303,0.52913
merfish,843,0.3009156,Geneformer,ng_idx,2701,0.51839
merfish,843,0.3009156,PCA,ng_idx,1404,0.95776
merfish,843,0.3009156,PCA,ng_idx,2303,1.04662
merfish,843,0.3009156,PCA,ng_idx,2701,0.97029
merfish,843,0.3009156,RandomProjection,ng_idx,1404,0.35046
merfish,843,0.3009156,RandomProjection,ng_idx,2303,0.32254
merfish,843,0.3009156,RandomProjection,ng_idx,2701,0.35046
merfish,843,0.3009156,SCVI,ng_idx,1404,0.73236
merfish,843,0.3009156,SCVI,ng_idx,2303,0.61137
merfish,843,0.3009156,SCVI,ng_idx,2701,0.62109
merfish,843,0.4490518,Geneformer,ng_idx,1404,0.60582
merfish,843,0.4490518,Geneformer,ng_idx,2303,0.57932
merfish,843,0.4490518,Geneformer,ng_idx,2701,0.57784
merfish,843,0.4490518,PCA,ng_idx,1404,1.22718
merfish,843,0.4490518,PCA,ng_idx,2303,1.25151
merfish,843,0.4490518,PCA,ng_idx,2701,1.24139
merfish,843,0.4490518,RandomProjection,ng_idx,1404,0.36551
merfish,843,0.4490518,RandomProjection,ng_idx,2303,0.38486
merfish,843,0.4490518,RandomProjection,ng_idx,2701,0.36551
merfish,843,0.4490518,SCVI,ng_idx,1404,0.70418
merfish,843,0.4490518,SCVI,ng_idx,2303,0.78018
merfish,843,0.4490518,SCVI,ng_idx,2701,0.78554
merfish,843,0.6701133,Geneformer,ng_idx,1404,0.7727
merfish,843,0.6701133,Geneformer,ng_idx,2303,0.64856
merfish,843,0.6701133,Geneformer,ng_idx,2701,0.63404
merfish,843,0.6701133,PCA,ng_idx,1404,1.43043
merfish,843,0.6701133,PCA,ng_idx,2303,1.42234
merfish,843,0.6701133,PCA,ng_idx,2701,1.44542
merfish,843,0.6701133,RandomProjection,ng_idx,1404,0.47139
merfish,843,0.6701133,RandomProjection,ng_idx,2303,0.4527
merfish,843,0.6701133,RandomProjection,ng_idx,2701,0.47139
merfish,843,0.6701133,SCVI,ng_idx,1404,0.94448
merfish,843,0.6701133,SCVI,ng_idx,2303,0.8387
merfish,843,0.6701133,SCVI,ng_idx,2701,0.83386
merfish,843,1.0,Geneformer,ng_idx,1404,0.74498
merfish,843,1.0,Geneformer,ng_idx,2303,0.76729
merfish,843,1.0,Geneformer,ng_idx,2701,0.77618
merfish,843,1.0,PCA,ng_idx,1404,1.51352
merfish,843,1.0,PCA,ng_idx,2303,1.57808
merfish,843,1.0,PCA,ng_idx,2701,1.62812
merfish,843,1.0,RandomProjection,ng_idx,1404,0.50802
merfish,843,1.0,RandomProjection,ng_idx,2303,0.49535
merfish,843,1.0,RandomProjection,ng_idx,2701,0.50802
merfish,843,1.0,SCVI,ng_idx,1404,1.28071
merfish,843,1.0,SCVI,ng_idx,2303,1.10271
merfish,843,1.0,SCVI,ng_idx,2701,1.12913
merfish,1716,0.027248,Geneformer,ng_idx,1404,0.21043
merfish,1716,0.027248,Geneformer,ng_idx,2303,0.20457
merfish,1716,0.027248,Geneformer,ng_idx,2701,0.13127
merfish,1716,0.027248,PCA,ng_idx,1404,0.12073
merfish,1716,0.027248,PCA,ng_idx,2303,0.09341
merfish,1716,0.027248,PCA,ng_idx,2701,0.13423
merfish,1716,0.027248,RandomProjection,ng_idx,1404,0.03937
merfish,1716,0.027248,RandomProjection,ng_idx,2303,0.06278
merfish,1716,0.027248,RandomProjection,ng_idx,2701,0.03937
merfish,1716,0.027248,SCVI,ng_idx,1404,0.13469
merfish,1716,0.027248,SCVI,ng_idx,2303,0.16966
merfish,1716,0.027248,SCVI,ng_idx,2701,0.19043
merfish,1716,0.0406617,Geneformer,ng_idx,1404,0.1749
merfish,1716,0.0406617,Geneformer,ng_idx,2303,0.1515
merfish,1716,0.0406617,Geneformer,ng_idx,2701,0.19528
merfish,1716,0.0406617,PCA,ng_idx,1404,0.13729
merfish,1716,0.0406617,PCA,ng_idx,2303,0.19356
merfish,1716,0.0406617,PCA,ng_idx,2701,0.17536
merfish,1716,0.0406617,RandomProjection,ng_idx,1404,0.06378
merfish,1716,0.0406617,RandomProjection,ng_idx,2303,0.07044
merfish,1716,0.0406617,RandomProjection,ng_idx,2701,0.06378
merfish,1716,0.0406617,SCVI,ng_idx,1404,0.17355
merfish,1716,0.0406617,SCVI,ng_idx,2303,0.15172
merfish,1716,0.0406617,SCVI,ng_idx,2701,0.15493
merfish,1716,0.0606789,Geneformer,ng_idx,1404,0.25312
merfish,1716,0.0606789,Geneformer,ng_idx,2303,0.24337
merfish,1716,0.0606789,Geneformer,ng_idx,2701,0.2509
merfish,1716,0.0606789,PCA,ng_idx,1404,0.26692
merfish,1716,0.0606789,PCA,ng_idx,2303,0.2628
merfish,1716,0.0606789,PCA,ng_idx,2701,0.27887
merfish,1716,0.0606789,RandomProjection,ng_idx,1404,0.06458
merfish,1716,0.0606789,RandomProjection,ng_idx,2303,0.07459
merfish,1716,0.0606789,RandomProjection,ng_idx,2701,0.06458
merfish,1716,0.0606789,SCVI,ng_idx,1404,0.29956
merfish,1716,0.0606789,SCVI,ng_idx,2303,0.22328
merfish,1716,0.0606789,SCVI,ng_idx,2701,0.24325
merfish,1716,0.0905502,Geneformer,ng_idx,1404,0.2977
merfish,1716,0.0905502,Geneformer,ng_idx,2303,0.32699
merfish,1716,0.0905502,Geneformer,ng_idx,2701,0.35404
merfish,1716,0.0905502,PCA,ng_idx,1404,0.44501
merfish,1716,0.0905502,PCA,ng_idx,2303,0.36624
merfish,1716,0.0905502,PCA,ng_idx,2701,0.39282
merfish,1716,0.0905502,RandomProjection,ng_idx,1404,0.1361
merfish,1716,0.0905502,RandomProjection,ng_idx,2303,0.11852
merfish,1716,0.0905502,RandomProjection,ng_idx,2701,0.1361
merfish,1716,0.0905502,SCVI,ng_idx,1404,0.33984
merfish,1716,0.0905502,SCVI,ng_idx,2303,0.36092
merfish,1716,0.0905502,SCVI,ng_idx,2701,0.36685
merfish,1716,0.1351267,Geneformer,ng_idx,1404,0.39429
merfish,1716,0.1351267,Geneformer,ng_idx,2303,0.37306
merfish,1716,0.1351267,Geneformer,ng_idx,2701,0.36021
merfish,1716,0.1351267,PCA,ng_idx,1404,0.52386
merfish,1716,0.1351267,PCA,ng_idx,2303,0.48675
merfish,1716,0.1351267,PCA,ng_idx,2701,0.55595
merfish,1716,0.1351267,RandomProjection,ng_idx,1404,0.23926
merfish,1716,0.1351267,RandomProjection,ng_idx,2303,0.22173
merfish,1716,0.1351267,RandomProjection,ng_idx,2701,0.23926
merfish,1716,0.1351267,SCVI,ng_idx,1404,0.42497
merfish,1716,0.1351267,SCVI,ng_idx,2303,0.44895
merfish,1716,0.1351267,SCVI,ng_idx,2701,0.46796
merfish,1716,0.2016475,Geneformer,ng_idx,1404,0.51394
merfish,1716,0.2016475,Geneformer,ng_idx,2303,0.50899
merfish,1716,0.2016475,Geneformer,ng_idx,2701,0.50786
merfish,1716,0.2016475,PCA,ng_idx,1404,0.70313
merfish,1716,0.2016475,PCA,ng_idx,2303,0.78893
merfish,1716,0.2016475,PCA,ng_idx,2701,0.7877
merfish,1716,0.2016475,RandomProjection,ng_idx,1404,0.23126
merfish,1716,0.2016475,RandomProjection,ng_idx,2303,0.21887
merfish,1716,0.2016475,RandomProjection,ng_idx,2701,0.23126
merfish,1716,0.2016475,SCVI,ng_idx,1404,0.55821
merfish,1716,0.2016475,SCVI,ng_idx,2303,0.63048
merfish,1716,0.2016475,SCVI,ng_idx,2701,0.59398
merfish,1716,0.3009156,Geneformer,ng_idx,1404,0.56089
merfish,1716,0.3009156,Geneformer,ng_idx,2303,0.58621
merfish,1716,0.3009156,Geneformer,ng_idx,2701,0.59305
merfish,1716,0.3009156,PCA,ng_idx,1404,1.04902
merfish,1716,0.3009156,PCA,ng_idx,2303,1.09221
merfish,1716,0.3009156,PCA,ng_idx,2701,1.04872
merfish,1716,0.3009156,RandomProjection,ng_idx,1404,0.35046
merfish,1716,0.3009156,RandomProjection,ng_idx,2303,0.32254
merfish,1716,0.3009156,RandomProjection,ng_idx,2701,0.35046
merfish,1716,0.3009156,SCVI,ng_idx,1404,0.77366
merfish,1716,0.3009156,SCVI,ng_idx,2303,0.64664
merfish,1716,0.3009156,SCVI,ng_idx,2701,0.6351
merfish,1716,0.4490518,Geneformer,ng_idx,1404,0.85365
merfish,1716,0.4490518,Geneformer,ng_idx,2303,0.75779
merfish,1716,0.4490518,Geneformer,ng_idx,2701,0.75838
merfish,1716,0.4490518,PCA,ng_idx,1404,1.27661
merfish,1716,0.4490518,PCA,ng_idx,2303,1.28179
merfish,1716,0.4490518,PCA,ng_idx,2701,1.26875
merfish,1716,0.4490518,RandomProjection,ng_idx,1404,0.36551
merfish,1716,0.4490518,RandomProjection,ng_idx,2303,0.38486
merfish,1716,0.4490518,RandomProjection,ng_idx,2701,0.36551
merfish,1716,0.4490518,SCVI,ng_idx,1404,0.84709
merfish,1716,0.4490518,SCVI,ng_idx,2303,0.99283
merfish,1716,0.4490518,SCVI,ng_idx,2701,0.98111
merfish,1716,0.6701133,Geneformer,ng_idx,1404,0.90828
merfish,1716,0.6701133,Geneformer,ng_idx,2303,0.76297
merfish,1716,0.6701133,Geneformer,ng_idx,2701,0.8659
merfish,1716,0.6701133,PCA,ng_idx,1404,1.45729
merfish,1716,0.6701133,PCA,ng_idx,2303,1.48323
merfish,1716,0.6701133,PCA,ng_idx,2701,1.44048
merfish,1716,0.6701133,RandomProjection,ng_idx,1404,0.47139
merfish,1716,0.6701133,RandomProjection,ng_idx,2303,0.4527
merfish,1716,0.6701133,RandomProjection,ng_idx,2701,0.47139
merfish,1716,0.6701133,SCVI,ng_idx,1404,1.37744
merfish,1716,0.6701133,SCVI,ng_idx,2303,0.95339
merfish,1716,0.6701133,SCVI,ng_idx,2701,0.98086
merfish,1716,1.0,Geneformer,ng_idx,1404,1.03105
merfish,1716,1.0,Geneformer,ng_idx,2303,0.87336
merfish,1716,1.0,Geneformer,ng_idx,2701,0.87821
merfish,1716,1.0,PCA,ng_idx,1404,1.59837
merfish,1716,1.0,PCA,ng_idx,2303,1.5987
merfish,1716,1.0,PCA,ng_idx,2701,1.63756
merfish,1716,1.0,RandomProjection,ng_idx,1404,0.50802
merfish,1716,1.0,RandomProjection,ng_idx,2303,0.49535
merfish,1716,1.0,RandomProjection,ng_idx,2701,0.50802
merfish,1716,1.0,SCVI,ng_idx,1404,1.30482
merfish,1716,1.0,SCVI,ng_idx,2303,1.37512
merfish,1716,1.0,SCVI,ng_idx,2701,1.37482
merfish,3494,0.027248,Geneformer,ng_idx,1404,0.15504
merfish,3494,0.027248,Geneformer,ng_idx,2303,0.22031
merfish,3494,0.027248,Geneformer,ng_idx,2701,0.21143
merfish,3494,0.027248,PCA,ng_idx,1404,0.20007
merfish,3494,0.027248,PCA,ng_idx,2303,0.15218
merfish,3494,0.027248,PCA,ng_idx,2701,0.11788
merfish,3494,0.027248,RandomProjection,ng_idx,1404,0.03937
merfish,3494,0.027248,RandomProjection,ng_idx,2303,0.06278
merfish,3494,0.027248,RandomProjection,ng_idx,2701,0.03937
merfish,3494,0.027248,SCVI,ng_idx,1404,0.21653
merfish,3494,0.027248,SCVI,ng_idx,2303,0.22134
merfish,3494,0.027248,SCVI,ng_idx,2701,0.20856
merfish,3494,0.0406617,Geneformer,ng_idx,1404,0.19293
merfish,3494,0.0406617,Geneformer,ng_idx,2303,0.18325
merfish,3494,0.0406617,Geneformer,ng_idx,2701,0.14259
merfish,3494,0.0406617,PCA,ng_idx,1404,0.21903
merfish,3494,0.0406617,PCA,ng_idx,2303,0.19747
merfish,3494,0.0406617,PCA,ng_idx,2701,0.17565
merfish,3494,0.0406617,RandomProjection,ng_idx,1404,0.06378
merfish,3494,0.0406617,RandomProjection,ng_idx,2303,0.07044
merfish,3494,0.0406617,RandomProjection,ng_idx,2701,0.06378
merfish,3494,0.0406617,SCVI,ng_idx,1404,0.22518
merfish,3494,0.0406617,SCVI,ng_idx,2303,0.32018
merfish,3494,0.0406617,SCVI,ng_idx,2701,0.31017
merfish,3494,0.0606789,Geneformer,ng_idx,1404,0.23665
merfish,3494,0.0606789,Geneformer,ng_idx,2303,0.29641
merfish,3494,0.0606789,Geneformer,ng_idx,2701,0.23201
merfish,3494,0.0606789,PCA,ng_idx,1404,0.28805
merfish,3494,0.0606789,PCA,ng_idx,2303,0.29317
merfish,3494,0.0606789,PCA,ng_idx,2701,0.30814
merfish,3494,0.0606789,RandomProjection,ng_idx,1404,0.06458
merfish,3494,0.0606789,RandomProjection,ng_idx,2303,0.07459
merfish,3494,0.0606789,RandomProjection,ng_idx,2701,0.06458
merfish,3494,0.0606789,SCVI,ng_idx,1404,0.42458
merfish,3494,0.0606789,SCVI,ng_idx,2303,0.35741
merfish,3494,0.0606789,SCVI,ng_idx,2701,0.40058
merfish,3494,0.0905502,Geneformer,ng_idx,1404,0.35984
merfish,3494,0.0905502,Geneformer,ng_idx,2303,0.34565
merfish,3494,0.0905502,Geneformer,ng_idx,2701,0.39842
merfish,3494,0.0905502,PCA,ng_idx,1404,0.38877
merfish,3494,0.0905502,PCA,ng_idx,2303,0.389
merfish,3494,0.0905502,PCA,ng_idx,2701,0.43425
merfish,3494,0.0905502,RandomProjection,ng_idx,1404,0.1361
merfish,3494,0.0905502,RandomProjection,ng_idx,2303,0.11852
merfish,3494,0.0905502,RandomProjection,ng_idx,2701,0.1361
merfish,3494,0.0905502,SCVI,ng_idx,1404,0.41344
merfish,3494,0.0905502,SCVI,ng_idx,2303,0.41917
merfish,3494,0.0905502,SCVI,ng_idx,2701,0.4189
merfish,3494,0.1351267,Geneformer,ng_idx,1404,0.41492
merfish,3494,0.1351267,Geneformer,ng_idx,2303,0.43535
merfish,3494,0.1351267,Geneformer,ng_idx,2701,0.47055
merfish,3494,0.1351267,PCA,ng_idx,1404,0.53693
merfish,3494,0.1351267,PCA,ng_idx,2303,0.55904
merfish,3494,0.1351267,PCA,ng_idx,2701,0.57526
merfish,3494,0.1351267,RandomProjection,ng_idx,1404,0.23926
merfish,3494,0.1351267,RandomProjection,ng_idx,2303,0.22173
merfish,3494,0.1351267,RandomProjection,ng_idx,2701,0.23926
merfish,3494,0.1351267,SCVI,ng_idx,1404,0.7227
merfish,3494,0.1351267,SCVI,ng_idx,2303,0.48304
merfish,3494,0.1351267,SCVI,ng_idx,2701,0.48851
merfish,3494,0.2016475,Geneformer,ng_idx,1404,0.64631
merfish,3494,0.2016475,Geneformer,ng_idx,2303,0.64001
merfish,3494,0.2016475,Geneformer,ng_idx,2701,0.62634
merfish,3494,0.2016475,PCA,ng_idx,1404,0.76373
merfish,3494,0.2016475,PCA,ng_idx,2303,0.82873
merfish,3494,0.2016475,PCA,ng_idx,2701,0.86054
merfish,3494,0.2016475,RandomProjection,ng_idx,1404,0.23126
merfish,3494,0.2016475,RandomProjection,ng_idx,2303,0.21887
merfish,3494,0.2016475,RandomProjection,ng_idx,2701,0.23126
merfish,3494,0.2016475,SCVI,ng_idx,1404,0.69389
merfish,3494,0.2016475,SCVI,ng_idx,2303,1.07997
merfish,3494,0.2016475,SCVI,ng_idx,2701,1.04125
merfish,3494,0.3009156,Geneformer,ng_idx,1404,0.78601
merfish,3494,0.3009156,Geneformer,ng_idx,2303,0.73761
merfish,3494,0.3009156,Geneformer,ng_idx,2701,0.75612
merfish,3494,0.3009156,PCA,ng_idx,1404,1.08752
merfish,3494,0.3009156,PCA,ng_idx,2303,1.15937
merfish,3494,0.3009156,PCA,ng_idx,2701,1.04965
merfish,3494,0.3009156,RandomProjection,ng_idx,1404,0.35046
merfish,3494,0.3009156,RandomProjection,ng_idx,2303,0.32254
merfish,3494,0.3009156,RandomProjection,ng_idx,2701,0.35046
merfish,3494,0.3009156,SCVI,ng_idx,1404,1.17684
merfish,3494,0.3009156,SCVI,ng_idx,2303,1.23123
merfish,3494,0.3009156,SCVI,ng_idx,2701,1.13227
merfish,3494,0.4490518,Geneformer,ng_idx,1404,0.89518
merfish,3494,0.4490518,Geneformer,ng_idx,2303,0.88932
merfish,3494,0.4490518,Geneformer,ng_idx,2701,0.8628
merfish,3494,0.4490518,PCA,ng_idx,1404,1.24326
merfish,3494,0.4490518,PCA,ng_idx,2303,1.27794
merfish,3494,0.4490518,PCA,ng_idx,2701,1.29548
merfish,3494,0.4490518,RandomProjection,ng_idx,1404,0.36551
merfish,3494,0.4490518,RandomProjection,ng_idx,2303,0.38486
merfish,3494,0.4490518,RandomProjection,ng_idx,2701,0.36551
merfish,3494,0.4490518,SCVI,ng_idx,1404,1.4592
merfish,3494,0.4490518,SCVI,ng_idx,2303,1.40344
merfish,3494,0.4490518,SCVI,ng_idx,2701,1.41876
merfish,3494,0.6701133,Geneformer,ng_idx,1404,1.06866
merfish,3494,0.6701133,Geneformer,ng_idx,2303,0.91627
merfish,3494,0.6701133,Geneformer,ng_idx,2701,0.89962
merfish,3494,0.6701133,PCA,ng_idx,1404,1.44571
merfish,3494,0.6701133,PCA,ng_idx,2303,1.43855
merfish,3494,0.6701133,PCA,ng_idx,2701,1.48129
merfish,3494,0.6701133,RandomProjection,ng_idx,1404,0.47139
merfish,3494,0.6701133,RandomProjection,ng_idx,2303,0.4527
merfish,3494,0.6701133,RandomProjection,ng_idx,2701,0.47139
merfish,3494,0.6701133,SCVI,ng_idx,1404,1.50928
merfish,3494,0.6701133,SCVI,ng_idx,2303,1.61865
merfish,3494,0.6701133,SCVI,ng_idx,2701,1.60605
merfish,3494,1.0,Geneformer,ng_idx,1404,1.09141
merfish,3494,1.0,Geneformer,ng_idx,2303,1.06854
merfish,3494,1.0,Geneformer,ng_idx,2701,1.01557
merfish,3494,1.0,PCA,ng_idx,1404,1.58128
merfish,3494,1.0,PCA,ng_idx,2303,1.54035
merfish,3494,1.0,PCA,ng_idx,2701,1.66009
merfish,3494,1.0,RandomProjection,ng_idx,1404,0.50802
merfish,3494,1.0,RandomProjection,ng_idx,2303,0.49535
merfish,3494,1.0,RandomProjection,ng_idx,2701,0.50802
merfish,3494,1.0,SCVI,ng_idx,1404,1.70608
merfish,3494,1.0,SCVI,ng_idx,2303,1.75805
merfish,3494,1.0,SCVI,ng_idx,2701,1.76176
merfish,7113,0.027248,Geneformer,ng_idx,1404,0.21559
merfish,7113,0.027248,Geneformer,ng_idx,2303,0.13482
merfish,7113,0.027248,Geneformer,ng_idx,2701,0.15761
merfish,7113,0.027248,PCA,ng_idx,1404,0.13745
merfish,7113,0.027248,PCA,ng_idx,2303,0.13634
merfish,7113,0.027248,PCA,ng_idx,2701,0.11563
merfish,7113,0.027248,RandomProjection,ng_idx,1404,0.03937
merfish,7113,0.027248,RandomProjection,ng_idx,2303,0.06278
merfish,7113,0.027248,RandomProjection,ng_idx,2701,0.03937
merfish,7113,0.027248,SCVI,ng_idx,1404,0.21546
merfish,7113,0.027248,SCVI,ng_idx,2303,0.22424
merfish,7113,0.027248,SCVI,ng_idx,2701,0.22583
merfish,7113,0.0406617,Geneformer,ng_idx,1404,0.16839
merfish,7113,0.0406617,Geneformer,ng_idx,2303,0.20903
merfish,7113,0.0406617,Geneformer,ng_idx,2701,0.13265
merfish,7113,0.0406617,PCA,ng_idx,1404,0.16697
merfish,7113,0.0406617,PCA,ng_idx,2303,0.17374
merfish,7113,0.0406617,PCA,ng_idx,2701,0.23195
merfish,7113,0.0406617,RandomProjection,ng_idx,1404,0.06378
merfish,7113,0.0406617,RandomProjection,ng_idx,2303,0.07044
merfish,7113,0.0406617,RandomProjection,ng_idx,2701,0.06378
merfish,7113,0.0406617,SCVI,ng_idx,1404,0.34591
merfish,7113,0.0406617,SCVI,ng_idx,2303,0.32787
merfish,7113,0.0406617,SCVI,ng_idx,2701,0.36644
merfish,7113,0.0606789,Geneformer,ng_idx,1404,0.22912
merfish,7113,0.0606789,Geneformer,ng_idx,2303,0.25785
merfish,7113,0.0606789,Geneformer,ng_idx,2701,0.27941
merfish,7113,0.0606789,PCA,ng_idx,1404,0.28579
merfish,7113,0.0606789,PCA,ng_idx,2303,0.29097
merfish,7113,0.0606789,PCA,ng_idx,2701,0.26855
merfish,7113,0.0606789,RandomProjection,ng_idx,1404,0.06458
merfish,7113,0.0606789,RandomProjection,ng_idx,2303,0.07459
merfish,7113,0.0606789,RandomProjection,ng_idx,2701,0.06458
merfish,7113,0.0606789,SCVI,ng_idx,1404,0.48512
merfish,7113,0.0606789,SCVI,ng_idx,2303,0.48431
merfish,7113,0.0606789,SCVI,ng_idx,2701,0.44805
merfish,7113,0.0905502,Geneformer,ng_idx,1404,0.42859
merfish,7113,0.0905502,Geneformer,ng_idx,2303,0.37946
merfish,7113,0.0905502,Geneformer,ng_idx,2701,0.36227
merfish,7113,0.0905502,PCA,ng_idx,1404,0.38568
merfish,7113,0.0905502,PCA,ng_idx,2303,0.34245
merfish,7113,0.0905502,PCA,ng_idx,2701,0.3849
merfish,7113,0.0905502,RandomProjection,ng_idx,1404,0.1361
merfish,7113,0.0905502,RandomProjection,ng_idx,2303,0.11852
merfish,7113,0.0905502,RandomProjection,ng_idx,2701,0.1361
merfish,7113,0.0905502,SCVI,ng_idx,1404,0.66787
merfish,7113,0.0905502,SCVI,ng_idx,2303,0.65588
merfish,7113,0.0905502,SCVI,ng_idx,2701,0.69124
merfish,7113,0.1351267,Geneformer,ng_idx,1404,0.4707
merfish,7113,0.1351267,Geneformer,ng_idx,2303,0.53185
merfish,7113,0.1351267,Geneformer,ng_idx,2701,0.52447
merfish,7113,0.1351267,PCA,ng_idx,1404,0.56387
merfish,7113,0.1351267,PCA,ng_idx,2303,0.56444
merfish,7113,0.1351267,PCA,ng_idx,2701,0.57144
merfish,7113,0.1351267,RandomProjection,ng_idx,1404,0.23926
merfish,7113,0.1351267,RandomProjection,ng_idx,2303,0.22173
merfish,7113,0.1351267,RandomProjection,ng_idx,2701,0.23926
merfish,7113,0.1351267,SCVI,ng_idx,1404,0.87599
merfish,7113,0.1351267,SCVI,ng_idx,2303,0.85872
merfish,7113,0.1351267,SCVI,ng_idx,2701,0.86183
merfish,7113,0.2016475,Geneformer,ng_idx,1404,0.64489
merfish,7113,0.2016475,Geneformer,ng_idx,2303,0.57132
merfish,7113,0.2016475,Geneformer,ng_idx,2701,0.57823
merfish,7113,0.2016475,PCA,ng_idx,1404,0.81911
merfish,7113,0.2016475,PCA,ng_idx,2303,0.84684
merfish,7113,0.2016475,PCA,ng_idx,2701,0.82476
merfish,7113,0.2016475,RandomProjection,ng_idx,1404,0.23126
merfish,7113,0.2016475,RandomProjection,ng_idx,2303,0.21887
merfish,7113,0.2016475,RandomProjection,ng_idx,2701,0.23126
merfish,7113,0.2016475,SCVI,ng_idx,1404,1.11834
merfish,7113,0.2016475,SCVI,ng_idx,2303,1.15295
merfish,7113,0.2016475,SCVI,ng_idx,2701,1.12205
merfish,7113,0.3009156,Geneformer,ng_idx,1404,0.70416
merfish,7113,0.3009156,Geneformer,ng_idx,2303,0.69275
merfish,7113,0.3009156,Geneformer,ng_idx,2701,0.66812
merfish,7113,0.3009156,PCA,ng_idx,1404,1.0727
merfish,7113,0.3009156,PCA,ng_idx,2303,1.15097
merfish,7113,0.3009156,PCA,ng_idx,2701,1.07735
merfish,7113,0.3009156,RandomProjection,ng_idx,1404,0.35046
merfish,7113,0.3009156,RandomProjection,ng_idx,2303,0.32254
merfish,7113,0.3009156,RandomProjection,ng_idx,2701,0.35046
merfish,7113,0.3009156,SCVI,ng_idx,1404,1.21582
merfish,7113,0.3009156,SCVI,ng_idx,2303,1.34577
merfish,7113,0.3009156,SCVI,ng_idx,2701,1.21052
merfish,7113,0.4490518,Geneformer,ng_idx,1404,0.95926
merfish,7113,0.4490518,Geneformer,ng_idx,2303,0.89854
merfish,7113,0.4490518,Geneformer,ng_idx,2701,0.85609
merfish,7113,0.4490518,PCA,ng_idx,1404,1.24062
merfish,7113,0.4490518,PCA,ng_idx,2303,1.29646
merfish,7113,0.4490518,PCA,ng_idx,2701,1.30569
merfish,7113,0.4490518,RandomProjection,ng_idx,1404,0.36551
merfish,7113,0.4490518,RandomProjection,ng_idx,2303,0.38486
merfish,7113,0.4490518,RandomProjection,ng_idx,2701,0.36551
merfish,7113,0.4490518,SCVI,ng_idx,1404,1.49013
merfish,7113,0.4490518,SCVI,ng_idx,2303,1.44745
merfish,7113,0.4490518,SCVI,ng_idx,2701,1.47197
merfish,7113,0.6701133,Geneformer,ng_idx,1404,0.86118
merfish,7113,0.6701133,Geneformer,ng_idx,2303,0.83939
merfish,7113,0.6701133,Geneformer,ng_idx,2701,0.87088
merfish,7113,0.6701133,PCA,ng_idx,1404,1.37605
merfish,7113,0.6701133,PCA,ng_idx,2303,1.41985
merfish,7113,0.6701133,PCA,ng_idx,2701,1.44464
merfish,7113,0.6701133,RandomProjection,ng_idx,1404,0.47139
merfish,7113,0.6701133,RandomProjection,ng_idx,2303,0.4527
merfish,7113,0.6701133,RandomProjection,ng_idx,2701,0.47139
merfish,7113,0.6701133,SCVI,ng_idx,1404,1.62036
merfish,7113,0.6701133,SCVI,ng_idx,2303,1.64038
merfish,7113,0.6701133,SCVI,ng_idx,2701,1.65053
merfish,7113,1.0,Geneformer,ng_idx,1404,1.12763
merfish,7113,1.0,Geneformer,ng_idx,2303,0.98937
merfish,7113,1.0,Geneformer,ng_idx,2701,0.9806
merfish,7113,1.0,PCA,ng_idx,1404,1.54757
merfish,7113,1.0,PCA,ng_idx,2303,1.61749
merfish,7113,1.0,PCA,ng_idx,2701,1.56654
merfish,7113,1.0,RandomProjection,ng_idx,1404,0.50802
merfish,7113,1.0,RandomProjection,ng_idx,2303,0.49535
merfish,7113,1.0,RandomProjection,ng_idx,2701,0.50802
merfish,7113,1.0,SCVI,ng_idx,1404,1.73802
merfish,7113,1.0,SCVI,ng_idx,2303,1.79133
merfish,7113,1.0,SCVI,ng_idx,2701,1.80958
merfish,14480,0.027248,Geneformer,ng_idx,1404,0.17112
merfish,14480,0.027248,Geneformer,ng_idx,2303,0.15037
merfish,14480,0.027248,Geneformer,ng_idx,2701,0.17078
merfish,14480,0.027248,PCA,ng_idx,1404,0.11248
merfish,14480,0.027248,PCA,ng_idx,2303,0.14869
merfish,14480,0.027248,PCA,ng_idx,2701,0.14468
merfish,14480,0.027248,RandomProjection,ng_idx,1404,0.03937
merfish,14480,0.027248,RandomProjection,ng_idx,2303,0.06278
merfish,14480,0.027248,RandomProjection,ng_idx,2701,0.03937
merfish,14480,0.027248,SCVI,ng_idx,1404,0.23125
merfish,14480,0.027248,SCVI,ng_idx,2303,0.28256
merfish,14480,0.027248,SCVI,ng_idx,2701,0.24837
merfish,14480,0.0406617,Geneformer,ng_idx,1404,0.18441
merfish,14480,0.0406617,Geneformer,ng_idx,2303,0.17362
merfish,14480,0.0406617,Geneformer,ng_idx,2701,0.17723
merfish,14480,0.0406617,PCA,ng_idx,1404,0.17992
merfish,14480,0.0406617,PCA,ng_idx,2303,0.1509
merfish,14480,0.0406617,PCA,ng_idx,2701,0.17754
merfish,14480,0.0406617,RandomProjection,ng_idx,1404,0.06378
merfish,14480,0.0406617,RandomProjection,ng_idx,2303,0.07044
merfish,14480,0.0406617,RandomProjection,ng_idx,2701,0.06378
merfish,14480,0.0406617,SCVI,ng_idx,1404,0.35012
merfish,14480,0.0406617,SCVI,ng_idx,2303,0.38959
merfish,14480,0.0406617,SCVI,ng_idx,2701,0.34009
merfish,14480,0.0606789,Geneformer,ng_idx,1404,0.37101
merfish,14480,0.0606789,Geneformer,ng_idx,2303,0.26396
merfish,14480,0.0606789,Geneformer,ng_idx,2701,0.28037
merfish,14480,0.0606789,PCA,ng_idx,1404,0.26573
merfish,14480,0.0606789,PCA,ng_idx,2303,0.27447
merfish,14480,0.0606789,PCA,ng_idx,2701,0.3007
merfish,14480,0.0606789,RandomProjection,ng_idx,1404,0.06458
merfish,14480,0.0606789,RandomProjection,ng_idx,2303,0.07459
merfish,14480,0.0606789,RandomProjection,ng_idx,2701,0.06458
merfish,14480,0.0606789,SCVI,ng_idx,1404,0.55007
merfish,14480,0.0606789,SCVI,ng_idx,2303,0.49054
merfish,14480,0.0606789,SCVI,ng_idx,2701,0.45923
merfish,14480,0.0905502,Geneformer,ng_idx,1404,0.36269
merfish,14480,0.0905502,Geneformer,ng_idx,2303,0.40224
merfish,14480,0.0905502,Geneformer,ng_idx,2701,0.40029
merfish,14480,0.0905502,PCA,ng_idx,1404,0.42596
merfish,14480,0.0905502,PCA,ng_idx,2303,0.36541
merfish,14480,0.0905502,PCA,ng_idx,2701,0.44895
merfish,14480,0.0905502,RandomProjection,ng_idx,1404,0.1361
merfish,14480,0.0905502,RandomProjection,ng_idx,2303,0.11852
merfish,14480,0.0905502,RandomProjection,ng_idx,2701,0.1361
merfish,14480,0.0905502,SCVI,ng_idx,1404,0.77869
merfish,14480,0.0905502,SCVI,ng_idx,2303,0.65546
merfish,14480,0.0905502,SCVI,ng_idx,2701,0.7295
merfish,14480,0.1351267,Geneformer,ng_idx,1404,0.71402
merfish,14480,0.1351267,Geneformer,ng_idx,2303,0.57008
merfish,14480,0.1351267,Geneformer,ng_idx,2701,0.6327
merfish,14480,0.1351267,PCA,ng_idx,1404,0.54822
merfish,14480,0.1351267,PCA,ng_idx,2303,0.55493
merfish,14480,0.1351267,PCA,ng_idx,2701,0.60127
merfish,14480,0.1351267,RandomProjection,ng_idx,1404,0.23926
merfish,14480,0.1351267,RandomProjection,ng_idx,2303,0.22173
merfish,14480,0.1351267,RandomProjection,ng_idx,2701,0.23926
merfish,14480,0.1351267,SCVI,ng_idx,1404,0.87865
merfish,14480,0.1351267,SCVI,ng_idx,2303,0.9241
merfish,14480,0.1351267,SCVI,ng_idx,2701,0.91625
merfish,14480,0.2016475,Geneformer,ng_idx,1404,0.7852
merfish,14480,0.2016475,Geneformer,ng_idx,2303,0.65942
merfish,14480,0.2016475,Geneformer,ng_idx,2701,0.73012
merfish,14480,0.2016475,PCA,ng_idx,1404,0.83836
merfish,14480,0.2016475,PCA,ng_idx,2303,0.8874
merfish,14480,0.2016475,PCA,ng_idx,2701,0.87925
merfish,14480,0.2016475,RandomProjection,ng_idx,1404,0.23126
merfish,14480,0.2016475,RandomProjection,ng_idx,2303,0.21887
merfish,14480,0.2016475,RandomProjection,ng_idx,2701,0.23126
merfish,14480,0.2016475,SCVI,ng_idx,1404,1.15405
merfish,14480,0.2016475,SCVI,ng_idx,2303,1.16507
merfish,14480,0.2016475,SCVI,ng_idx,2701,1.13222
merfish,14480,0.3009156,Geneformer,ng_idx,1404,0.78721
merfish,14480,0.3009156,Geneformer,ng_idx,2303,0.85811
merfish,14480,0.3009156,Geneformer,ng_idx,2701,0.80967
merfish,14480,0.3009156,PCA,ng_idx,1404,1.0798
merfish,14480,0.3009156,PCA,ng_idx,2303,1.11825
merfish,14480,0.3009156,PCA,ng_idx,2701,1.09616
merfish,14480,0.3009156,RandomProjection,ng_idx,1404,0.35046
merfish,14480,0.3009156,RandomProjection,ng_idx,2303,0.32254
merfish,14480,0.3009156,RandomProjection,ng_idx,2701,0.35046
merfish,14480,0.3009156,SCVI,ng_idx,1404,1.34232
merfish,14480,0.3009156,SCVI,ng_idx,2303,1.38539
merfish,14480,0.3009156,SCVI,ng_idx,2701,1.35502
merfish,14480,0.4490518,Geneformer,ng_idx,1404,0.99965
merfish,14480,0.4490518,Geneformer,ng_idx,2303,0.89908
merfish,14480,0.4490518,Geneformer,ng_idx,2701,0.88138
merfish,14480,0.4490518,PCA,ng_idx,1404,1.24351
merfish,14480,0.4490518,PCA,ng_idx,2303,1.28121
merfish,14480,0.4490518,PCA,ng_idx,2701,1.31418
merfish,14480,0.4490518,RandomProjection,ng_idx,1404,0.36551
merfish,14480,0.4490518,RandomProjection,ng_idx,2303,0.38486
merfish,14480,0.4490518,RandomProjection,ng_idx,2701,0.36551
merfish,14480,0.4490518,SCVI,ng_idx,1404,1.44996
merfish,14480,0.4490518,SCVI,ng_idx,2303,1.58107
merfish,14480,0.4490518,SCVI,ng_idx,2701,1.53982
merfish,14480,0.6701133,Geneformer,ng_idx,1404,1.0029
merfish,14480,0.6701133,Geneformer,ng_idx,2303,1.04349
merfish,14480,0.6701133,Geneformer,ng_idx,2701,1.00619
merfish,14480,0.6701133,PCA,ng_idx,1404,1.40441
merfish,14480,0.6701133,PCA,ng_idx,2303,1.46515
merfish,14480,0.6701133,PCA,ng_idx,2701,1.48827
merfish,14480,0.6701133,RandomProjection,ng_idx,1404,0.47139
merfish,14480,0.6701133,RandomProjection,ng_idx,2303,0.4527
merfish,14480,0.6701133,RandomProjection,ng_idx,2701,0.47139
merfish,14480,0.6701133,SCVI,ng_idx,1404,1.6213
merfish,14480,0.6701133,SCVI,ng_idx,2303,1.65728
merfish,14480,0.6701133,SCVI,ng_idx,2701,1.68009
merfish,14480,1.0,Geneformer,ng_idx,1404,0.96739
merfish,14480,1.0,Geneformer,ng_idx,2303,1.23447
merfish,14480,1.0,Geneformer,ng_idx,2701,1.13297
merfish,14480,1.0,PCA,ng_idx,1404,1.58091
merfish,14480,1.0,PCA,ng_idx,2303,1.59196
merfish,14480,1.0,PCA,ng_idx,2701,1.62676
merfish,14480,1.0,RandomProjection,ng_idx,1404,0.50802
merfish,14480,1.0,RandomProjection,ng_idx,2303,0.49535
merfish,14480,1.0,RandomProjection,ng_idx,2701,0.50802
merfish,14480,1.0,SCVI,ng_idx,1404,1.73235
merfish,14480,1.0,SCVI,ng_idx,2303,1.81416
merfish,14480,1.0,SCVI,ng_idx,2701,1.89178
merfish,29475,0.027248,Geneformer,ng_idx,1404,0.24733
merfish,29475,0.027248,Geneformer,ng_idx,2303,0.18403
merfish,29475,0.027248,Geneformer,ng_idx,2701,0.19618
merfish,29475,0.027248,PCA,ng_idx,1404,0.09709
merfish,29475,0.027248,PCA,ng_idx,2303,0.13115
merfish,29475,0.027248,PCA,ng_idx,2701,0.08001
merfish,29475,0.027248,RandomProjection,ng_idx,1404,0.03937
merfish,29475,0.027248,RandomProjection,ng_idx,2303,0.06278
merfish,29475,0.027248,RandomProjection,ng_idx,2701,0.03937
merfish,29475,0.027248,SCVI,ng_idx,1404,0.3148
merfish,29475,0.027248,SCVI,ng_idx,2303,0.28652
merfish,29475,0.027248,SCVI,ng_idx,2701,0.26701
merfish,29475,0.0406617,Geneformer,ng_idx,1404,0.20728
merfish,29475,0.0406617,Geneformer,ng_idx,2303,0.18153
merfish,29475,0.0406617,Geneformer,ng_idx,2701,0.19759
merfish,29475,0.0406617,PCA,ng_idx,1404,0.17008
merfish,29475,0.0406617,PCA,ng_idx,2303,0.18391
merfish,29475,0.0406617,PCA,ng_idx,2701,0.19116
merfish,29475,0.0406617,RandomProjection,ng_idx,1404,0.06378
merfish,29475,0.0406617,RandomProjection,ng_idx,2303,0.07044
merfish,29475,0.0406617,RandomProjection,ng_idx,2701,0.06378
merfish,29475,0.0406617,SCVI,ng_idx,1404,0.39648
merfish,29475,0.0406617,SCVI,ng_idx,2303,0.36437
merfish,29475,0.0406617,SCVI,ng_idx,2701,0.34687
merfish,29475,0.0606789,Geneformer,ng_idx,1404,0.31778
merfish,29475,0.0606789,Geneformer,ng_idx,2303,0.32414
merfish,29475,0.0606789,Geneformer,ng_idx,2701,0.35229
merfish,29475,0.0606789,PCA,ng_idx,1404,0.27659
merfish,29475,0.0606789,PCA,ng_idx,2303,0.26931
merfish,29475,0.0606789,PCA,ng_idx,2701,0.26304
merfish,29475,0.0606789,RandomProjection,ng_idx,1404,0.06458
merfish,29475,0.0606789,RandomProjection,ng_idx,2303,0.07459
merfish,29475,0.0606789,RandomProjection,ng_idx,2701,0.06458
merfish,29475,0.0606789,SCVI,ng_idx,1404,0.47214
merfish,29475,0.0606789,SCVI,ng_idx,2303,0.50705
merfish,29475,0.0606789,SCVI,ng_idx,2701,0.52359
merfish,29475,0.0905502,Geneformer,ng_idx,1404,0.46207
merfish,29475,0.0905502,Geneformer,ng_idx,2303,0.41871
merfish,29475,0.0905502,Geneformer,ng_idx,2701,0.42247
merfish,29475,0.0905502,PCA,ng_idx,1404,0.41107
merfish,29475,0.0905502,PCA,ng_idx,2303,0.34668
merfish,29475,0.0905502,PCA,ng_idx,2701,0.42393
merfish,29475,0.0905502,RandomProjection,ng_idx,1404,0.1361
merfish,29475,0.0905502,RandomProjection,ng_idx,2303,0.11852
merfish,29475,0.0905502,RandomProjection,ng_idx,2701,0.1361
merfish,29475,0.0905502,SCVI,ng_idx,1404,0.77857
merfish,29475,0.0905502,SCVI,ng_idx,2303,0.7744
merfish,29475,0.0905502,SCVI,ng_idx,2701,0.80684
merfish,29475,0.1351267,Geneformer,ng_idx,1404,0.71164
merfish,29475,0.1351267,Geneformer,ng_idx,2303,0.52315
merfish,29475,0.1351267,Geneformer,ng_idx,2701,0.55273
merfish,29475,0.1351267,PCA,ng_idx,1404,0.52239
merfish,29475,0.1351267,PCA,ng_idx,2303,0.56984
merfish,29475,0.1351267,PCA,ng_idx,2701,0.53
merfish,29475,0.1351267,RandomProjection,ng_idx,1404,0.23926
merfish,29475,0.1351267,RandomProjection,ng_idx,2303,0.22173
merfish,29475,0.1351267,RandomProjection,ng_idx,2701,0.23926
merfish,29475,0.1351267,SCVI,ng_idx,1404,0.9679
merfish,29475,0.1351267,SCVI,ng_idx,2303,0.93612
merfish,29475,0.1351267,SCVI,ng_idx,2701,0.93304
merfish,29475,0.2016475,Geneformer,ng_idx,1404,0.70013
merfish,29475,0.2016475,Geneformer,ng_idx,2303,0.74495
merfish,29475,0.2016475,Geneformer,ng_idx,2701,0.76705
merfish,29475,0.2016475,PCA,ng_idx,1404,0.81231
merfish,29475,0.2016475,PCA,ng_idx,2303,0.8658
merfish,29475,0.2016475,PCA,ng_idx,2701,0.86795
merfish,29475,0.2016475,RandomProjection,ng_idx,1404,0.23126
merfish,29475,0.2016475,RandomProjection,ng_idx,2303,0.21887
merfish,29475,0.2016475,RandomProjection,ng_idx,2701,0.23126
merfish,29475,0.2016475,SCVI,ng_idx,1404,1.20494
merfish,29475,0.2016475,SCVI,ng_idx,2303,1.19541
merfish,29475,0.2016475,SCVI,ng_idx,2701,1.19897
merfish,29475,0.3009156,Geneformer,ng_idx,1404,0.80503
merfish,29475,0.3009156,Geneformer,ng_idx,2303,0.79745
merfish,29475,0.3009156,Geneformer,ng_idx,2701,0.77273
merfish,29475,0.3009156,PCA,ng_idx,1404,1.06472
merfish,29475,0.3009156,PCA,ng_idx,2303,1.13593
merfish,29475,0.3009156,PCA,ng_idx,2701,1.10592
merfish,29475,0.3009156,RandomProjection,ng_idx,1404,0.35046
merfish,29475,0.3009156,RandomProjection,ng_idx,2303,0.32254
merfish,29475,0.3009156,RandomProjection,ng_idx,2701,0.35046
merfish,29475,0.3009156,SCVI,ng_idx,1404,1.34173
merfish,29475,0.3009156,SCVI,ng_idx,2303,1.4473
merfish,29475,0.3009156,SCVI,ng_idx,2701,1.39428
merfish,29475,0.4490518,Geneformer,ng_idx,1404,0.98095
merfish,29475,0.4490518,Geneformer,ng_idx,2303,1.06981
merfish,29475,0.4490518,Geneformer,ng_idx,2701,1.04553
merfish,29475,0.4490518,PCA,ng_idx,1404,1.19513
merfish,29475,0.4490518,PCA,ng_idx,2303,1.29975
merfish,29475,0.4490518,PCA,ng_idx,2701,1.30938
merfish,29475,0.4490518,RandomProjection,ng_idx,1404,0.36551
merfish,29475,0.4490518,RandomProjection,ng_idx,2303,0.38486
merfish,29475,0.4490518,RandomProjection,ng_idx,2701,0.36551
merfish,29475,0.4490518,SCVI,ng_idx,1404,1.50473
merfish,29475,0.4490518,SCVI,ng_idx,2303,1.60269
merfish,29475,0.4490518,SCVI,ng_idx,2701,1.55052
merfish,29475,0.6701133,Geneformer,ng_idx,1404,1.10015
merfish,29475,0.6701133,Geneformer,ng_idx,2303,1.20611
merfish,29475,0.6701133,Geneformer,ng_idx,2701,1.18325
merfish,29475,0.6701133,PCA,ng_idx,1404,1.41355
merfish,29475,0.6701133,PCA,ng_idx,2303,1.45663
merfish,29475,0.6701133,PCA,ng_idx,2701,1.45239
merfish,29475,0.6701133,RandomProjection,ng_idx,1404,0.47139
merfish,29475,0.6701133,RandomProjection,ng_idx,2303,0.4527
merfish,29475,0.6701133,RandomProjection,ng_idx,2701,0.47139
merfish,29475,0.6701133,SCVI,ng_idx,1404,1.59982
merfish,29475,0.6701133,SCVI,ng_idx,2303,1.71895
merfish,29475,0.6701133,SCVI,ng_idx,2701,1.76421
merfish,29475,1.0,Geneformer,ng_idx,1404,0.95381
merfish,29475,1.0,Geneformer,ng_idx,2303,1.44499
merfish,29475,1.0,Geneformer,ng_idx,2701,1.42489
merfish,29475,1.0,PCA,ng_idx,1404,1.59399
merfish,29475,1.0,PCA,ng_idx,2303,1.60543
merfish,29475,1.0,PCA,ng_idx,2701,1.70318
merfish,29475,1.0,RandomProjection,ng_idx,1404,0.50802
merfish,29475,1.0,RandomProjection,ng_idx,2303,0.49535
merfish,29475,1.0,RandomProjection,ng_idx,2701,0.50802
merfish,29475,1.0,SCVI,ng_idx,1404,1.74801
merfish,29475,1.0,SCVI,ng_idx,2303,1.89412
merfish,29475,1.0,SCVI,ng_idx,2701,1.95865
merfish,60000,0.027248,Geneformer,ng_idx,1404,0.18707
merfish,60000,0.027248,Geneformer,ng_idx,2303,0.16929
merfish,60000,0.027248,Geneformer,ng_idx,2701,0.16658
merfish,60000,0.027248,PCA,ng_idx,1404,0.09946
merfish,60000,0.027248,PCA,ng_idx,2303,0.13942
merfish,60000,0.027248,PCA,ng_idx,2701,0.13892
merfish,60000,0.027248,RandomProjection,ng_idx,1404,0.03937
merfish,60000,0.027248,RandomProjection,ng_idx,2303,0.06278
merfish,60000,0.027248,RandomProjection,ng_idx,2701,0.03937
merfish,60000,0.027248,SCVI,ng_idx,1404,0.31234
merfish,60000,0.027248,SCVI,ng_idx,2303,0.23988
merfish,60000,0.027248,SCVI,ng_idx,2701,0.25727
merfish,60000,0.0406617,Geneformer,ng_idx,1404,0.22248
merfish,60000,0.0406617,Geneformer,ng_idx,2303,0.1804
merfish,60000,0.0406617,Geneformer,ng_idx,2701,0.20132
merfish,60000,0.0406617,PCA,ng_idx,1404,0.18097
merfish,60000,0.0406617,PCA,ng_idx,2303,0.21345
merfish,60000,0.0406617,PCA,ng_idx,2701,0.219
merfish,60000,0.0406617,RandomProjection,ng_idx,1404,0.06378
merfish,60000,0.0406617,RandomProjection,ng_idx,2303,0.07044
merfish,60000,0.0406617,RandomProjection,ng_idx,2701,0.06378
merfish,60000,0.0406617,SCVI,ng_idx,1404,0.39161
merfish,60000,0.0406617,SCVI,ng_idx,2303,0.33628
merfish,60000,0.0406617,SCVI,ng_idx,2701,0.3734
merfish,60000,0.0606789,Geneformer,ng_idx,1404,0.33946
merfish,60000,0.0606789,Geneformer,ng_idx,2303,0.28739
merfish,60000,0.0606789,Geneformer,ng_idx,2701,0.33987
merfish,60000,0.0606789,PCA,ng_idx,1404,0.26072
merfish,60000,0.0606789,PCA,ng_idx,2303,0.26221
merfish,60000,0.0606789,PCA,ng_idx,2701,0.28843
merfish,60000,0.0606789,RandomProjection,ng_idx,1404,0.06458
merfish,60000,0.0606789,RandomProjection,ng_idx,2303,0.07459
merfish,60000,0.0606789,RandomProjection,ng_idx,2701,0.06458
merfish,60000,0.0606789,SCVI,ng_idx,1404,0.55549
merfish,60000,0.0606789,SCVI,ng_idx,2303,0.53247
merfish,60000,0.0606789,SCVI,ng_idx,2701,0.57282
merfish,60000,0.0905502,Geneformer,ng_idx,1404,0.40776
merfish,60000,0.0905502,Geneformer,ng_idx,2303,0.41231
merfish,60000,0.0905502,Geneformer,ng_idx,2701,0.47533
merfish,60000,0.0905502,PCA,ng_idx,1404,0.39978
merfish,60000,0.0905502,PCA,ng_idx,2303,0.37592
merfish,60000,0.0905502,PCA,ng_idx,2701,0.3785
merfish,60000,0.0905502,RandomProjection,ng_idx,1404,0.1361
merfish,60000,0.0905502,RandomProjection,ng_idx,2303,0.11852
merfish,60000,0.0905502,RandomProjection,ng_idx,2701,0.1361
merfish,60000,0.0905502,SCVI,ng_idx,1404,0.79362
merfish,60000,0.0905502,SCVI,ng_idx,2303,0.66754
merfish,60000,0.0905502,SCVI,ng_idx,2701,0.6706
merfish,60000,0.1351267,Geneformer,ng_idx,1404,0.62454
merfish,60000,0.1351267,Geneformer,ng_idx,2303,0.50716
merfish,60000,0.1351267,Geneformer,ng_idx,2701,0.55288
merfish,60000,0.1351267,PCA,ng_idx,1404,0.5351
merfish,60000,0.1351267,PCA,ng_idx,2303,0.51097
merfish,60000,0.1351267,PCA,ng_idx,2701,0.6019
merfish,60000,0.1351267,RandomProjection,ng_idx,1404,0.23926
merfish,60000,0.1351267,RandomProjection,ng_idx,2303,0.22173
merfish,60000,0.1351267,RandomProjection,ng_idx,2701,0.23926
merfish,60000,0.1351267,SCVI,ng_idx,1404,0.96679
merfish,60000,0.1351267,SCVI,ng_idx,2303,1.06106
merfish,60000,0.1351267,SCVI,ng_idx,2701,0.92352
merfish,60000,0.2016475,Geneformer,ng_idx,1404,0.83658
merfish,60000,0.2016475,Geneformer,ng_idx,2303,0.71577
merfish,60000,0.2016475,Geneformer,ng_idx,2701,0.72541
merfish,60000,0.2016475,PCA,ng_idx,1404,0.79715
merfish,60000,0.2016475,PCA,ng_idx,2303,0.857
merfish,60000,0.2016475,PCA,ng_idx,2701,0.85175
merfish,60000,0.2016475,RandomProjection,ng_idx,1404,0.23126
merfish,60000,0.2016475,RandomProjection,ng_idx,2303,0.21887
merfish,60000,0.2016475,RandomProjection,ng_idx,2701,0.23126
merfish,60000,0.2016475,SCVI,ng_idx,1404,1.14704
merfish,60000,0.2016475,SCVI,ng_idx,2303,1.22238
merfish,60000,0.2016475,SCVI,ng_idx,2701,1.19194
merfish,60000,0.3009156,Geneformer,ng_idx,1404,0.88722
merfish,60000,0.3009156,Geneformer,ng_idx,2303,0.83068
merfish,60000,0.3009156,Geneformer,ng_idx,2701,0.8525
merfish,60000,0.3009156,PCA,ng_idx,1404,1.07948
merfish,60000,0.3009156,PCA,ng_idx,2303,1.10646
merfish,60000,0.3009156,PCA,ng_idx,2701,1.12511
merfish,60000,0.3009156,RandomProjection,ng_idx,1404,0.35046
merfish,60000,0.3009156,RandomProjection,ng_idx,2303,0.32254
merfish,60000,0.3009156,RandomProjection,ng_idx,2701,0.35046
merfish,60000,0.3009156,SCVI,ng_idx,1404,1.40207
merfish,60000,0.3009156,SCVI,ng_idx,2303,1.49718
merfish,60000,0.3009156,SCVI,ng_idx,2701,1.36686
merfish,60000,0.4490518,Geneformer,ng_idx,1404,0.98957
merfish,60000,0.4490518,Geneformer,ng_idx,2303,1.05592
merfish,60000,0.4490518,Geneformer,ng_idx,2701,1.16188
merfish,60000,0.4490518,PCA,ng_idx,1404,1.23527
merfish,60000,0.4490518,PCA,ng_idx,2303,1.28943
merfish,60000,0.4490518,PCA,ng_idx,2701,1.32079
merfish,60000,0.4490518,RandomProjection,ng_idx,1404,0.36551
merfish,60000,0.4490518,RandomProjection,ng_idx,2303,0.38486
merfish,60000,0.4490518,RandomProjection,ng_idx,2701,0.36551
merfish,60000,0.4490518,SCVI,ng_idx,1404,1.57733
merfish,60000,0.4490518,SCVI,ng_idx,2303,1.64623
merfish,60000,0.4490518,SCVI,ng_idx,2701,1.51645
merfish,60000,0.6701133,Geneformer,ng_idx,1404,0.93574
merfish,60000,0.6701133,Geneformer,ng_idx,2303,1.27537
merfish,60000,0.6701133,Geneformer,ng_idx,2701,1.24873
merfish,60000,0.6701133,PCA,ng_idx,1404,1.40817
merfish,60000,0.6701133,PCA,ng_idx,2303,1.42044
merfish,60000,0.6701133,PCA,ng_idx,2701,1.46039
merfish,60000,0.6701133,RandomProjection,ng_idx,1404,0.47139
merfish,60000,0.6701133,RandomProjection,ng_idx,2303,0.4527
merfish,60000,0.6701133,RandomProjection,ng_idx,2701,0.47139
merfish,60000,0.6701133,SCVI,ng_idx,1404,1.58707
merfish,60000,0.6701133,SCVI,ng_idx,2303,1.72338
merfish,60000,0.6701133,SCVI,ng_idx,2701,1.73773
merfish,60000,1.0,Geneformer,ng_idx,1404,1.12425
merfish,60000,1.0,Geneformer,ng_idx,2303,1.01388
merfish,60000,1.0,Geneformer,ng_idx,2701,0.96062
merfish,60000,1.0,PCA,ng_idx,1404,1.62044
merfish,60000,1.0,PCA,ng_idx,2303,1.59449
merfish,60000,1.0,PCA,ng_idx,2701,1.66469
merfish,60000,1.0,RandomProjection,ng_idx,1404,0.50802
merfish,60000,1.0,RandomProjection,ng_idx,2303,0.49535
merfish,60000,1.0,RandomProjection,ng_idx,2701,0.50802
merfish,60000,1.0,SCVI,ng_idx,1404,1.90138
merfish,60000,1.0,SCVI,ng_idx,2303,1.89948
merfish,60000,1.0,SCVI,ng_idx,2701,1.88539
shendure,100,0.004,Geneformer,author_day,42,0.16498
shendure,100,0.004,PCA,author_day,42,0.00508
shendure,100,0.004,RandomProjection,author_day,42,0.00854
shendure,100,0.004,SCVI,author_day,42,0.05728
shendure,100,0.0073875,Geneformer,author_day,42,0.22214
shendure,100,0.0073875,PCA,author_day,42,0.03935
shendure,100,0.0073875,RandomProjection,author_day,42,0.02293
shendure,100,0.0073875,SCVI,author_day,42,0.06279
shendure,100,0.0136438,Geneformer,author_day,42,0.22694
shendure,100,0.0136438,PCA,author_day,42,0.05596
shendure,100,0.0136438,RandomProjection,author_day,42,0.03687
shendure,100,0.0136438,SCVI,author_day,42,0.152
shendure,100,0.0251984,Geneformer,author_day,42,0.3249
shendure,100,0.0251984,PCA,author_day,42,0.1697
shendure,100,0.0251984,RandomProjection,author_day,42,0.04601
shendure,100,0.0251984,SCVI,author_day,42,0.26866
shendure,100,0.0465384,Geneformer,author_day,42,0.47459
shendure,100,0.0465384,PCA,author_day,42,0.25842
shendure,100,0.0465384,RandomProjection,author_day,42,0.09726
shendure,100,0.0465384,SCVI,author_day,42,0.45637
shendure,100,0.0859506,Geneformer,author_day,42,0.56498
shendure,100,0.0859506,PCA,author_day,42,0.34247
shendure,100,0.0859506,RandomProjection,author_day,42,0.10402
shendure,100,0.0859506,SCVI,author_day,42,0.65975
shendure,100,0.1587401,Geneformer,author_day,42,0.64673
shendure,100,0.1587401,PCA,author_day,42,0.44754
shendure,100,0.1587401,RandomProjection,author_day,42,0.22562
shendure,100,0.1587401,SCVI,author_day,42,0.86204
shendure,100,0.2931733,Geneformer,author_day,42,0.70218
shendure,100,0.2931733,PCA,author_day,42,0.57723
shendure,100,0.2931733,RandomProjection,author_day,42,0.30873
shendure,100,0.2931733,SCVI,author_day,42,1.17627
shendure,100,0.5414548,Geneformer,author_day,42,0.74231
shendure,100,0.5414548,PCA,author_day,42,0.7569
shendure,100,0.5414548,RandomProjection,author_day,42,0.42512
shendure,100,0.5414548,SCVI,author_day,42,1.29656
shendure,100,1.0,Geneformer,author_day,42,0.83026
shendure,100,1.0,PCA,author_day,42,0.91601
shendure,100,1.0,RandomProjection,author_day,42,0.47368
shendure,100,1.0,SCVI,author_day,42,1.49023
shendure,359,0.004,Geneformer,author_day,42,0.14547
shendure,359,0.004,PCA,author_day,42,0.04302
shendure,359,0.004,RandomProjection,author_day,42,0.00854
shendure,359,0.004,SCVI,author_day,42,0.03154
shendure,359,0.0073875,Geneformer,author_day,42,0.18225
shendure,359,0.0073875,PCA,author_day,42,0.09527
shendure,359,0.0073875,RandomProjection,author_day,42,0.02293
shendure,359,0.0073875,SCVI,author_day,42,0.12614
shendure,359,0.0136438,Geneformer,author_day,42,0.29974
shendure,359,0.0136438,PCA,author_day,42,0.1466
shendure,359,0.0136438,RandomProjection,author_day,42,0.03687
shendure,359,0.0136438,SCVI,author_day,42,0.1957
shendure,359,0.0251984,Geneformer,author_day,42,0.33171
shendure,359,0.0251984,PCA,author_day,42,0.19672
shendure,359,0.0251984,RandomProjection,author_day,42,0.04601
shendure,359,0.0251984,SCVI,author_day,42,0.37559
shendure,359,0.0465384,Geneformer,author_day,42,0.76616
shendure,359,0.0465384,PCA,author_day,42,0.29679
shendure,359,0.0465384,RandomProjection,author_day,42,0.08983
shendure,359,0.0465384,SCVI,author_day,42,0.53249
shendure,359,0.0859506,Geneformer,author_day,42,0.835
shendure,359,0.0859506,PCA,author_day,42,0.37718
shendure,359,0.0859506,RandomProjection,author_day,42,0.10402
shendure,359,0.0859506,SCVI,author_day,42,0.77301
shendure,359,0.1587401,Geneformer,author_day,42,1.04296
shendure,359,0.1587401,PCA,author_day,42,0.52694
shendure,359,0.1587401,RandomProjection,author_day,42,0.23376
shendure,359,0.1587401,SCVI,author_day,42,1.05028
shendure,359,0.2931733,Geneformer,author_day,42,0.62636
shendure,359,0.2931733,PCA,author_day,42,0.64593
shendure,359,0.2931733,RandomProjection,author_day,42,0.31472
shendure,359,0.2931733,SCVI,author_day,42,1.30497
shendure,359,0.5414548,Geneformer,author_day,42,1.09217
shendure,359,0.5414548,PCA,author_day,42,0.78595
shendure,359,0.5414548,RandomProjection,author_day,42,0.42512
shendure,359,0.5414548,SCVI,author_day,42,1.29334
shendure,359,1.0,Geneformer,author_day,42,1.25552
shendure,359,1.0,PCA,author_day,42,0.95714
shendure,359,1.0,RandomProjection,author_day,42,0.47368
shendure,359,1.0,SCVI,author_day,42,1.63259
shendure,1291,0.004,Geneformer,author_day,42,0.15313
shendure,1291,0.004,PCA,author_day,42,0.07065
shendure,1291,0.004,RandomProjection,author_day,42,0.00854
shendure,1291,0.004,SCVI,author_day,42,0.04437
shendure,1291,0.0073875,Geneformer,author_day,42,0.28064
shendure,1291,0.0073875,PCA,author_day,42,0.11204
shendure,1291,0.0073875,RandomProjection,author_day,42,0.02293
shendure,1291,0.0073875,SCVI,author_day,42,0.12359
shendure,1291,0.0136438,Geneformer,author_day,42,0.38784
shendure,1291,0.0136438,PCA,author_day,42,0.1714
shendure,1291,0.0136438,RandomProjection,author_day,42,0.03687
shendure,1291,0.0136438,SCVI,author_day,42,0.22228
shendure,1291,0.0251984,Geneformer,author_day,42,0.38683
shendure,1291,0.0251984,PCA,author_day,42,0.23037
shendure,1291,0.0251984,RandomProjection,author_day,42,0.04601
shendure,1291,0.0251984,SCVI,author_day,42,0.43398
shendure,1291,0.0465384,Geneformer,author_day,42,0.79989
shendure,1291,0.0465384,PCA,author_day,42,0.29069
shendure,1291,0.0465384,RandomProjection,author_day,42,0.08983
shendure,1291,0.0465384,SCVI,author_day,42,0.71597
shendure,1291,0.0859506,Geneformer,author_day,42,0.90853
shendure,1291,0.0859506,PCA,author_day,42,0.3891
shendure,1291,0.0859506,RandomProjection,author_day,42,0.098
shendure,1291,0.0859506,SCVI,author_day,42,0.78434
shendure,1291,0.1587401,Geneformer,author_day,42,1.19366
shendure,1291,0.1587401,PCA,author_day,42,0.54152
shendure,1291,0.1587401,RandomProjection,author_day,42,0.23376
shendure,1291,0.1587401,SCVI,author_day,42,1.28214
shendure,1291,0.2931733,Geneformer,author_day,42,1.22004
shendure,1291,0.2931733,PCA,author_day,42,0.67563
shendure,1291,0.2931733,RandomProjection,author_day,42,0.30873
shendure,1291,0.2931733,SCVI,author_day,42,1.21818
shendure,1291,0.5414548,Geneformer,author_day,42,1.35302
shendure,1291,0.5414548,PCA,author_day,42,0.77875
shendure,1291,0.5414548,RandomProjection,author_day,42,0.42512
shendure,1291,0.5414548,SCVI,author_day,42,1.69827
shendure,1291,1.0,Geneformer,author_day,42,0.86804
shendure,1291,1.0,PCA,author_day,42,1.03127
shendure,1291,1.0,RandomProjection,author_day,42,0.47368
shendure,1291,1.0,SCVI,author_day,42,1.71911
shendure,4641,0.004,Geneformer,author_day,42,0.24441
shendure,4641,0.004,PCA,author_day,42,0.07493
shendure,4641,0.004,RandomProjection,author_day,42,0.00854
shendure,4641,0.004,SCVI,author_day,42,0.13441
shendure,4641,0.0073875,Geneformer,author_day,42,0.29061
shendure,4641,0.0073875,PCA,author_day,42,0.12283
shendure,4641,0.0073875,RandomProjection,author_day,42,0.02293
shendure,4641,0.0073875,SCVI,author_day,42,0.22978
shendure,4641,0.0136438,Geneformer,author_day,42,0.47666
shendure,4641,0.0136438,PCA,author_day,42,0.19041
shendure,4641,0.0136438,RandomProjection,author_day,42,0.03687
shendure,4641,0.0136438,SCVI,author_day,42,0.37288
shendure,4641,0.0251984,Geneformer,author_day,42,0.60862
shendure,4641,0.0251984,PCA,author_day,42,0.22067
shendure,4641,0.0251984,RandomProjection,author_day,42,0.04601
shendure,4641,0.0251984,SCVI,author_day,42,0.69145
shendure,4641,0.0465384,Geneformer,author_day,42,0.96448
shendure,4641,0.0465384,PCA,author_day,42,0.3263
shendure,4641,0.0465384,RandomProjection,author_day,42,0.08983
shendure,4641,0.0465384,SCVI,author_day,42,0.99858
shendure,4641,0.0859506,Geneformer,author_day,42,1.09141
shendure,4641,0.0859506,PCA,author_day,42,0.45157
shendure,4641,0.0859506,RandomProjection,author_day,42,0.10402
shendure,4641,0.0859506,SCVI,author_day,42,1.17318
shendure,4641,0.1587401,Geneformer,author_day,42,1.28098
shendure,4641,0.1587401,PCA,author_day,42,0.62835
shendure,4641,0.1587401,RandomProjection,author_day,42,0.23376
shendure,4641,0.1587401,SCVI,author_day,42,1.58224
shendure,4641,0.2931733,Geneformer,author_day,42,1.44764
shendure,4641,0.2931733,PCA,author_day,42,0.71035
shendure,4641,0.2931733,RandomProjection,author_day,42,0.30873
shendure,4641,0.2931733,SCVI,author_day,42,1.7318
shendure,4641,0.5414548,Geneformer,author_day,42,1.57249
shendure,4641,0.5414548,PCA,author_day,42,0.9285
shendure,4641,0.5414548,RandomProjection,author_day,42,0.42512
shendure,4641,0.5414548,SCVI,author_day,42,2.0045
shendure,4641,1.0,Geneformer,author_day,42,1.75844
shendure,4641,1.0,PCA,author_day,42,1.12697
shendure,4641,1.0,RandomProjection,author_day,42,0.47368
shendure,4641,1.0,SCVI,author_day,42,2.10359
shendure,16681,0.004,Geneformer,author_day,42,0.25426
shendure,16681,0.004,PCA,author_day,42,0.06986
shendure,16681,0.004,RandomProjection,author_day,42,0.00854
shendure,16681,0.004,SCVI,author_day,42,0.16017
shendure,16681,0.0073875,Geneformer,author_day,42,0.32429
shendure,16681,0.0073875,PCA,author_day,42,0.14895
shendure,16681,0.0073875,RandomProjection,author_day,42,0.02293
shendure,16681,0.0073875,SCVI,author_day,42,0.31548
shendure,16681,0.0136438,Geneformer,author_day,42,0.48862
shendure,16681,0.0136438,PCA,author_day,42,0.18933
shendure,16681,0.0136438,RandomProjection,author_day,42,0.03687
shendure,16681,0.0136438,SCVI,author_day,42,0.57023
shendure,16681,0.0251984,Geneformer,author_day,42,0.84102
shendure,16681,0.0251984,PCA,author_day,42,0.23609
shendure,16681,0.0251984,RandomProjection,author_day,42,0.04601
shendure,16681,0.0251984,SCVI,author_day,42,0.86591
shendure,16681,0.0465384,Geneformer,author_day,42,0.72597
shendure,16681,0.0465384,PCA,author_day,42,0.31736
shendure,16681,0.0465384,RandomProjection,author_day,42,0.08983
shendure,16681,0.0465384,SCVI,author_day,42,1.12974
shendure,16681,0.0859506,Geneformer,author_day,42,0.83254
shendure,16681,0.0859506,PCA,author_day,42,0.47237
shendure,16681,0.0859506,RandomProjection,author_day,42,0.10402
shendure,16681,0.0859506,SCVI,author_day,42,1.40892
shendure,16681,0.1587401,Geneformer,author_day,42,0.9807
shendure,16681,0.1587401,PCA,author_day,42,0.59409
shendure,16681,0.1587401,RandomProjection,author_day,42,0.23376
shendure,16681,0.1587401,SCVI,author_day,42,1.63444
shendure,16681,0.2931733,Geneformer,author_day,42,1.7559
shendure,16681,0.2931733,PCA,author_day,42,0.76604
shendure,16681,0.2931733,RandomProjection,author_day,42,0.30873
shendure,16681,0.2931733,SCVI,author_day,42,1.80407
shendure,16681,0.5414548,Geneformer,author_day,42,1.82595
shendure,16681,0.5414548,PCA,author_day,42,0.94357
shendure,16681,0.5414548,RandomProjection,author_day,42,0.42512
shendure,16681,0.5414548,SCVI,author_day,42,2.01321
shendure,16681,1.0,Geneformer,author_day,42,1.26719
shendure,16681,1.0,PCA,author_day,42,1.17349
shendure,16681,1.0,RandomProjection,author_day,42,0.43866
shendure,16681,1.0,SCVI,author_day,42,2.08843
shendure,59948,0.004,Geneformer,author_day,42,0.25774
shendure,59948,0.004,PCA,author_day,42,0.08022
shendure,59948,0.004,RandomProjection,author_day,42,0.00854
shendure,59948,0.004,SCVI,author_day,42,0.23495
shendure,59948,0.0073875,Geneformer,author_day,42,0.3553
shendure,59948,0.0073875,PCA,author_day,42,0.14897
shendure,59948,0.0073875,RandomProjection,author_day,42,0.02293
shendure,59948,0.0073875,SCVI,author_day,42,0.47091
shendure,59948,0.0136438,Geneformer,author_day,42,0.69002
shendure,59948,0.0136438,PCA,author_day,42,0.19384
shendure,59948,0.0136438,RandomProjection,author_day,42,0.03687
shendure,59948,0.0136438,SCVI,author_day,42,0.69926
shendure,59948,0.0251984,Geneformer,author_day,42,0.88893
shendure,59948,0.0251984,PCA,author_day,42,0.27097
shendure,59948,0.0251984,RandomProjection,author_day,42,0.04601
shendure,59948,0.0251984,SCVI,author_day,42,0.99038
shendure,59948,0.0465384,Geneformer,author_day,42,1.05566
shendure,59948,0.0465384,PCA,author_day,42,0.31868
shendure,59948,0.0465384,RandomProjection,author_day,42,0.08983
shendure,59948,0.0465384,SCVI,author_day,42,1.2988
shendure,59948,0.0859506,Geneformer,author_day,42,1.3662
shendure,59948,0.0859506,PCA,author_day,42,0.45904
shendure,59948,0.0859506,RandomProjection,author_day,42,0.10402
shendure,59948,0.0859506,SCVI,author_day,42,1.45691
shendure,59948,0.1587401,Geneformer,author_day,42,1.28596
shendure,59948,0.1587401,PCA,author_day,42,0.62495
shendure,59948,0.1587401,RandomProjection,author_day,42,0.23376
shendure,59948,0.1587401,SCVI,author_day,42,1.759
shendure,59948,0.2931733,Geneformer,author_day,42,1.41485
shendure,59948,0.2931733,PCA,author_day,42,0.75727
shendure,59948,0.2931733,RandomProjection,author_day,42,0.30873
shendure,59948,0.2931733,SCVI,author_day,42,1.93401
shendure,59948,0.5414548,Geneformer,author_day,42,1.89535
shendure,59948,0.5414548,PCA,author_day,42,0.94286
shendure,59948,0.5414548,RandomProjection,author_day,42,0.42512
shendure,59948,0.5414548,SCVI,author_day,42,2.00329
shendure,59948,1.0,Geneformer,author_day,42,1.77958
shendure,59948,1.0,PCA,author_day,42,1.10868
shendure,59948,1.0,RandomProjection,author_day,42,0.47368
shendure,59948,1.0,SCVI,author_day,42,2.16696
shendure,215443,0.004,Geneformer,author_day,42,0.26603
shendure,215443,0.004,PCA,author_day,42,0.07649
shendure,215443,0.004,RandomProjection,author_day,42,0.00854
shendure,215443,0.004,SCVI,author_day,42,0.28815
shendure,215443,0.0073875,Geneformer,author_day,42,0.38962
shendure,215443,0.0073875,PCA,author_day,42,0.15149
shendure,215443,0.0073875,RandomProjection,author_day,42,0.02293
shendure,215443,0.0073875,SCVI,author_day,42,0.48727
shendure,215443,0.0136438,Geneformer,author_day,42,0.69203
shendure,215443,0.0136438,PCA,author_day,42,0.20494
shendure,215443,0.0136438,RandomProjection,author_day,42,0.03687
shendure,215443,0.0136438,SCVI,author_day,42,0.75026
shendure,215443,0.0251984,PCA,author_day,42,0.24809
shendure,215443,0.0251984,RandomProjection,author_day,42,0.04601
shendure,215443,0.0251984,SCVI,author_day,42,0.96181
shendure,215443,0.0465384,Geneformer,author_day,42,1.2057
shendure,215443,0.0465384,PCA,author_day,42,0.33678
shendure,215443,0.0465384,RandomProjection,author_day,42,0.08983
shendure,215443,0.0465384,SCVI,author_day,42,1.32701
shendure,215443,0.0859506,Geneformer,author_day,42,1.37981
shendure,215443,0.0859506,PCA,author_day,42,0.46028
shendure,215443,0.0859506,RandomProjection,author_day,42,0.10402
shendure,215443,0.0859506,SCVI,author_day,42,1.5962
shendure,215443,0.1587401,PCA,author_day,42,0.59843
shendure,215443,0.1587401,RandomProjection,author_day,42,0.23376
shendure,215443,0.1587401,SCVI,author_day,42,1.7695
shendure,215443,0.2931733,PCA,author_day,42,0.77224
shendure,215443,0.2931733,RandomProjection,author_day,42,0.30873
shendure,215443,0.2931733,SCVI,author_day,42,1.97859
shendure,215443,0.5414548,PCA,author_day,42,0.96506
shendure,215443,0.5414548,RandomProjection,author_day,42,0.42512
shendure,215443,0.5414548,SCVI,author_day,42,2.18225
shendure,215443,1.0,PCA,author_day,42,1.147
shendure,215443,1.0,RandomProjection,author_day,42,0.47368
shendure,215443,1.0,SCVI,author_day,42,2.22741
shendure,774263,0.004,Geneformer,author_day,42,0.29565
shendure,774263,0.004,PCA,author_day,42,0.07688
shendure,774263,0.004,RandomProjection,author_day,42,0.00854
shendure,774263,0.004,SCVI,author_day,42,0.41674
shendure,774263,0.0073875,Geneformer,author_day,42,0.50165
shendure,774263,0.0073875,PCA,author_day,42,0.16424
shendure,774263,0.0073875,RandomProjection,author_day,42,0.02293
shendure,774263,0.0136438,Geneformer,author_day,42,0.78944
shendure,774263,0.0136438,PCA,author_day,42,0.2036
shendure,774263,0.0136438,RandomProjection,author_day,42,0.03687
shendure,774263,0.0251984,PCA,author_day,42,0.24185
shendure,774263,0.0251984,RandomProjection,author_day,42,0.04601
shendure,774263,0.0465384,Geneformer,author_day,42,1.39303
shendure,774263,0.0465384,PCA,author_day,42,0.33762
shendure,774263,0.0465384,RandomProjection,author_day,42,0.08983
shendure,774263,0.0465384,SCVI,author_day,42,1.22654
shendure,774263,0.0859506,PCA,author_day,42,0.45333
shendure,774263,0.0859506,RandomProjection,author_day,42,0.10402
shendure,774263,0.0859506,SCVI,author_day,42,1.54619
shendure,774263,0.1587401,PCA,author_day,42,0.60424
shendure,774263,0.1587401,RandomProjection,author_day,42,0.23376
shendure,774263,0.1587401,SCVI,author_day,42,1.85965
shendure,774263,0.2931733,PCA,author_day,42,0.77215
shendure,774263,0.2931733,RandomProjection,author_day,42,0.30873
shendure,774263,0.2931733,SCVI,author_day,42,2.00044
shendure,774263,0.5414548,Geneformer,author_day,42,1.90217
shendure,774263,0.5414548,PCA,author_day,42,0.95577
shendure,774263,0.5414548,RandomProjection,author_day,42,0.42512
shendure,774263,0.5414548,SCVI,author_day,42,2.13581
shendure,774263,1.0,Geneformer,author_day,42,1.9776
shendure,774263,1.0,PCA,author_day,42,1.1288
shendure,774263,1.0,RandomProjection,author_day,42,0.47368
shendure,774263,1.0,SCVI,author_day,42,2.26198
shendure,2782559,0.004,PCA,author_day,42,0.07917
shendure,2782559,0.004,RandomProjection,author_day,42,0.00854
shendure,2782559,0.0073875,Geneformer,author_day,42,0.54087
shendure,2782559,0.0073875,RandomProjection,author_day,42,0.02293
shendure,2782559,0.0073875,SCVI,author_day,42,0.58829
shendure,2782559,0.0136438,Geneformer,author_day,42,0.74194
shendure,2782559,0.0136438,PCA,author_day,42,0.20378
shendure,2782559,0.0136438,RandomProjection,author_day,42,0.03687
shendure,2782559,0.0251984,Geneformer,author_day,42,1.01963
shendure,2782559,0.0251984,RandomProjection,author_day,42,0.04601
shendure,2782559,0.0251984,SCVI,author_day,42,1.08602
shendure,2782559,0.0465384,Geneformer,author_day,42,1.38425
shendure,2782559,0.0465384,PCA,author_day,42,0.34551
shendure,2782559,0.0465384,RandomProjection,author_day,42,0.08983
shendure,2782559,0.0859506,Geneformer,author_day,42,1.54705
shendure,2782559,0.0859506,PCA,author_day,42,0.46398
shendure,2782559,0.0859506,RandomProjection,author_day,42,0.10402
shendure,2782559,0.0859506,SCVI,author_day,42,1.66746
shendure,2782559,0.1587401,Geneformer,author_day,42,1.73737
shendure,2782559,0.1587401,PCA,author_day,42,0.60784
shendure,2782559,0.1587401,RandomProjection,author_day,42,0.23376
shendure,2782559,0.1587401,SCVI,author_day,42,1.84832
shendure,2782559,0.2931733,Geneformer,author_day,42,1.85791
shendure,2782559,0.2931733,RandomProjection,author_day,42,0.30873
shendure,2782559,0.5414548,PCA,author_day,42,0.96204
shendure,2782559,0.5414548,RandomProjection,author_day,42,0.42512
shendure,2782559,0.5414548,SCVI,author_day,42,2.0826
shendure,2782559,1.0,Geneformer,author_day,42,1.86183
shendure,2782559,1.0,RandomProjection,author_day,42,0.47368
shendure,10000000,0.004,Geneformer,author_day,42,0.27708
shendure,10000000,0.004,RandomProjection,author_day,42,0.00854
shendure,10000000,0.004,SCVI,author_day,42,0.44146
shendure,10000000,0.0073875,Geneformer,author_day,42,0.46079
shendure,10000000,0.0073875,RandomProjection,author_day,42,0.02293
shendure,10000000,0.0073875,SCVI,author_day,42,0.70231
shendure,10000000,0.0136438,Geneformer,author_day,42,0.77412
shendure,10000000,0.0136438,PCA,author_day,42,0.20774
shendure,10000000,0.0136438,RandomProjection,author_day,42,0.03687
shendure,10000000,0.0136438,SCVI,author_day,42,0.9797
shendure,10000000,0.0251984,Geneformer,author_day,42,0.99685
shendure,10000000,0.0251984,PCA,author_day,42,0.22903
shendure,10000000,0.0251984,RandomProjection,author_day,42,0.04601
shendure,10000000,0.0465384,Geneformer,author_day,42,1.36513
shendure,10000000,0.0465384,PCA,author_day,42,0.32037
shendure,10000000,0.0465384,RandomProjection,author_day,42,0.08983
shendure,10000000,0.0465384,SCVI,author_day,42,1.52495
shendure,10000000,0.0859506,Geneformer,author_day,42,1.50719
shendure,10000000,0.0859506,RandomProjection,author_day,42,0.10402
shendure,10000000,0.0859506,SCVI,author_day,42,1.74882
shendure,10000000,0.1587401,Geneformer,author_day,42,1.80028
shendure,10000000,0.1587401,PCA,author_day,42,0.6036
shendure,10000000,0.1587401,RandomProjection,author_day,42,0.23376
shendure,10000000,0.1587401,SCVI,author_day,42,1.99694
shendure,10000000,0.2931733,Geneformer,author_day,42,1.88941
shendure,10000000,0.2931733,PCA,author_day,42,0.76614
shendure,10000000,0.2931733,RandomProjection,author_day,42,0.31472
shendure,10000000,0.2931733,SCVI,author_day,42,2.23359
shendure,10000000,0.5414548,Geneformer,author_day,42,1.89052
shendure,10000000,0.5414548,RandomProjection,author_day,42,0.42512
shendure,10000000,1.0,Geneformer,author_day,42,1.92972
shendure,10000000,1.0,PCA,author_day,42,1.13114
shendure,10000000,1.0,RandomProjection,author_day,42,0.47368
