dataset,size,quality,algorithm,signal,seed,mi_value
PBMC,100,0.0012346,Geneformer,celltype.l3,42,0.40001
PBMC,100,0.0012346,Geneformer,celltype.l3,2303,0.4998
PBMC,100,0.0012346,Geneformer,celltype.l3,2701,0.35772
PBMC,100,0.0012346,PCA,celltype.l3,42,1.89009
PBMC,100,0.0012346,PCA,celltype.l3,2303,0.322
PBMC,100,0.0012346,PCA,celltype.l3,2701,1.88626
PBMC,100,0.0012346,RandomProjection,celltype.l3,42,0.17683
PBMC,100,0.0012346,RandomProjection,celltype.l3,2303,0.17462
PBMC,100,0.0012346,RandomProjection,celltype.l3,2701,0.17683
PBMC,100,0.0012346,SCVI,celltype.l3,42,0.16636
PBMC,100,0.0012346,SCVI,celltype.l3,2303,0.24224
PBMC,100,0.0012346,SCVI,celltype.l3,2701,0.2208
PBMC,100,0.0025982,Geneformer,celltype.l3,42,0.75504
PBMC,100,0.0025982,Geneformer,celltype.l3,2303,0.75988
PBMC,100,0.0025982,Geneformer,celltype.l3,2701,0.74029
PBMC,100,0.0025982,PCA,celltype.l3,42,1.75167
PBMC,100,0.0025982,PCA,celltype.l3,2303,0.56731
PBMC,100,0.0025982,PCA,celltype.l3,2701,1.76389
PBMC,100,0.0025982,RandomProjection,celltype.l3,42,0.20138
PBMC,100,0.0025982,RandomProjection,celltype.l3,2303,0.20576
PBMC,100,0.0025982,RandomProjection,celltype.l3,2701,0.20138
PBMC,100,0.0025982,SCVI,celltype.l3,42,0.34454
PBMC,100,0.0025982,SCVI,celltype.l3,2303,0.50926
PBMC,100,0.0025982,SCVI,celltype.l3,2701,0.48674
PBMC,100,0.0054682,Geneformer,celltype.l3,42,1.08017
PBMC,100,0.0054682,Geneformer,celltype.l3,2303,1.10026
PBMC,100,0.0054682,Geneformer,celltype.l3,2701,1.06845
PBMC,100,0.0054682,PCA,celltype.l3,42,1.53663
PBMC,100,0.0054682,PCA,celltype.l3,2303,0.75931
PBMC,100,0.0054682,PCA,celltype.l3,2701,1.54793
PBMC,100,0.0054682,RandomProjection,celltype.l3,42,0.23654
PBMC,100,0.0054682,RandomProjection,celltype.l3,2303,0.32302
PBMC,100,0.0054682,RandomProjection,celltype.l3,2701,0.23654
PBMC,100,0.0054682,SCVI,celltype.l3,42,0.77623
PBMC,100,0.0054682,SCVI,celltype.l3,2303,0.77428
PBMC,100,0.0054682,SCVI,celltype.l3,2701,0.79562
PBMC,100,0.0115083,Geneformer,celltype.l3,42,1.37634
PBMC,100,0.0115083,Geneformer,celltype.l3,2303,1.41502
PBMC,100,0.0115083,Geneformer,celltype.l3,2701,1.37578
PBMC,100,0.0115083,PCA,celltype.l3,42,1.42559
PBMC,100,0.0115083,PCA,celltype.l3,2303,1.04443
PBMC,100,0.0115083,PCA,celltype.l3,2701,1.52307
PBMC,100,0.0115083,RandomProjection,celltype.l3,42,0.4504
PBMC,100,0.0115083,RandomProjection,celltype.l3,2303,0.54692
PBMC,100,0.0115083,RandomProjection,celltype.l3,2701,0.4504
PBMC,100,0.0115083,SCVI,celltype.l3,42,1.36352
PBMC,100,0.0115083,SCVI,celltype.l3,2303,1.34294
PBMC,100,0.0115083,SCVI,celltype.l3,2701,1.31065
PBMC,100,0.02422,Geneformer,celltype.l3,42,1.71691
PBMC,100,0.02422,Geneformer,celltype.l3,2303,1.65673
PBMC,100,0.02422,Geneformer,celltype.l3,2701,1.60284
PBMC,100,0.02422,PCA,celltype.l3,42,1.41935
PBMC,100,0.02422,PCA,celltype.l3,2303,1.45865
PBMC,100,0.02422,PCA,celltype.l3,2701,1.39673
PBMC,100,0.02422,RandomProjection,celltype.l3,42,0.77515
PBMC,100,0.02422,RandomProjection,celltype.l3,2303,0.7979
PBMC,100,0.02422,RandomProjection,celltype.l3,2701,0.77515
PBMC,100,0.02422,SCVI,celltype.l3,42,1.72529
PBMC,100,0.02422,SCVI,celltype.l3,2303,1.75732
PBMC,100,0.02422,SCVI,celltype.l3,2701,1.71384
PBMC,100,0.050973,Geneformer,celltype.l3,42,1.8875
PBMC,100,0.050973,Geneformer,celltype.l3,2303,1.88935
PBMC,100,0.050973,Geneformer,celltype.l3,2701,1.92891
PBMC,100,0.050973,PCA,celltype.l3,42,1.97369
PBMC,100,0.050973,PCA,celltype.l3,2303,1.96454
PBMC,100,0.050973,PCA,celltype.l3,2701,1.95661
PBMC,100,0.050973,RandomProjection,celltype.l3,42,1.18647
PBMC,100,0.050973,RandomProjection,celltype.l3,2303,1.1766
PBMC,100,0.050973,RandomProjection,celltype.l3,2701,1.18647
PBMC,100,0.050973,SCVI,celltype.l3,42,1.97899
PBMC,100,0.050973,SCVI,celltype.l3,2303,1.9664
PBMC,100,0.050973,SCVI,celltype.l3,2701,1.94013
PBMC,100,0.1072766,Geneformer,celltype.l3,42,1.96932
PBMC,100,0.1072766,Geneformer,celltype.l3,2303,1.90294
PBMC,100,0.1072766,Geneformer,celltype.l3,2701,1.90304
PBMC,100,0.1072766,PCA,celltype.l3,42,2.26317
PBMC,100,0.1072766,PCA,celltype.l3,2303,2.27171
PBMC,100,0.1072766,PCA,celltype.l3,2701,2.32033
PBMC,100,0.1072766,RandomProjection,celltype.l3,42,1.54612
PBMC,100,0.1072766,RandomProjection,celltype.l3,2303,1.55153
PBMC,100,0.1072766,RandomProjection,celltype.l3,2701,1.54612
PBMC,100,0.1072766,SCVI,celltype.l3,42,2.32164
PBMC,100,0.1072766,SCVI,celltype.l3,2303,2.32935
PBMC,100,0.1072766,SCVI,celltype.l3,2701,2.32858
PBMC,100,0.225772,Geneformer,celltype.l3,42,1.95818
PBMC,100,0.225772,Geneformer,celltype.l3,2303,1.98689
PBMC,100,0.225772,Geneformer,celltype.l3,2701,1.95605
PBMC,100,0.225772,PCA,celltype.l3,42,2.56065
PBMC,100,0.225772,PCA,celltype.l3,2303,2.59573
PBMC,100,0.225772,PCA,celltype.l3,2701,2.59097
PBMC,100,0.225772,RandomProjection,celltype.l3,42,1.86693
PBMC,100,0.225772,RandomProjection,celltype.l3,2303,1.8254
PBMC,100,0.225772,RandomProjection,celltype.l3,2701,1.86693
PBMC,100,0.225772,SCVI,celltype.l3,42,2.51578
PBMC,100,0.225772,SCVI,celltype.l3,2303,2.51759
PBMC,100,0.225772,SCVI,celltype.l3,2701,2.50462
PBMC,100,0.4751547,Geneformer,celltype.l3,42,1.97705
PBMC,100,0.4751547,Geneformer,celltype.l3,2303,1.96806
PBMC,100,0.4751547,Geneformer,celltype.l3,2701,1.96472
PBMC,100,0.4751547,PCA,celltype.l3,42,2.80446
PBMC,100,0.4751547,PCA,celltype.l3,2303,2.86827
PBMC,100,0.4751547,PCA,celltype.l3,2701,2.85818
PBMC,100,0.4751547,RandomProjection,celltype.l3,42,2.17521
PBMC,100,0.4751547,RandomProjection,celltype.l3,2303,2.13161
PBMC,100,0.4751547,RandomProjection,celltype.l3,2701,2.17521
PBMC,100,0.4751547,SCVI,celltype.l3,42,2.70715
PBMC,100,0.4751547,SCVI,celltype.l3,2303,2.64888
PBMC,100,0.4751547,SCVI,celltype.l3,2701,2.62379
PBMC,100,1.0,Geneformer,celltype.l3,42,2.33628
PBMC,100,1.0,Geneformer,celltype.l3,2303,2.54068
PBMC,100,1.0,Geneformer,celltype.l3,2701,2.51872
PBMC,100,1.0,PCA,celltype.l3,42,3.09075
PBMC,100,1.0,PCA,celltype.l3,2303,3.08993
PBMC,100,1.0,PCA,celltype.l3,2701,3.07962
PBMC,100,1.0,RandomProjection,celltype.l3,42,2.4237
PBMC,100,1.0,RandomProjection,celltype.l3,2303,2.38083
PBMC,100,1.0,RandomProjection,celltype.l3,2701,2.4237
PBMC,100,1.0,SCVI,celltype.l3,42,2.76217
PBMC,100,1.0,SCVI,celltype.l3,2303,2.80125
PBMC,100,1.0,SCVI,celltype.l3,2701,2.78761
PBMC,215,0.0012346,Geneformer,celltype.l3,42,0.49696
PBMC,215,0.0012346,Geneformer,celltype.l3,2303,0.50713
PBMC,215,0.0012346,Geneformer,celltype.l3,2701,0.45882
PBMC,215,0.0012346,PCA,celltype.l3,42,1.88278
PBMC,215,0.0012346,PCA,celltype.l3,2303,0.32319
PBMC,215,0.0012346,PCA,celltype.l3,2701,1.88215
PBMC,215,0.0012346,RandomProjection,celltype.l3,42,0.17683
PBMC,215,0.0012346,RandomProjection,celltype.l3,2303,0.17462
PBMC,215,0.0012346,RandomProjection,celltype.l3,2701,0.17683
PBMC,215,0.0012346,SCVI,celltype.l3,42,0.21364
PBMC,215,0.0012346,SCVI,celltype.l3,2303,0.24436
PBMC,215,0.0012346,SCVI,celltype.l3,2701,0.27246
PBMC,215,0.0025982,Geneformer,celltype.l3,42,0.80449
PBMC,215,0.0025982,Geneformer,celltype.l3,2303,0.8188
PBMC,215,0.0025982,Geneformer,celltype.l3,2701,0.81511
PBMC,215,0.0025982,PCA,celltype.l3,42,1.78254
PBMC,215,0.0025982,PCA,celltype.l3,2303,0.60761
PBMC,215,0.0025982,PCA,celltype.l3,2701,1.78244
PBMC,215,0.0025982,RandomProjection,celltype.l3,42,0.20138
PBMC,215,0.0025982,RandomProjection,celltype.l3,2303,0.20576
PBMC,215,0.0025982,RandomProjection,celltype.l3,2701,0.20138
PBMC,215,0.0025982,SCVI,celltype.l3,42,0.4174
PBMC,215,0.0025982,SCVI,celltype.l3,2303,0.54996
PBMC,215,0.0025982,SCVI,celltype.l3,2701,0.53714
PBMC,215,0.0054682,Geneformer,celltype.l3,42,1.17589
PBMC,215,0.0054682,Geneformer,celltype.l3,2303,1.21443
PBMC,215,0.0054682,Geneformer,celltype.l3,2701,1.20035
PBMC,215,0.0054682,PCA,celltype.l3,42,1.62372
PBMC,215,0.0054682,PCA,celltype.l3,2303,0.858
PBMC,215,0.0054682,PCA,celltype.l3,2701,1.61317
PBMC,215,0.0054682,RandomProjection,celltype.l3,42,0.23654
PBMC,215,0.0054682,RandomProjection,celltype.l3,2303,0.32302
PBMC,215,0.0054682,RandomProjection,celltype.l3,2701,0.23654
PBMC,215,0.0054682,SCVI,celltype.l3,42,0.8157
PBMC,215,0.0054682,SCVI,celltype.l3,2303,0.91138
PBMC,215,0.0054682,SCVI,celltype.l3,2701,0.8498
PBMC,215,0.0115083,Geneformer,celltype.l3,42,1.45211
PBMC,215,0.0115083,Geneformer,celltype.l3,2303,1.53157
PBMC,215,0.0115083,Geneformer,celltype.l3,2701,1.49827
PBMC,215,0.0115083,PCA,celltype.l3,42,1.51968
PBMC,215,0.0115083,PCA,celltype.l3,2303,1.18114
PBMC,215,0.0115083,PCA,celltype.l3,2701,1.61079
PBMC,215,0.0115083,RandomProjection,celltype.l3,42,0.4504
PBMC,215,0.0115083,RandomProjection,celltype.l3,2303,0.54692
PBMC,215,0.0115083,RandomProjection,celltype.l3,2701,0.4504
PBMC,215,0.0115083,SCVI,celltype.l3,42,1.44215
PBMC,215,0.0115083,SCVI,celltype.l3,2303,1.4482
PBMC,215,0.0115083,SCVI,celltype.l3,2701,1.40982
PBMC,215,0.02422,Geneformer,celltype.l3,42,1.68611
PBMC,215,0.02422,Geneformer,celltype.l3,2303,1.73026
PBMC,215,0.02422,Geneformer,celltype.l3,2701,1.65813
PBMC,215,0.02422,PCA,celltype.l3,42,1.57659
PBMC,215,0.02422,PCA,celltype.l3,2303,1.55384
PBMC,215,0.02422,PCA,celltype.l3,2701,1.65639
PBMC,215,0.02422,RandomProjection,celltype.l3,42,0.77515
PBMC,215,0.02422,RandomProjection,celltype.l3,2303,0.7979
PBMC,215,0.02422,RandomProjection,celltype.l3,2701,0.77515
PBMC,215,0.02422,SCVI,celltype.l3,42,1.73279
PBMC,215,0.02422,SCVI,celltype.l3,2303,1.80791
PBMC,215,0.02422,SCVI,celltype.l3,2701,1.80309
PBMC,215,0.050973,Geneformer,celltype.l3,42,1.88645
PBMC,215,0.050973,Geneformer,celltype.l3,2303,1.92036
PBMC,215,0.050973,Geneformer,celltype.l3,2701,1.9103
PBMC,215,0.050973,PCA,celltype.l3,42,1.94894
PBMC,215,0.050973,PCA,celltype.l3,2303,1.95735
PBMC,215,0.050973,PCA,celltype.l3,2701,1.97011
PBMC,215,0.050973,RandomProjection,celltype.l3,42,1.18647
PBMC,215,0.050973,RandomProjection,celltype.l3,2303,1.1766
PBMC,215,0.050973,RandomProjection,celltype.l3,2701,1.18647
PBMC,215,0.050973,SCVI,celltype.l3,42,2.10409
PBMC,215,0.050973,SCVI,celltype.l3,2303,1.99803
PBMC,215,0.050973,SCVI,celltype.l3,2701,1.98322
PBMC,215,0.1072766,Geneformer,celltype.l3,42,2.06975
PBMC,215,0.1072766,Geneformer,celltype.l3,2303,2.08378
PBMC,215,0.1072766,Geneformer,celltype.l3,2701,2.04232
PBMC,215,0.1072766,PCA,celltype.l3,42,2.29992
PBMC,215,0.1072766,PCA,celltype.l3,2303,2.30987
PBMC,215,0.1072766,PCA,celltype.l3,2701,2.33987
PBMC,215,0.1072766,RandomProjection,celltype.l3,42,1.54612
PBMC,215,0.1072766,RandomProjection,celltype.l3,2303,1.55153
PBMC,215,0.1072766,RandomProjection,celltype.l3,2701,1.54612
PBMC,215,0.1072766,SCVI,celltype.l3,42,2.34843
PBMC,215,0.1072766,SCVI,celltype.l3,2303,2.42285
PBMC,215,0.1072766,SCVI,celltype.l3,2701,2.44613
PBMC,215,0.225772,Geneformer,celltype.l3,42,2.1307
PBMC,215,0.225772,Geneformer,celltype.l3,2303,2.17085
PBMC,215,0.225772,Geneformer,celltype.l3,2701,2.13807
PBMC,215,0.225772,PCA,celltype.l3,42,2.59438
PBMC,215,0.225772,PCA,celltype.l3,2303,2.63806
PBMC,215,0.225772,PCA,celltype.l3,2701,2.60973
PBMC,215,0.225772,RandomProjection,celltype.l3,42,1.86693
PBMC,215,0.225772,RandomProjection,celltype.l3,2303,1.8254
PBMC,215,0.225772,RandomProjection,celltype.l3,2701,1.86693
PBMC,215,0.225772,SCVI,celltype.l3,42,2.64904
PBMC,215,0.225772,SCVI,celltype.l3,2303,2.66236
PBMC,215,0.225772,SCVI,celltype.l3,2701,2.66616
PBMC,215,0.4751547,Geneformer,celltype.l3,42,2.23667
PBMC,215,0.4751547,Geneformer,celltype.l3,2303,2.30779
PBMC,215,0.4751547,Geneformer,celltype.l3,2701,2.24933
PBMC,215,0.4751547,PCA,celltype.l3,42,2.9136
PBMC,215,0.4751547,PCA,celltype.l3,2303,2.96527
PBMC,215,0.4751547,PCA,celltype.l3,2701,2.93534
PBMC,215,0.4751547,RandomProjection,celltype.l3,42,2.17521
PBMC,215,0.4751547,RandomProjection,celltype.l3,2303,2.13161
PBMC,215,0.4751547,RandomProjection,celltype.l3,2701,2.17521
PBMC,215,0.4751547,SCVI,celltype.l3,42,2.69883
PBMC,215,0.4751547,SCVI,celltype.l3,2303,2.73298
PBMC,215,0.4751547,SCVI,celltype.l3,2701,2.75974
PBMC,215,1.0,Geneformer,celltype.l3,42,2.49116
PBMC,215,1.0,Geneformer,celltype.l3,2303,2.51799
PBMC,215,1.0,Geneformer,celltype.l3,2701,2.48135
PBMC,215,1.0,PCA,celltype.l3,42,3.17522
PBMC,215,1.0,PCA,celltype.l3,2303,3.19533
PBMC,215,1.0,PCA,celltype.l3,2701,3.20126
PBMC,215,1.0,RandomProjection,celltype.l3,42,2.4237
PBMC,215,1.0,RandomProjection,celltype.l3,2303,2.38083
PBMC,215,1.0,RandomProjection,celltype.l3,2701,2.4237
PBMC,215,1.0,SCVI,celltype.l3,42,2.74736
PBMC,215,1.0,SCVI,celltype.l3,2303,2.83071
PBMC,215,1.0,SCVI,celltype.l3,2701,2.8906
PBMC,464,0.0012346,Geneformer,celltype.l3,42,0.59655
PBMC,464,0.0012346,Geneformer,celltype.l3,2303,0.57715
PBMC,464,0.0012346,Geneformer,celltype.l3,2701,0.59169
PBMC,464,0.0012346,PCA,celltype.l3,42,1.86447
PBMC,464,0.0012346,PCA,celltype.l3,2303,0.34236
PBMC,464,0.0012346,PCA,celltype.l3,2701,1.865
PBMC,464,0.0012346,RandomProjection,celltype.l3,42,0.17683
PBMC,464,0.0012346,RandomProjection,celltype.l3,2303,0.17462
PBMC,464,0.0012346,RandomProjection,celltype.l3,2701,0.17683
PBMC,464,0.0012346,SCVI,celltype.l3,42,0.27268
PBMC,464,0.0012346,SCVI,celltype.l3,2303,0.25241
PBMC,464,0.0012346,SCVI,celltype.l3,2701,0.26923
PBMC,464,0.0025982,Geneformer,celltype.l3,42,0.91457
PBMC,464,0.0025982,Geneformer,celltype.l3,2303,0.94419
PBMC,464,0.0025982,Geneformer,celltype.l3,2701,0.94989
PBMC,464,0.0025982,PCA,celltype.l3,42,1.73611
PBMC,464,0.0025982,PCA,celltype.l3,2303,0.61444
PBMC,464,0.0025982,PCA,celltype.l3,2701,1.73195
PBMC,464,0.0025982,RandomProjection,celltype.l3,42,0.20138
PBMC,464,0.0025982,RandomProjection,celltype.l3,2303,0.20576
PBMC,464,0.0025982,RandomProjection,celltype.l3,2701,0.20138
PBMC,464,0.0025982,SCVI,celltype.l3,42,0.58314
PBMC,464,0.0025982,SCVI,celltype.l3,2303,0.53779
PBMC,464,0.0025982,SCVI,celltype.l3,2701,0.56137
PBMC,464,0.0054682,Geneformer,celltype.l3,42,1.28045
PBMC,464,0.0054682,Geneformer,celltype.l3,2303,1.20455
PBMC,464,0.0054682,Geneformer,celltype.l3,2701,1.19727
PBMC,464,0.0054682,PCA,celltype.l3,42,1.58575
PBMC,464,0.0054682,PCA,celltype.l3,2303,0.94319
PBMC,464,0.0054682,PCA,celltype.l3,2701,1.58093
PBMC,464,0.0054682,RandomProjection,celltype.l3,42,0.23654
PBMC,464,0.0054682,RandomProjection,celltype.l3,2303,0.32302
PBMC,464,0.0054682,RandomProjection,celltype.l3,2701,0.23654
PBMC,464,0.0054682,SCVI,celltype.l3,42,1.09598
PBMC,464,0.0054682,SCVI,celltype.l3,2303,1.07707
PBMC,464,0.0054682,SCVI,celltype.l3,2701,1.03439
PBMC,464,0.0115083,Geneformer,celltype.l3,42,1.51597
PBMC,464,0.0115083,Geneformer,celltype.l3,2303,1.56884
PBMC,464,0.0115083,Geneformer,celltype.l3,2701,1.4649
PBMC,464,0.0115083,PCA,celltype.l3,42,1.526
PBMC,464,0.0115083,PCA,celltype.l3,2303,1.1807
PBMC,464,0.0115083,PCA,celltype.l3,2701,1.55437
PBMC,464,0.0115083,RandomProjection,celltype.l3,42,0.4504
PBMC,464,0.0115083,RandomProjection,celltype.l3,2303,0.54692
PBMC,464,0.0115083,RandomProjection,celltype.l3,2701,0.4504
PBMC,464,0.0115083,SCVI,celltype.l3,42,1.46229
PBMC,464,0.0115083,SCVI,celltype.l3,2303,1.50108
PBMC,464,0.0115083,SCVI,celltype.l3,2701,1.46526
PBMC,464,0.02422,Geneformer,celltype.l3,42,1.83053
PBMC,464,0.02422,Geneformer,celltype.l3,2303,1.79696
PBMC,464,0.02422,Geneformer,celltype.l3,2701,1.78152
PBMC,464,0.02422,PCA,celltype.l3,42,1.64602
PBMC,464,0.02422,PCA,celltype.l3,2303,1.62346
PBMC,464,0.02422,PCA,celltype.l3,2701,1.59241
PBMC,464,0.02422,RandomProjection,celltype.l3,42,0.77515
PBMC,464,0.02422,RandomProjection,celltype.l3,2303,0.7979
PBMC,464,0.02422,RandomProjection,celltype.l3,2701,0.77515
PBMC,464,0.02422,SCVI,celltype.l3,42,1.80934
PBMC,464,0.02422,SCVI,celltype.l3,2303,1.88106
PBMC,464,0.02422,SCVI,celltype.l3,2701,1.90137
PBMC,464,0.050973,Geneformer,celltype.l3,42,2.05982
PBMC,464,0.050973,Geneformer,celltype.l3,2303,1.98927
PBMC,464,0.050973,Geneformer,celltype.l3,2701,2.01504
PBMC,464,0.050973,PCA,celltype.l3,42,2.08025
PBMC,464,0.050973,PCA,celltype.l3,2303,2.05512
PBMC,464,0.050973,PCA,celltype.l3,2701,2.01146
PBMC,464,0.050973,RandomProjection,celltype.l3,42,1.18647
PBMC,464,0.050973,RandomProjection,celltype.l3,2303,1.1766
PBMC,464,0.050973,RandomProjection,celltype.l3,2701,1.18647
PBMC,464,0.050973,SCVI,celltype.l3,42,2.28011
PBMC,464,0.050973,SCVI,celltype.l3,2303,2.27045
PBMC,464,0.050973,SCVI,celltype.l3,2701,2.24269
PBMC,464,0.1072766,Geneformer,celltype.l3,42,2.09037
PBMC,464,0.1072766,Geneformer,celltype.l3,2303,2.23218
PBMC,464,0.1072766,Geneformer,celltype.l3,2701,2.18572
PBMC,464,0.1072766,PCA,celltype.l3,42,2.29846
PBMC,464,0.1072766,PCA,celltype.l3,2303,2.29855
PBMC,464,0.1072766,PCA,celltype.l3,2701,2.30829
PBMC,464,0.1072766,RandomProjection,celltype.l3,42,1.54612
PBMC,464,0.1072766,RandomProjection,celltype.l3,2303,1.55153
PBMC,464,0.1072766,RandomProjection,celltype.l3,2701,1.54612
PBMC,464,0.1072766,SCVI,celltype.l3,42,2.45199
PBMC,464,0.1072766,SCVI,celltype.l3,2303,2.55227
PBMC,464,0.1072766,SCVI,celltype.l3,2701,2.54196
PBMC,464,0.225772,Geneformer,celltype.l3,42,2.24575
PBMC,464,0.225772,Geneformer,celltype.l3,2303,2.20275
PBMC,464,0.225772,Geneformer,celltype.l3,2701,2.10025
PBMC,464,0.225772,PCA,celltype.l3,42,2.61071
PBMC,464,0.225772,PCA,celltype.l3,2303,2.64076
PBMC,464,0.225772,PCA,celltype.l3,2701,2.58987
PBMC,464,0.225772,RandomProjection,celltype.l3,42,1.86693
PBMC,464,0.225772,RandomProjection,celltype.l3,2303,1.8254
PBMC,464,0.225772,RandomProjection,celltype.l3,2701,1.86693
PBMC,464,0.225772,SCVI,celltype.l3,42,2.67836
PBMC,464,0.225772,SCVI,celltype.l3,2303,2.64564
PBMC,464,0.225772,SCVI,celltype.l3,2701,2.67025
PBMC,464,0.4751547,Geneformer,celltype.l3,42,2.55201
PBMC,464,0.4751547,Geneformer,celltype.l3,2303,2.57875
PBMC,464,0.4751547,Geneformer,celltype.l3,2701,2.58228
PBMC,464,0.4751547,PCA,celltype.l3,42,2.82083
PBMC,464,0.4751547,PCA,celltype.l3,2303,2.83542
PBMC,464,0.4751547,PCA,celltype.l3,2701,2.80195
PBMC,464,0.4751547,RandomProjection,celltype.l3,42,2.17521
PBMC,464,0.4751547,RandomProjection,celltype.l3,2303,2.13161
PBMC,464,0.4751547,RandomProjection,celltype.l3,2701,2.17521
PBMC,464,0.4751547,SCVI,celltype.l3,42,2.7609
PBMC,464,0.4751547,SCVI,celltype.l3,2303,2.78099
PBMC,464,0.4751547,SCVI,celltype.l3,2701,2.80505
PBMC,464,1.0,Geneformer,celltype.l3,42,2.68678
PBMC,464,1.0,Geneformer,celltype.l3,2303,2.71999
PBMC,464,1.0,Geneformer,celltype.l3,2701,2.71371
PBMC,464,1.0,PCA,celltype.l3,42,3.06738
PBMC,464,1.0,PCA,celltype.l3,2303,3.09447
PBMC,464,1.0,PCA,celltype.l3,2701,3.08494
PBMC,464,1.0,RandomProjection,celltype.l3,42,2.4237
PBMC,464,1.0,RandomProjection,celltype.l3,2303,2.38083
PBMC,464,1.0,RandomProjection,celltype.l3,2701,2.4237
PBMC,464,1.0,SCVI,celltype.l3,42,2.8419
PBMC,464,1.0,SCVI,celltype.l3,2303,2.86628
PBMC,464,1.0,SCVI,celltype.l3,2701,2.87521
PBMC,1000,0.0012346,Geneformer,celltype.l3,42,0.58571
PBMC,1000,0.0012346,Geneformer,celltype.l3,2303,0.64388
PBMC,1000,0.0012346,Geneformer,celltype.l3,2701,0.65927
PBMC,1000,0.0012346,PCA,celltype.l3,42,1.84698
PBMC,1000,0.0012346,PCA,celltype.l3,2303,0.34804
PBMC,1000,0.0012346,PCA,celltype.l3,2701,1.84454
PBMC,1000,0.0012346,RandomProjection,celltype.l3,42,0.17683
PBMC,1000,0.0012346,RandomProjection,celltype.l3,2303,0.17462
PBMC,1000,0.0012346,RandomProjection,celltype.l3,2701,0.17683
PBMC,1000,0.0012346,SCVI,celltype.l3,42,0.19301
PBMC,1000,0.0012346,SCVI,celltype.l3,2303,0.37701
PBMC,1000,0.0012346,SCVI,celltype.l3,2701,0.38468
PBMC,1000,0.0025982,Geneformer,celltype.l3,42,0.9991
PBMC,1000,0.0025982,Geneformer,celltype.l3,2303,1.00968
PBMC,1000,0.0025982,Geneformer,celltype.l3,2701,0.9919
PBMC,1000,0.0025982,PCA,celltype.l3,42,1.7376
PBMC,1000,0.0025982,PCA,celltype.l3,2303,0.65819
PBMC,1000,0.0025982,PCA,celltype.l3,2701,1.7158
PBMC,1000,0.0025982,RandomProjection,celltype.l3,42,0.20138
PBMC,1000,0.0025982,RandomProjection,celltype.l3,2303,0.20576
PBMC,1000,0.0025982,RandomProjection,celltype.l3,2701,0.20138
PBMC,1000,0.0025982,SCVI,celltype.l3,42,0.72789
PBMC,1000,0.0025982,SCVI,celltype.l3,2303,0.74145
PBMC,1000,0.0025982,SCVI,celltype.l3,2701,0.73482
PBMC,1000,0.0054682,Geneformer,celltype.l3,42,1.25119
PBMC,1000,0.0054682,Geneformer,celltype.l3,2303,1.3391
PBMC,1000,0.0054682,Geneformer,celltype.l3,2701,1.34508
PBMC,1000,0.0054682,PCA,celltype.l3,42,1.55144
PBMC,1000,0.0054682,PCA,celltype.l3,2303,0.91928
PBMC,1000,0.0054682,PCA,celltype.l3,2701,1.58889
PBMC,1000,0.0054682,RandomProjection,celltype.l3,42,0.23654
PBMC,1000,0.0054682,RandomProjection,celltype.l3,2303,0.32302
PBMC,1000,0.0054682,RandomProjection,celltype.l3,2701,0.23654
PBMC,1000,0.0054682,SCVI,celltype.l3,42,1.1199
PBMC,1000,0.0054682,SCVI,celltype.l3,2303,1.13264
PBMC,1000,0.0054682,SCVI,celltype.l3,2701,1.09606
PBMC,1000,0.0115083,Geneformer,celltype.l3,42,1.55006
PBMC,1000,0.0115083,Geneformer,celltype.l3,2303,1.54073
PBMC,1000,0.0115083,Geneformer,celltype.l3,2701,1.52977
PBMC,1000,0.0115083,PCA,celltype.l3,42,1.48121
PBMC,1000,0.0115083,PCA,celltype.l3,2303,1.25273
PBMC,1000,0.0115083,PCA,celltype.l3,2701,1.53044
PBMC,1000,0.0115083,RandomProjection,celltype.l3,42,0.4504
PBMC,1000,0.0115083,RandomProjection,celltype.l3,2303,0.54692
PBMC,1000,0.0115083,RandomProjection,celltype.l3,2701,0.4504
PBMC,1000,0.0115083,SCVI,celltype.l3,42,1.6052
PBMC,1000,0.0115083,SCVI,celltype.l3,2303,1.55284
PBMC,1000,0.0115083,SCVI,celltype.l3,2701,1.52937
PBMC,1000,0.02422,Geneformer,celltype.l3,42,1.84401
PBMC,1000,0.02422,Geneformer,celltype.l3,2303,1.93364
PBMC,1000,0.02422,Geneformer,celltype.l3,2701,1.94296
PBMC,1000,0.02422,PCA,celltype.l3,42,1.71762
PBMC,1000,0.02422,PCA,celltype.l3,2303,1.67243
PBMC,1000,0.02422,PCA,celltype.l3,2701,1.67534
PBMC,1000,0.02422,RandomProjection,celltype.l3,42,0.77515
PBMC,1000,0.02422,RandomProjection,celltype.l3,2303,0.7979
PBMC,1000,0.02422,RandomProjection,celltype.l3,2701,0.77515
PBMC,1000,0.02422,SCVI,celltype.l3,42,1.98096
PBMC,1000,0.02422,SCVI,celltype.l3,2303,1.96224
PBMC,1000,0.02422,SCVI,celltype.l3,2701,1.97064
PBMC,1000,0.050973,Geneformer,celltype.l3,42,2.21044
PBMC,1000,0.050973,Geneformer,celltype.l3,2303,2.22976
PBMC,1000,0.050973,Geneformer,celltype.l3,2701,2.27322
PBMC,1000,0.050973,PCA,celltype.l3,42,2.04552
PBMC,1000,0.050973,PCA,celltype.l3,2303,2.04697
PBMC,1000,0.050973,PCA,celltype.l3,2701,2.03869
PBMC,1000,0.050973,RandomProjection,celltype.l3,42,1.18647
PBMC,1000,0.050973,RandomProjection,celltype.l3,2303,1.1766
PBMC,1000,0.050973,RandomProjection,celltype.l3,2701,1.18647
PBMC,1000,0.050973,SCVI,celltype.l3,42,2.36099
PBMC,1000,0.050973,SCVI,celltype.l3,2303,2.36107
PBMC,1000,0.050973,SCVI,celltype.l3,2701,2.33958
PBMC,1000,0.1072766,Geneformer,celltype.l3,42,2.4541
PBMC,1000,0.1072766,Geneformer,celltype.l3,2303,2.43165
PBMC,1000,0.1072766,Geneformer,celltype.l3,2701,2.44658
PBMC,1000,0.1072766,PCA,celltype.l3,42,2.3061
PBMC,1000,0.1072766,PCA,celltype.l3,2303,2.33281
PBMC,1000,0.1072766,PCA,celltype.l3,2701,2.3657
PBMC,1000,0.1072766,RandomProjection,celltype.l3,42,1.54612
PBMC,1000,0.1072766,RandomProjection,celltype.l3,2303,1.55153
PBMC,1000,0.1072766,RandomProjection,celltype.l3,2701,1.54612
PBMC,1000,0.1072766,SCVI,celltype.l3,42,2.5267
PBMC,1000,0.1072766,SCVI,celltype.l3,2303,2.57919
PBMC,1000,0.1072766,SCVI,celltype.l3,2701,2.58506
PBMC,1000,0.225772,Geneformer,celltype.l3,42,2.45601
PBMC,1000,0.225772,Geneformer,celltype.l3,2303,2.59525
PBMC,1000,0.225772,Geneformer,celltype.l3,2701,2.50952
PBMC,1000,0.225772,PCA,celltype.l3,42,2.627
PBMC,1000,0.225772,PCA,celltype.l3,2303,2.62769
PBMC,1000,0.225772,PCA,celltype.l3,2701,2.60262
PBMC,1000,0.225772,RandomProjection,celltype.l3,42,1.86693
PBMC,1000,0.225772,RandomProjection,celltype.l3,2303,1.8254
PBMC,1000,0.225772,RandomProjection,celltype.l3,2701,1.86693
PBMC,1000,0.225772,SCVI,celltype.l3,42,2.58676
PBMC,1000,0.225772,SCVI,celltype.l3,2303,2.70622
PBMC,1000,0.225772,SCVI,celltype.l3,2701,2.70788
PBMC,1000,0.4751547,Geneformer,celltype.l3,42,2.69461
PBMC,1000,0.4751547,Geneformer,celltype.l3,2303,2.61022
PBMC,1000,0.4751547,Geneformer,celltype.l3,2701,2.58981
PBMC,1000,0.4751547,PCA,celltype.l3,42,2.93707
PBMC,1000,0.4751547,PCA,celltype.l3,2303,2.9719
PBMC,1000,0.4751547,PCA,celltype.l3,2701,2.96187
PBMC,1000,0.4751547,RandomProjection,celltype.l3,42,2.17521
PBMC,1000,0.4751547,RandomProjection,celltype.l3,2303,2.13161
PBMC,1000,0.4751547,RandomProjection,celltype.l3,2701,2.17521
PBMC,1000,0.4751547,SCVI,celltype.l3,42,2.71636
PBMC,1000,0.4751547,SCVI,celltype.l3,2303,2.77655
PBMC,1000,0.4751547,SCVI,celltype.l3,2701,2.7876
PBMC,1000,1.0,Geneformer,celltype.l3,42,2.82974
PBMC,1000,1.0,Geneformer,celltype.l3,2303,2.80467
PBMC,1000,1.0,Geneformer,celltype.l3,2701,2.77176
PBMC,1000,1.0,PCA,celltype.l3,42,3.18365
PBMC,1000,1.0,PCA,celltype.l3,2303,3.19105
PBMC,1000,1.0,PCA,celltype.l3,2701,3.18879
PBMC,1000,1.0,RandomProjection,celltype.l3,42,2.4237
PBMC,1000,1.0,RandomProjection,celltype.l3,2303,2.38083
PBMC,1000,1.0,RandomProjection,celltype.l3,2701,2.4237
PBMC,1000,1.0,SCVI,celltype.l3,42,2.89304
PBMC,1000,1.0,SCVI,celltype.l3,2303,2.85466
PBMC,1000,1.0,SCVI,celltype.l3,2701,2.88513
PBMC,2154,0.0012346,Geneformer,celltype.l3,42,0.63008
PBMC,2154,0.0012346,Geneformer,celltype.l3,2303,0.6679
PBMC,2154,0.0012346,Geneformer,celltype.l3,2701,0.67531
PBMC,2154,0.0012346,PCA,celltype.l3,42,1.81091
PBMC,2154,0.0012346,PCA,celltype.l3,2303,0.36377
PBMC,2154,0.0012346,PCA,celltype.l3,2701,1.8076
PBMC,2154,0.0012346,RandomProjection,celltype.l3,42,0.17683
PBMC,2154,0.0012346,RandomProjection,celltype.l3,2303,0.17462
PBMC,2154,0.0012346,RandomProjection,celltype.l3,2701,0.17683
PBMC,2154,0.0012346,SCVI,celltype.l3,42,0.43681
PBMC,2154,0.0012346,SCVI,celltype.l3,2303,0.42596
PBMC,2154,0.0012346,SCVI,celltype.l3,2701,0.39536
PBMC,2154,0.0025982,Geneformer,celltype.l3,42,1.01503
PBMC,2154,0.0025982,Geneformer,celltype.l3,2303,1.01614
PBMC,2154,0.0025982,Geneformer,celltype.l3,2701,1.00785
PBMC,2154,0.0025982,PCA,celltype.l3,42,1.69499
PBMC,2154,0.0025982,PCA,celltype.l3,2303,0.65868
PBMC,2154,0.0025982,PCA,celltype.l3,2701,1.68024
PBMC,2154,0.0025982,RandomProjection,celltype.l3,42,0.20138
PBMC,2154,0.0025982,RandomProjection,celltype.l3,2303,0.20576
PBMC,2154,0.0025982,RandomProjection,celltype.l3,2701,0.20138
PBMC,2154,0.0025982,SCVI,celltype.l3,42,0.8457
PBMC,2154,0.0025982,SCVI,celltype.l3,2303,0.8134
PBMC,2154,0.0025982,SCVI,celltype.l3,2701,0.76652
PBMC,2154,0.0054682,Geneformer,celltype.l3,42,1.33915
PBMC,2154,0.0054682,Geneformer,celltype.l3,2303,1.34882
PBMC,2154,0.0054682,Geneformer,celltype.l3,2701,1.36042
PBMC,2154,0.0054682,PCA,celltype.l3,42,1.57368
PBMC,2154,0.0054682,PCA,celltype.l3,2303,0.90733
PBMC,2154,0.0054682,PCA,celltype.l3,2701,1.56407
PBMC,2154,0.0054682,RandomProjection,celltype.l3,42,0.23654
PBMC,2154,0.0054682,RandomProjection,celltype.l3,2303,0.32302
PBMC,2154,0.0054682,RandomProjection,celltype.l3,2701,0.23654
PBMC,2154,0.0054682,SCVI,celltype.l3,42,1.22315
PBMC,2154,0.0054682,SCVI,celltype.l3,2303,1.22152
PBMC,2154,0.0054682,SCVI,celltype.l3,2701,1.16612
PBMC,2154,0.0115083,Geneformer,celltype.l3,42,1.62239
PBMC,2154,0.0115083,Geneformer,celltype.l3,2303,1.64034
PBMC,2154,0.0115083,Geneformer,celltype.l3,2701,1.64147
PBMC,2154,0.0115083,PCA,celltype.l3,42,1.50173
PBMC,2154,0.0115083,PCA,celltype.l3,2303,1.29322
PBMC,2154,0.0115083,PCA,celltype.l3,2701,1.54536
PBMC,2154,0.0115083,RandomProjection,celltype.l3,42,0.4504
PBMC,2154,0.0115083,RandomProjection,celltype.l3,2303,0.54692
PBMC,2154,0.0115083,RandomProjection,celltype.l3,2701,0.4504
PBMC,2154,0.0115083,SCVI,celltype.l3,42,1.58722
PBMC,2154,0.0115083,SCVI,celltype.l3,2303,1.72161
PBMC,2154,0.0115083,SCVI,celltype.l3,2701,1.60273
PBMC,2154,0.02422,Geneformer,celltype.l3,42,1.93715
PBMC,2154,0.02422,Geneformer,celltype.l3,2303,1.9506
PBMC,2154,0.02422,Geneformer,celltype.l3,2701,1.93327
PBMC,2154,0.02422,PCA,celltype.l3,42,1.65845
PBMC,2154,0.02422,PCA,celltype.l3,2303,1.64891
PBMC,2154,0.02422,PCA,celltype.l3,2701,1.58199
PBMC,2154,0.02422,RandomProjection,celltype.l3,42,0.77515
PBMC,2154,0.02422,RandomProjection,celltype.l3,2303,0.7979
PBMC,2154,0.02422,RandomProjection,celltype.l3,2701,0.77515
PBMC,2154,0.02422,SCVI,celltype.l3,42,2.07783
PBMC,2154,0.02422,SCVI,celltype.l3,2303,2.08708
PBMC,2154,0.02422,SCVI,celltype.l3,2701,2.05474
PBMC,2154,0.050973,Geneformer,celltype.l3,42,2.38438
PBMC,2154,0.050973,Geneformer,celltype.l3,2303,2.33377
PBMC,2154,0.050973,Geneformer,celltype.l3,2701,2.34713
PBMC,2154,0.050973,PCA,celltype.l3,42,2.00769
PBMC,2154,0.050973,PCA,celltype.l3,2303,2.01981
PBMC,2154,0.050973,PCA,celltype.l3,2701,1.98667
PBMC,2154,0.050973,RandomProjection,celltype.l3,42,1.18647
PBMC,2154,0.050973,RandomProjection,celltype.l3,2303,1.1766
PBMC,2154,0.050973,RandomProjection,celltype.l3,2701,1.18647
PBMC,2154,0.050973,SCVI,celltype.l3,42,2.40155
PBMC,2154,0.050973,SCVI,celltype.l3,2303,2.44702
PBMC,2154,0.050973,SCVI,celltype.l3,2701,2.43399
PBMC,2154,0.1072766,Geneformer,celltype.l3,42,2.29041
PBMC,2154,0.1072766,Geneformer,celltype.l3,2303,2.5195
PBMC,2154,0.1072766,Geneformer,celltype.l3,2701,2.5034
PBMC,2154,0.1072766,PCA,celltype.l3,42,2.30868
PBMC,2154,0.1072766,PCA,celltype.l3,2303,2.3259
PBMC,2154,0.1072766,PCA,celltype.l3,2701,2.34056
PBMC,2154,0.1072766,RandomProjection,celltype.l3,42,1.54612
PBMC,2154,0.1072766,RandomProjection,celltype.l3,2303,1.55153
PBMC,2154,0.1072766,RandomProjection,celltype.l3,2701,1.54612
PBMC,2154,0.1072766,SCVI,celltype.l3,42,2.62062
PBMC,2154,0.1072766,SCVI,celltype.l3,2303,2.61682
PBMC,2154,0.1072766,SCVI,celltype.l3,2701,2.61354
PBMC,2154,0.225772,Geneformer,celltype.l3,42,2.58403
PBMC,2154,0.225772,Geneformer,celltype.l3,2303,2.72725
PBMC,2154,0.225772,Geneformer,celltype.l3,2701,2.7133
PBMC,2154,0.225772,PCA,celltype.l3,42,2.57436
PBMC,2154,0.225772,PCA,celltype.l3,2303,2.59523
PBMC,2154,0.225772,PCA,celltype.l3,2701,2.56729
PBMC,2154,0.225772,RandomProjection,celltype.l3,42,1.86693
PBMC,2154,0.225772,RandomProjection,celltype.l3,2303,1.8254
PBMC,2154,0.225772,RandomProjection,celltype.l3,2701,1.86693
PBMC,2154,0.225772,SCVI,celltype.l3,42,2.83396
PBMC,2154,0.225772,SCVI,celltype.l3,2303,2.68278
PBMC,2154,0.225772,SCVI,celltype.l3,2701,2.68663
PBMC,2154,0.4751547,Geneformer,celltype.l3,42,2.74298
PBMC,2154,0.4751547,Geneformer,celltype.l3,2303,2.71648
PBMC,2154,0.4751547,Geneformer,celltype.l3,2701,2.70282
PBMC,2154,0.4751547,PCA,celltype.l3,42,2.9511
PBMC,2154,0.4751547,PCA,celltype.l3,2303,2.93627
PBMC,2154,0.4751547,PCA,celltype.l3,2701,2.97739
PBMC,2154,0.4751547,RandomProjection,celltype.l3,42,2.17521
PBMC,2154,0.4751547,RandomProjection,celltype.l3,2303,2.13161
PBMC,2154,0.4751547,RandomProjection,celltype.l3,2701,2.17521
PBMC,2154,0.4751547,SCVI,celltype.l3,42,2.94615
PBMC,2154,0.4751547,SCVI,celltype.l3,2303,2.78085
PBMC,2154,0.4751547,SCVI,celltype.l3,2701,2.76805
PBMC,2154,1.0,Geneformer,celltype.l3,42,2.97541
PBMC,2154,1.0,Geneformer,celltype.l3,2303,2.94552
PBMC,2154,1.0,Geneformer,celltype.l3,2701,2.88044
PBMC,2154,1.0,PCA,celltype.l3,42,3.16641
PBMC,2154,1.0,PCA,celltype.l3,2303,3.20022
PBMC,2154,1.0,PCA,celltype.l3,2701,3.18258
PBMC,2154,1.0,RandomProjection,celltype.l3,42,2.4237
PBMC,2154,1.0,RandomProjection,celltype.l3,2303,2.38083
PBMC,2154,1.0,RandomProjection,celltype.l3,2701,2.4237
PBMC,2154,1.0,SCVI,celltype.l3,42,2.86559
PBMC,2154,1.0,SCVI,celltype.l3,2303,2.85978
PBMC,2154,1.0,SCVI,celltype.l3,2701,2.88655
PBMC,4641,0.0012346,Geneformer,celltype.l3,42,0.66564
PBMC,4641,0.0012346,Geneformer,celltype.l3,2303,0.7289
PBMC,4641,0.0012346,Geneformer,celltype.l3,2701,0.68583
PBMC,4641,0.0012346,PCA,celltype.l3,42,1.80221
PBMC,4641,0.0012346,PCA,celltype.l3,2303,0.37351
PBMC,4641,0.0012346,PCA,celltype.l3,2701,1.79245
PBMC,4641,0.0012346,RandomProjection,celltype.l3,42,0.17683
PBMC,4641,0.0012346,RandomProjection,celltype.l3,2303,0.17462
PBMC,4641,0.0012346,RandomProjection,celltype.l3,2701,0.17683
PBMC,4641,0.0012346,SCVI,celltype.l3,42,0.48367
PBMC,4641,0.0012346,SCVI,celltype.l3,2303,0.51401
PBMC,4641,0.0012346,SCVI,celltype.l3,2701,0.44348
PBMC,4641,0.0025982,Geneformer,celltype.l3,42,0.9674
PBMC,4641,0.0025982,Geneformer,celltype.l3,2303,1.01717
PBMC,4641,0.0025982,Geneformer,celltype.l3,2701,1.01006
PBMC,4641,0.0025982,PCA,celltype.l3,42,1.70746
PBMC,4641,0.0025982,PCA,celltype.l3,2303,0.6584
PBMC,4641,0.0025982,PCA,celltype.l3,2701,1.68835
PBMC,4641,0.0025982,RandomProjection,celltype.l3,42,0.20138
PBMC,4641,0.0025982,RandomProjection,celltype.l3,2303,0.20576
PBMC,4641,0.0025982,RandomProjection,celltype.l3,2701,0.20138
PBMC,4641,0.0025982,SCVI,celltype.l3,42,0.771
PBMC,4641,0.0025982,SCVI,celltype.l3,2303,0.87759
PBMC,4641,0.0025982,SCVI,celltype.l3,2701,0.86964
PBMC,4641,0.0054682,Geneformer,celltype.l3,42,1.35334
PBMC,4641,0.0054682,Geneformer,celltype.l3,2303,1.36553
PBMC,4641,0.0054682,Geneformer,celltype.l3,2701,1.34434
PBMC,4641,0.0054682,PCA,celltype.l3,42,1.58712
PBMC,4641,0.0054682,PCA,celltype.l3,2303,0.91409
PBMC,4641,0.0054682,PCA,celltype.l3,2701,1.59571
PBMC,4641,0.0054682,RandomProjection,celltype.l3,42,0.23654
PBMC,4641,0.0054682,RandomProjection,celltype.l3,2303,0.32302
PBMC,4641,0.0054682,RandomProjection,celltype.l3,2701,0.23654
PBMC,4641,0.0054682,SCVI,celltype.l3,42,1.29746
PBMC,4641,0.0054682,SCVI,celltype.l3,2303,1.30053
PBMC,4641,0.0054682,SCVI,celltype.l3,2701,1.27096
PBMC,4641,0.0115083,Geneformer,celltype.l3,42,1.58064
PBMC,4641,0.0115083,Geneformer,celltype.l3,2303,1.59283
PBMC,4641,0.0115083,Geneformer,celltype.l3,2701,1.55511
PBMC,4641,0.0115083,PCA,celltype.l3,42,1.5447
PBMC,4641,0.0115083,PCA,celltype.l3,2303,1.22579
PBMC,4641,0.0115083,PCA,celltype.l3,2701,1.53982
PBMC,4641,0.0115083,RandomProjection,celltype.l3,42,0.4504
PBMC,4641,0.0115083,RandomProjection,celltype.l3,2303,0.54692
PBMC,4641,0.0115083,RandomProjection,celltype.l3,2701,0.4504
PBMC,4641,0.0115083,SCVI,celltype.l3,42,1.77798
PBMC,4641,0.0115083,SCVI,celltype.l3,2303,1.81524
PBMC,4641,0.0115083,SCVI,celltype.l3,2701,1.72876
PBMC,4641,0.02422,Geneformer,celltype.l3,42,1.9721
PBMC,4641,0.02422,Geneformer,celltype.l3,2303,1.89732
PBMC,4641,0.02422,Geneformer,celltype.l3,2701,1.95209
PBMC,4641,0.02422,PCA,celltype.l3,42,1.63537
PBMC,4641,0.02422,PCA,celltype.l3,2303,1.67111
PBMC,4641,0.02422,PCA,celltype.l3,2701,1.59653
PBMC,4641,0.02422,RandomProjection,celltype.l3,42,0.77515
PBMC,4641,0.02422,RandomProjection,celltype.l3,2303,0.7979
PBMC,4641,0.02422,RandomProjection,celltype.l3,2701,0.77515
PBMC,4641,0.02422,SCVI,celltype.l3,42,2.0801
PBMC,4641,0.02422,SCVI,celltype.l3,2303,2.12475
PBMC,4641,0.02422,SCVI,celltype.l3,2701,2.11458
PBMC,4641,0.050973,Geneformer,celltype.l3,42,2.20795
PBMC,4641,0.050973,Geneformer,celltype.l3,2303,2.40755
PBMC,4641,0.050973,Geneformer,celltype.l3,2701,2.3842
PBMC,4641,0.050973,PCA,celltype.l3,42,2.10843
PBMC,4641,0.050973,PCA,celltype.l3,2303,2.01985
PBMC,4641,0.050973,PCA,celltype.l3,2701,2.0439
PBMC,4641,0.050973,RandomProjection,celltype.l3,42,1.18647
PBMC,4641,0.050973,RandomProjection,celltype.l3,2303,1.1766
PBMC,4641,0.050973,RandomProjection,celltype.l3,2701,1.18647
PBMC,4641,0.050973,SCVI,celltype.l3,42,2.4071
PBMC,4641,0.050973,SCVI,celltype.l3,2303,2.4788
PBMC,4641,0.050973,SCVI,celltype.l3,2701,2.4711
PBMC,4641,0.1072766,Geneformer,celltype.l3,42,2.47522
PBMC,4641,0.1072766,Geneformer,celltype.l3,2303,2.60537
PBMC,4641,0.1072766,Geneformer,celltype.l3,2701,2.6077
PBMC,4641,0.1072766,PCA,celltype.l3,42,2.33961
PBMC,4641,0.1072766,PCA,celltype.l3,2303,2.36187
PBMC,4641,0.1072766,PCA,celltype.l3,2701,2.32921
PBMC,4641,0.1072766,RandomProjection,celltype.l3,42,1.54612
PBMC,4641,0.1072766,RandomProjection,celltype.l3,2303,1.55153
PBMC,4641,0.1072766,RandomProjection,celltype.l3,2701,1.54612
PBMC,4641,0.1072766,SCVI,celltype.l3,42,2.72729
PBMC,4641,0.1072766,SCVI,celltype.l3,2303,2.72144
PBMC,4641,0.1072766,SCVI,celltype.l3,2701,2.75471
PBMC,4641,0.225772,Geneformer,celltype.l3,42,2.76518
PBMC,4641,0.225772,Geneformer,celltype.l3,2303,2.77921
PBMC,4641,0.225772,Geneformer,celltype.l3,2701,2.80689
PBMC,4641,0.225772,PCA,celltype.l3,42,2.6149
PBMC,4641,0.225772,PCA,celltype.l3,2303,2.65675
PBMC,4641,0.225772,PCA,celltype.l3,2701,2.64274
PBMC,4641,0.225772,RandomProjection,celltype.l3,42,1.86693
PBMC,4641,0.225772,RandomProjection,celltype.l3,2303,1.8254
PBMC,4641,0.225772,RandomProjection,celltype.l3,2701,1.86693
PBMC,4641,0.225772,SCVI,celltype.l3,42,2.97754
PBMC,4641,0.225772,SCVI,celltype.l3,2303,3.10773
PBMC,4641,0.225772,SCVI,celltype.l3,2701,3.10587
PBMC,4641,0.4751547,Geneformer,celltype.l3,42,2.85951
PBMC,4641,0.4751547,Geneformer,celltype.l3,2303,2.7977
PBMC,4641,0.4751547,Geneformer,celltype.l3,2701,2.76413
PBMC,4641,0.4751547,PCA,celltype.l3,42,2.9501
PBMC,4641,0.4751547,PCA,celltype.l3,2303,2.95962
PBMC,4641,0.4751547,PCA,celltype.l3,2701,2.95406
PBMC,4641,0.4751547,RandomProjection,celltype.l3,42,2.17521
PBMC,4641,0.4751547,RandomProjection,celltype.l3,2303,2.13161
PBMC,4641,0.4751547,RandomProjection,celltype.l3,2701,2.17521
PBMC,4641,0.4751547,SCVI,celltype.l3,42,3.20557
PBMC,4641,0.4751547,SCVI,celltype.l3,2303,2.98502
PBMC,4641,0.4751547,SCVI,celltype.l3,2701,2.98188
PBMC,4641,1.0,Geneformer,celltype.l3,42,3.04498
PBMC,4641,1.0,Geneformer,celltype.l3,2303,3.0841
PBMC,4641,1.0,Geneformer,celltype.l3,2701,3.07637
PBMC,4641,1.0,PCA,celltype.l3,42,3.17841
PBMC,4641,1.0,PCA,celltype.l3,2303,3.20074
PBMC,4641,1.0,PCA,celltype.l3,2701,3.16321
PBMC,4641,1.0,RandomProjection,celltype.l3,42,2.4237
PBMC,4641,1.0,RandomProjection,celltype.l3,2303,2.38083
PBMC,4641,1.0,RandomProjection,celltype.l3,2701,2.4237
PBMC,4641,1.0,SCVI,celltype.l3,42,3.43316
PBMC,4641,1.0,SCVI,celltype.l3,2303,3.17656
PBMC,4641,1.0,SCVI,celltype.l3,2701,3.18728
PBMC,10000,0.0012346,Geneformer,celltype.l3,42,0.69495
PBMC,10000,0.0012346,Geneformer,celltype.l3,2303,0.73214
PBMC,10000,0.0012346,Geneformer,celltype.l3,2701,0.7147
PBMC,10000,0.0012346,PCA,celltype.l3,42,1.81484
PBMC,10000,0.0012346,PCA,celltype.l3,2303,0.38053
PBMC,10000,0.0012346,PCA,celltype.l3,2701,1.79253
PBMC,10000,0.0012346,RandomProjection,celltype.l3,42,0.17683
PBMC,10000,0.0012346,RandomProjection,celltype.l3,2303,0.17462
PBMC,10000,0.0012346,RandomProjection,celltype.l3,2701,0.17683
PBMC,10000,0.0012346,SCVI,celltype.l3,42,0.50926
PBMC,10000,0.0012346,SCVI,celltype.l3,2303,0.57579
PBMC,10000,0.0012346,SCVI,celltype.l3,2701,0.61229
PBMC,10000,0.0025982,Geneformer,celltype.l3,42,1.04811
PBMC,10000,0.0025982,Geneformer,celltype.l3,2303,1.01771
PBMC,10000,0.0025982,Geneformer,celltype.l3,2701,1.03587
PBMC,10000,0.0025982,PCA,celltype.l3,42,1.71634
PBMC,10000,0.0025982,PCA,celltype.l3,2303,0.68064
PBMC,10000,0.0025982,PCA,celltype.l3,2701,1.70708
PBMC,10000,0.0025982,RandomProjection,celltype.l3,42,0.20138
PBMC,10000,0.0025982,RandomProjection,celltype.l3,2303,0.20576
PBMC,10000,0.0025982,RandomProjection,celltype.l3,2701,0.20138
PBMC,10000,0.0025982,SCVI,celltype.l3,42,0.85142
PBMC,10000,0.0025982,SCVI,celltype.l3,2303,0.88626
PBMC,10000,0.0025982,SCVI,celltype.l3,2701,0.86355
PBMC,10000,0.0054682,Geneformer,celltype.l3,42,1.35356
PBMC,10000,0.0054682,Geneformer,celltype.l3,2303,1.3535
PBMC,10000,0.0054682,Geneformer,celltype.l3,2701,1.38998
PBMC,10000,0.0054682,PCA,celltype.l3,42,1.59601
PBMC,10000,0.0054682,PCA,celltype.l3,2303,0.9614
PBMC,10000,0.0054682,PCA,celltype.l3,2701,1.59594
PBMC,10000,0.0054682,RandomProjection,celltype.l3,42,0.23654
PBMC,10000,0.0054682,RandomProjection,celltype.l3,2303,0.32302
PBMC,10000,0.0054682,RandomProjection,celltype.l3,2701,0.23654
PBMC,10000,0.0054682,SCVI,celltype.l3,42,1.37156
PBMC,10000,0.0054682,SCVI,celltype.l3,2303,1.42909
PBMC,10000,0.0054682,SCVI,celltype.l3,2701,1.45408
PBMC,10000,0.0115083,Geneformer,celltype.l3,42,1.69421
PBMC,10000,0.0115083,Geneformer,celltype.l3,2303,1.69634
PBMC,10000,0.0115083,Geneformer,celltype.l3,2701,1.68817
PBMC,10000,0.0115083,PCA,celltype.l3,42,1.6092
PBMC,10000,0.0115083,PCA,celltype.l3,2303,1.28594
PBMC,10000,0.0115083,PCA,celltype.l3,2701,1.56927
PBMC,10000,0.0115083,RandomProjection,celltype.l3,42,0.4504
PBMC,10000,0.0115083,RandomProjection,celltype.l3,2303,0.54692
PBMC,10000,0.0115083,RandomProjection,celltype.l3,2701,0.4504
PBMC,10000,0.0115083,SCVI,celltype.l3,42,1.83035
PBMC,10000,0.0115083,SCVI,celltype.l3,2303,1.82167
PBMC,10000,0.0115083,SCVI,celltype.l3,2701,1.82185
PBMC,10000,0.02422,Geneformer,celltype.l3,42,2.24032
PBMC,10000,0.02422,Geneformer,celltype.l3,2303,2.24579
PBMC,10000,0.02422,Geneformer,celltype.l3,2701,2.10455
PBMC,10000,0.02422,PCA,celltype.l3,42,1.63956
PBMC,10000,0.02422,PCA,celltype.l3,2303,1.62979
PBMC,10000,0.02422,PCA,celltype.l3,2701,1.61244
PBMC,10000,0.02422,RandomProjection,celltype.l3,42,0.77515
PBMC,10000,0.02422,RandomProjection,celltype.l3,2303,0.7979
PBMC,10000,0.02422,RandomProjection,celltype.l3,2701,0.77515
PBMC,10000,0.02422,SCVI,celltype.l3,42,2.16185
PBMC,10000,0.02422,SCVI,celltype.l3,2303,2.22633
PBMC,10000,0.02422,SCVI,celltype.l3,2701,2.2042
PBMC,10000,0.050973,Geneformer,celltype.l3,42,2.3448
PBMC,10000,0.050973,Geneformer,celltype.l3,2303,2.42174
PBMC,10000,0.050973,Geneformer,celltype.l3,2701,2.45063
PBMC,10000,0.050973,PCA,celltype.l3,42,2.08869
PBMC,10000,0.050973,PCA,celltype.l3,2303,2.02921
PBMC,10000,0.050973,PCA,celltype.l3,2701,2.00865
PBMC,10000,0.050973,RandomProjection,celltype.l3,42,1.18647
PBMC,10000,0.050973,RandomProjection,celltype.l3,2303,1.1766
PBMC,10000,0.050973,RandomProjection,celltype.l3,2701,1.18647
PBMC,10000,0.050973,SCVI,celltype.l3,42,2.53124
PBMC,10000,0.050973,SCVI,celltype.l3,2303,2.53806
PBMC,10000,0.050973,SCVI,celltype.l3,2701,2.56756
PBMC,10000,0.1072766,Geneformer,celltype.l3,42,2.46769
PBMC,10000,0.1072766,Geneformer,celltype.l3,2303,2.60269
PBMC,10000,0.1072766,Geneformer,celltype.l3,2701,2.57788
PBMC,10000,0.1072766,PCA,celltype.l3,42,2.34874
PBMC,10000,0.1072766,PCA,celltype.l3,2303,2.35608
PBMC,10000,0.1072766,PCA,celltype.l3,2701,2.33364
PBMC,10000,0.1072766,RandomProjection,celltype.l3,42,1.54612
PBMC,10000,0.1072766,RandomProjection,celltype.l3,2303,1.55153
PBMC,10000,0.1072766,RandomProjection,celltype.l3,2701,1.54612
PBMC,10000,0.1072766,SCVI,celltype.l3,42,2.85911
PBMC,10000,0.1072766,SCVI,celltype.l3,2303,2.91233
PBMC,10000,0.1072766,SCVI,celltype.l3,2701,2.90266
PBMC,10000,0.225772,Geneformer,celltype.l3,42,2.81369
PBMC,10000,0.225772,Geneformer,celltype.l3,2303,2.82595
PBMC,10000,0.225772,Geneformer,celltype.l3,2701,2.86399
PBMC,10000,0.225772,PCA,celltype.l3,42,2.56334
PBMC,10000,0.225772,PCA,celltype.l3,2303,2.59553
PBMC,10000,0.225772,PCA,celltype.l3,2701,2.57166
PBMC,10000,0.225772,RandomProjection,celltype.l3,42,1.86693
PBMC,10000,0.225772,RandomProjection,celltype.l3,2303,1.8254
PBMC,10000,0.225772,RandomProjection,celltype.l3,2701,1.86693
PBMC,10000,0.225772,SCVI,celltype.l3,42,3.1392
PBMC,10000,0.225772,SCVI,celltype.l3,2303,3.20472
PBMC,10000,0.225772,SCVI,celltype.l3,2701,3.18679
PBMC,10000,0.4751547,Geneformer,celltype.l3,42,2.76724
PBMC,10000,0.4751547,Geneformer,celltype.l3,2303,2.89167
PBMC,10000,0.4751547,Geneformer,celltype.l3,2701,2.82959
PBMC,10000,0.4751547,PCA,celltype.l3,42,2.99128
PBMC,10000,0.4751547,PCA,celltype.l3,2303,3.00143
PBMC,10000,0.4751547,PCA,celltype.l3,2701,2.96913
PBMC,10000,0.4751547,RandomProjection,celltype.l3,42,2.17521
PBMC,10000,0.4751547,RandomProjection,celltype.l3,2303,2.13161
PBMC,10000,0.4751547,RandomProjection,celltype.l3,2701,2.17521
PBMC,10000,0.4751547,SCVI,celltype.l3,42,3.33985
PBMC,10000,0.4751547,SCVI,celltype.l3,2303,2.97692
PBMC,10000,0.4751547,SCVI,celltype.l3,2701,2.99508
PBMC,10000,1.0,Geneformer,celltype.l3,42,3.14099
PBMC,10000,1.0,Geneformer,celltype.l3,2303,3.16086
PBMC,10000,1.0,Geneformer,celltype.l3,2701,3.15734
PBMC,10000,1.0,PCA,celltype.l3,42,3.16844
PBMC,10000,1.0,PCA,celltype.l3,2303,3.20244
PBMC,10000,1.0,PCA,celltype.l3,2701,3.17888
PBMC,10000,1.0,RandomProjection,celltype.l3,42,2.4237
PBMC,10000,1.0,RandomProjection,celltype.l3,2303,2.38083
PBMC,10000,1.0,RandomProjection,celltype.l3,2701,2.4237
PBMC,10000,1.0,SCVI,celltype.l3,42,3.55483
PBMC,10000,1.0,SCVI,celltype.l3,2303,3.54902
PBMC,10000,1.0,SCVI,celltype.l3,2701,3.55699
PBMC,21544,0.0012346,Geneformer,celltype.l3,42,0.66486
PBMC,21544,0.0012346,Geneformer,celltype.l3,2303,0.73601
PBMC,21544,0.0012346,Geneformer,celltype.l3,2701,0.70058
PBMC,21544,0.0012346,PCA,celltype.l3,42,1.80809
PBMC,21544,0.0012346,PCA,celltype.l3,2303,0.3808
PBMC,21544,0.0012346,PCA,celltype.l3,2701,1.79887
PBMC,21544,0.0012346,RandomProjection,celltype.l3,42,0.17683
PBMC,21544,0.0012346,RandomProjection,celltype.l3,2303,0.17462
PBMC,21544,0.0012346,RandomProjection,celltype.l3,2701,0.17683
PBMC,21544,0.0012346,SCVI,celltype.l3,42,0.56074
PBMC,21544,0.0012346,SCVI,celltype.l3,2303,0.55983
PBMC,21544,0.0012346,SCVI,celltype.l3,2701,0.58677
PBMC,21544,0.0025982,Geneformer,celltype.l3,42,1.01902
PBMC,21544,0.0025982,Geneformer,celltype.l3,2303,1.05219
PBMC,21544,0.0025982,Geneformer,celltype.l3,2701,1.01674
PBMC,21544,0.0025982,PCA,celltype.l3,42,1.72994
PBMC,21544,0.0025982,PCA,celltype.l3,2303,0.69643
PBMC,21544,0.0025982,PCA,celltype.l3,2701,1.71876
PBMC,21544,0.0025982,RandomProjection,celltype.l3,42,0.20138
PBMC,21544,0.0025982,RandomProjection,celltype.l3,2303,0.20576
PBMC,21544,0.0025982,RandomProjection,celltype.l3,2701,0.20138
PBMC,21544,0.0025982,SCVI,celltype.l3,42,0.88809
PBMC,21544,0.0025982,SCVI,celltype.l3,2303,1.05121
PBMC,21544,0.0025982,SCVI,celltype.l3,2701,1.01002
PBMC,21544,0.0054682,Geneformer,celltype.l3,42,1.40364
PBMC,21544,0.0054682,Geneformer,celltype.l3,2303,1.41997
PBMC,21544,0.0054682,Geneformer,celltype.l3,2701,1.36195
PBMC,21544,0.0054682,PCA,celltype.l3,42,1.61969
PBMC,21544,0.0054682,PCA,celltype.l3,2303,0.99683
PBMC,21544,0.0054682,PCA,celltype.l3,2701,1.61927
PBMC,21544,0.0054682,RandomProjection,celltype.l3,42,0.23654
PBMC,21544,0.0054682,RandomProjection,celltype.l3,2303,0.32302
PBMC,21544,0.0054682,RandomProjection,celltype.l3,2701,0.23654
PBMC,21544,0.0054682,SCVI,celltype.l3,42,1.32612
PBMC,21544,0.0054682,SCVI,celltype.l3,2303,1.55937
PBMC,21544,0.0054682,SCVI,celltype.l3,2701,1.51703
PBMC,21544,0.0115083,Geneformer,celltype.l3,42,1.83313
PBMC,21544,0.0115083,Geneformer,celltype.l3,2303,1.85386
PBMC,21544,0.0115083,Geneformer,celltype.l3,2701,1.83202
PBMC,21544,0.0115083,PCA,celltype.l3,42,1.5879
PBMC,21544,0.0115083,PCA,celltype.l3,2303,1.26659
PBMC,21544,0.0115083,PCA,celltype.l3,2701,1.56613
PBMC,21544,0.0115083,RandomProjection,celltype.l3,42,0.4504
PBMC,21544,0.0115083,RandomProjection,celltype.l3,2303,0.54692
PBMC,21544,0.0115083,RandomProjection,celltype.l3,2701,0.4504
PBMC,21544,0.0115083,SCVI,celltype.l3,42,1.88013
PBMC,21544,0.0115083,SCVI,celltype.l3,2303,1.91522
PBMC,21544,0.0115083,SCVI,celltype.l3,2701,1.87088
PBMC,21544,0.02422,Geneformer,celltype.l3,42,2.2569
PBMC,21544,0.02422,Geneformer,celltype.l3,2303,2.26853
PBMC,21544,0.02422,Geneformer,celltype.l3,2701,2.22266
PBMC,21544,0.02422,PCA,celltype.l3,42,1.70998
PBMC,21544,0.02422,PCA,celltype.l3,2303,1.62895
PBMC,21544,0.02422,PCA,celltype.l3,2701,1.63319
PBMC,21544,0.02422,RandomProjection,celltype.l3,42,0.77515
PBMC,21544,0.02422,RandomProjection,celltype.l3,2303,0.7979
PBMC,21544,0.02422,RandomProjection,celltype.l3,2701,0.77515
PBMC,21544,0.02422,SCVI,celltype.l3,42,2.20603
PBMC,21544,0.02422,SCVI,celltype.l3,2303,2.23047
PBMC,21544,0.02422,SCVI,celltype.l3,2701,2.23787
PBMC,21544,0.050973,Geneformer,celltype.l3,42,2.48758
PBMC,21544,0.050973,Geneformer,celltype.l3,2303,2.46603
PBMC,21544,0.050973,Geneformer,celltype.l3,2701,2.49514
PBMC,21544,0.050973,PCA,celltype.l3,42,2.10185
PBMC,21544,0.050973,PCA,celltype.l3,2303,2.06641
PBMC,21544,0.050973,PCA,celltype.l3,2701,2.04798
PBMC,21544,0.050973,RandomProjection,celltype.l3,42,1.18647
PBMC,21544,0.050973,RandomProjection,celltype.l3,2303,1.1766
PBMC,21544,0.050973,RandomProjection,celltype.l3,2701,1.18647
PBMC,21544,0.050973,SCVI,celltype.l3,42,2.60441
PBMC,21544,0.050973,SCVI,celltype.l3,2303,2.65544
PBMC,21544,0.050973,SCVI,celltype.l3,2701,2.63866
PBMC,21544,0.1072766,Geneformer,celltype.l3,42,2.64034
PBMC,21544,0.1072766,Geneformer,celltype.l3,2303,2.76265
PBMC,21544,0.1072766,Geneformer,celltype.l3,2701,2.75295
PBMC,21544,0.1072766,PCA,celltype.l3,42,2.32967
PBMC,21544,0.1072766,PCA,celltype.l3,2303,2.37262
PBMC,21544,0.1072766,PCA,celltype.l3,2701,2.33776
PBMC,21544,0.1072766,RandomProjection,celltype.l3,42,1.54612
PBMC,21544,0.1072766,RandomProjection,celltype.l3,2303,1.55153
PBMC,21544,0.1072766,RandomProjection,celltype.l3,2701,1.54612
PBMC,21544,0.1072766,SCVI,celltype.l3,42,2.82959
PBMC,21544,0.1072766,SCVI,celltype.l3,2303,2.97699
PBMC,21544,0.1072766,SCVI,celltype.l3,2701,3.00165
PBMC,21544,0.225772,Geneformer,celltype.l3,42,2.92711
PBMC,21544,0.225772,Geneformer,celltype.l3,2303,2.91538
PBMC,21544,0.225772,Geneformer,celltype.l3,2701,2.81533
PBMC,21544,0.225772,PCA,celltype.l3,42,2.65392
PBMC,21544,0.225772,PCA,celltype.l3,2303,2.68915
PBMC,21544,0.225772,PCA,celltype.l3,2701,2.64825
PBMC,21544,0.225772,RandomProjection,celltype.l3,42,1.86693
PBMC,21544,0.225772,RandomProjection,celltype.l3,2303,1.8254
PBMC,21544,0.225772,RandomProjection,celltype.l3,2701,1.86693
PBMC,21544,0.225772,SCVI,celltype.l3,42,3.16251
PBMC,21544,0.225772,SCVI,celltype.l3,2303,3.26262
PBMC,21544,0.225772,SCVI,celltype.l3,2701,3.29021
PBMC,21544,0.4751547,Geneformer,celltype.l3,42,3.02029
PBMC,21544,0.4751547,Geneformer,celltype.l3,2303,3.05582
PBMC,21544,0.4751547,Geneformer,celltype.l3,2701,3.02012
PBMC,21544,0.4751547,PCA,celltype.l3,42,2.97995
PBMC,21544,0.4751547,PCA,celltype.l3,2303,2.99681
PBMC,21544,0.4751547,PCA,celltype.l3,2701,2.99089
PBMC,21544,0.4751547,RandomProjection,celltype.l3,42,2.17521
PBMC,21544,0.4751547,RandomProjection,celltype.l3,2303,2.13161
PBMC,21544,0.4751547,RandomProjection,celltype.l3,2701,2.17521
PBMC,21544,0.4751547,SCVI,celltype.l3,42,3.41736
PBMC,21544,0.4751547,SCVI,celltype.l3,2303,3.52961
PBMC,21544,0.4751547,SCVI,celltype.l3,2701,3.50595
PBMC,21544,1.0,Geneformer,celltype.l3,42,3.2258
PBMC,21544,1.0,Geneformer,celltype.l3,2303,3.19266
PBMC,21544,1.0,Geneformer,celltype.l3,2701,3.08925
PBMC,21544,1.0,PCA,celltype.l3,42,3.18264
PBMC,21544,1.0,PCA,celltype.l3,2303,3.20811
PBMC,21544,1.0,PCA,celltype.l3,2701,3.17639
PBMC,21544,1.0,RandomProjection,celltype.l3,42,2.4237
PBMC,21544,1.0,RandomProjection,celltype.l3,2303,2.38083
PBMC,21544,1.0,RandomProjection,celltype.l3,2701,2.4237
PBMC,21544,1.0,SCVI,celltype.l3,42,3.58713
PBMC,21544,1.0,SCVI,celltype.l3,2303,3.54933
PBMC,21544,1.0,SCVI,celltype.l3,2701,3.60457
PBMC,46415,0.0012346,Geneformer,celltype.l3,42,0.73726
PBMC,46415,0.0012346,Geneformer,celltype.l3,2303,0.68315
PBMC,46415,0.0012346,Geneformer,celltype.l3,2701,0.71465
PBMC,46415,0.0012346,PCA,celltype.l3,42,1.81657
PBMC,46415,0.0012346,PCA,celltype.l3,2303,0.38055
PBMC,46415,0.0012346,PCA,celltype.l3,2701,1.80991
PBMC,46415,0.0012346,RandomProjection,celltype.l3,42,0.17683
PBMC,46415,0.0012346,RandomProjection,celltype.l3,2303,0.17462
PBMC,46415,0.0012346,RandomProjection,celltype.l3,2701,0.17683
PBMC,46415,0.0012346,SCVI,celltype.l3,42,0.58933
PBMC,46415,0.0012346,SCVI,celltype.l3,2303,0.67514
PBMC,46415,0.0012346,SCVI,celltype.l3,2701,0.70346
PBMC,46415,0.0025982,Geneformer,celltype.l3,42,1.0365
PBMC,46415,0.0025982,Geneformer,celltype.l3,2303,1.10787
PBMC,46415,0.0025982,Geneformer,celltype.l3,2701,1.10609
PBMC,46415,0.0025982,PCA,celltype.l3,42,1.73271
PBMC,46415,0.0025982,PCA,celltype.l3,2303,0.70823
PBMC,46415,0.0025982,PCA,celltype.l3,2701,1.73535
PBMC,46415,0.0025982,RandomProjection,celltype.l3,42,0.20138
PBMC,46415,0.0025982,RandomProjection,celltype.l3,2303,0.20576
PBMC,46415,0.0025982,RandomProjection,celltype.l3,2701,0.20138
PBMC,46415,0.0025982,SCVI,celltype.l3,42,1.04251
PBMC,46415,0.0025982,SCVI,celltype.l3,2303,1.03479
PBMC,46415,0.0025982,SCVI,celltype.l3,2701,1.05055
PBMC,46415,0.0054682,Geneformer,celltype.l3,42,1.45507
PBMC,46415,0.0054682,Geneformer,celltype.l3,2303,1.44319
PBMC,46415,0.0054682,Geneformer,celltype.l3,2701,1.47255
PBMC,46415,0.0054682,PCA,celltype.l3,42,1.62983
PBMC,46415,0.0054682,PCA,celltype.l3,2303,0.98503
PBMC,46415,0.0054682,PCA,celltype.l3,2701,1.62035
PBMC,46415,0.0054682,RandomProjection,celltype.l3,42,0.23654
PBMC,46415,0.0054682,RandomProjection,celltype.l3,2303,0.32302
PBMC,46415,0.0054682,RandomProjection,celltype.l3,2701,0.23654
PBMC,46415,0.0054682,SCVI,celltype.l3,42,1.55376
PBMC,46415,0.0054682,SCVI,celltype.l3,2303,1.561
PBMC,46415,0.0054682,SCVI,celltype.l3,2701,1.51156
PBMC,46415,0.0115083,Geneformer,celltype.l3,42,1.95431
PBMC,46415,0.0115083,Geneformer,celltype.l3,2303,1.98419
PBMC,46415,0.0115083,Geneformer,celltype.l3,2701,1.96764
PBMC,46415,0.0115083,PCA,celltype.l3,42,1.60916
PBMC,46415,0.0115083,PCA,celltype.l3,2303,1.28313
PBMC,46415,0.0115083,PCA,celltype.l3,2701,1.60237
PBMC,46415,0.0115083,RandomProjection,celltype.l3,42,0.4504
PBMC,46415,0.0115083,RandomProjection,celltype.l3,2303,0.54692
PBMC,46415,0.0115083,RandomProjection,celltype.l3,2701,0.4504
PBMC,46415,0.0115083,SCVI,celltype.l3,42,1.98845
PBMC,46415,0.0115083,SCVI,celltype.l3,2303,1.95424
PBMC,46415,0.0115083,SCVI,celltype.l3,2701,1.92225
PBMC,46415,0.02422,Geneformer,celltype.l3,42,2.27589
PBMC,46415,0.02422,Geneformer,celltype.l3,2303,2.25119
PBMC,46415,0.02422,Geneformer,celltype.l3,2701,2.24528
PBMC,46415,0.02422,PCA,celltype.l3,42,1.66277
PBMC,46415,0.02422,PCA,celltype.l3,2303,1.64119
PBMC,46415,0.02422,PCA,celltype.l3,2701,1.62776
PBMC,46415,0.02422,RandomProjection,celltype.l3,42,0.77515
PBMC,46415,0.02422,RandomProjection,celltype.l3,2303,0.7979
PBMC,46415,0.02422,RandomProjection,celltype.l3,2701,0.77515
PBMC,46415,0.02422,SCVI,celltype.l3,42,2.37518
PBMC,46415,0.02422,SCVI,celltype.l3,2303,2.36715
PBMC,46415,0.02422,SCVI,celltype.l3,2701,2.29814
PBMC,46415,0.050973,Geneformer,celltype.l3,42,2.51028
PBMC,46415,0.050973,Geneformer,celltype.l3,2303,2.46476
PBMC,46415,0.050973,Geneformer,celltype.l3,2701,2.48882
PBMC,46415,0.050973,PCA,celltype.l3,42,2.04848
PBMC,46415,0.050973,PCA,celltype.l3,2303,2.04678
PBMC,46415,0.050973,PCA,celltype.l3,2701,2.04503
PBMC,46415,0.050973,RandomProjection,celltype.l3,42,1.18647
PBMC,46415,0.050973,RandomProjection,celltype.l3,2303,1.1766
PBMC,46415,0.050973,RandomProjection,celltype.l3,2701,1.18647
PBMC,46415,0.050973,SCVI,celltype.l3,42,2.66849
PBMC,46415,0.050973,SCVI,celltype.l3,2303,2.74452
PBMC,46415,0.050973,SCVI,celltype.l3,2701,2.68186
PBMC,46415,0.1072766,Geneformer,celltype.l3,42,2.72703
PBMC,46415,0.1072766,Geneformer,celltype.l3,2303,2.7433
PBMC,46415,0.1072766,Geneformer,celltype.l3,2701,2.69475
PBMC,46415,0.1072766,PCA,celltype.l3,42,2.34414
PBMC,46415,0.1072766,PCA,celltype.l3,2303,2.37618
PBMC,46415,0.1072766,PCA,celltype.l3,2701,2.34932
PBMC,46415,0.1072766,RandomProjection,celltype.l3,42,1.54612
PBMC,46415,0.1072766,RandomProjection,celltype.l3,2303,1.55153
PBMC,46415,0.1072766,RandomProjection,celltype.l3,2701,1.54612
PBMC,46415,0.1072766,SCVI,celltype.l3,42,2.91196
PBMC,46415,0.1072766,SCVI,celltype.l3,2303,3.033
PBMC,46415,0.1072766,SCVI,celltype.l3,2701,2.97092
PBMC,46415,0.225772,Geneformer,celltype.l3,42,2.95046
PBMC,46415,0.225772,Geneformer,celltype.l3,2303,2.93475
PBMC,46415,0.225772,Geneformer,celltype.l3,2701,2.92937
PBMC,46415,0.225772,PCA,celltype.l3,42,2.70858
PBMC,46415,0.225772,PCA,celltype.l3,2303,2.74533
PBMC,46415,0.225772,PCA,celltype.l3,2701,2.71456
PBMC,46415,0.225772,RandomProjection,celltype.l3,42,1.86693
PBMC,46415,0.225772,RandomProjection,celltype.l3,2303,1.8254
PBMC,46415,0.225772,RandomProjection,celltype.l3,2701,1.86693
PBMC,46415,0.225772,SCVI,celltype.l3,42,3.07988
PBMC,46415,0.225772,SCVI,celltype.l3,2303,3.21749
PBMC,46415,0.225772,SCVI,celltype.l3,2701,3.22496
PBMC,46415,0.4751547,Geneformer,celltype.l3,42,3.17958
PBMC,46415,0.4751547,Geneformer,celltype.l3,2303,3.13052
PBMC,46415,0.4751547,Geneformer,celltype.l3,2701,3.08475
PBMC,46415,0.4751547,PCA,celltype.l3,42,2.98084
PBMC,46415,0.4751547,PCA,celltype.l3,2303,2.99222
PBMC,46415,0.4751547,PCA,celltype.l3,2701,2.97447
PBMC,46415,0.4751547,RandomProjection,celltype.l3,42,2.17521
PBMC,46415,0.4751547,RandomProjection,celltype.l3,2303,2.13161
PBMC,46415,0.4751547,RandomProjection,celltype.l3,2701,2.17521
PBMC,46415,0.4751547,SCVI,celltype.l3,42,3.41449
PBMC,46415,0.4751547,SCVI,celltype.l3,2303,3.52544
PBMC,46415,0.4751547,SCVI,celltype.l3,2701,3.42169
PBMC,46415,1.0,Geneformer,celltype.l3,42,3.22388
PBMC,46415,1.0,Geneformer,celltype.l3,2303,3.16972
PBMC,46415,1.0,Geneformer,celltype.l3,2701,3.18372
PBMC,46415,1.0,PCA,celltype.l3,42,3.17307
PBMC,46415,1.0,PCA,celltype.l3,2303,3.20419
PBMC,46415,1.0,PCA,celltype.l3,2701,3.18502
PBMC,46415,1.0,RandomProjection,celltype.l3,42,2.4237
PBMC,46415,1.0,RandomProjection,celltype.l3,2303,2.38083
PBMC,46415,1.0,RandomProjection,celltype.l3,2701,2.4237
PBMC,46415,1.0,SCVI,celltype.l3,42,3.58729
PBMC,46415,1.0,SCVI,celltype.l3,2303,3.63321
PBMC,46415,1.0,SCVI,celltype.l3,2701,3.63992
PBMC,100000,0.0012346,Geneformer,celltype.l3,42,0.6767
PBMC,100000,0.0012346,Geneformer,celltype.l3,2303,0.68654
PBMC,100000,0.0012346,Geneformer,celltype.l3,2701,0.65209
PBMC,100000,0.0012346,PCA,celltype.l3,42,1.81437
PBMC,100000,0.0012346,PCA,celltype.l3,2303,0.39567
PBMC,100000,0.0012346,PCA,celltype.l3,2701,1.81491
PBMC,100000,0.0012346,RandomProjection,celltype.l3,42,0.17683
PBMC,100000,0.0012346,RandomProjection,celltype.l3,2303,0.17462
PBMC,100000,0.0012346,RandomProjection,celltype.l3,2701,0.17683
PBMC,100000,0.0012346,SCVI,celltype.l3,42,0.64536
PBMC,100000,0.0012346,SCVI,celltype.l3,2303,0.64087
PBMC,100000,0.0012346,SCVI,celltype.l3,2701,0.72176
PBMC,100000,0.0025982,Geneformer,celltype.l3,42,1.10223
PBMC,100000,0.0025982,Geneformer,celltype.l3,2303,1.08858
PBMC,100000,0.0025982,Geneformer,celltype.l3,2701,1.10076
PBMC,100000,0.0025982,PCA,celltype.l3,42,1.74226
PBMC,100000,0.0025982,PCA,celltype.l3,2303,0.71552
PBMC,100000,0.0025982,PCA,celltype.l3,2701,1.73575
PBMC,100000,0.0025982,RandomProjection,celltype.l3,42,0.20138
PBMC,100000,0.0025982,RandomProjection,celltype.l3,2303,0.20576
PBMC,100000,0.0025982,RandomProjection,celltype.l3,2701,0.20138
PBMC,100000,0.0025982,SCVI,celltype.l3,42,1.03996
PBMC,100000,0.0025982,SCVI,celltype.l3,2303,1.09112
PBMC,100000,0.0025982,SCVI,celltype.l3,2701,1.07493
PBMC,100000,0.0054682,Geneformer,celltype.l3,42,1.37958
PBMC,100000,0.0054682,Geneformer,celltype.l3,2303,1.49317
PBMC,100000,0.0054682,Geneformer,celltype.l3,2701,1.45948
PBMC,100000,0.0054682,PCA,celltype.l3,42,1.63155
PBMC,100000,0.0054682,PCA,celltype.l3,2303,0.972
PBMC,100000,0.0054682,PCA,celltype.l3,2701,1.62025
PBMC,100000,0.0054682,RandomProjection,celltype.l3,42,0.23654
PBMC,100000,0.0054682,RandomProjection,celltype.l3,2303,0.32302
PBMC,100000,0.0054682,RandomProjection,celltype.l3,2701,0.23654
PBMC,100000,0.0054682,SCVI,celltype.l3,42,1.58693
PBMC,100000,0.0054682,SCVI,celltype.l3,2303,1.57961
PBMC,100000,0.0054682,SCVI,celltype.l3,2701,1.522
PBMC,100000,0.0115083,Geneformer,celltype.l3,42,1.96325
PBMC,100000,0.0115083,Geneformer,celltype.l3,2303,1.95547
PBMC,100000,0.0115083,Geneformer,celltype.l3,2701,1.95257
PBMC,100000,0.0115083,PCA,celltype.l3,42,1.57414
PBMC,100000,0.0115083,PCA,celltype.l3,2303,1.31328
PBMC,100000,0.0115083,PCA,celltype.l3,2701,1.63396
PBMC,100000,0.0115083,RandomProjection,celltype.l3,42,0.4504
PBMC,100000,0.0115083,RandomProjection,celltype.l3,2303,0.54692
PBMC,100000,0.0115083,RandomProjection,celltype.l3,2701,0.4504
PBMC,100000,0.0115083,SCVI,celltype.l3,42,2.06599
PBMC,100000,0.0115083,SCVI,celltype.l3,2303,2.05273
PBMC,100000,0.0115083,SCVI,celltype.l3,2701,2.06463
PBMC,100000,0.02422,Geneformer,celltype.l3,42,2.29617
PBMC,100000,0.02422,Geneformer,celltype.l3,2303,2.38389
PBMC,100000,0.02422,Geneformer,celltype.l3,2701,2.3646
PBMC,100000,0.02422,PCA,celltype.l3,42,1.67236
PBMC,100000,0.02422,PCA,celltype.l3,2303,1.61856
PBMC,100000,0.02422,PCA,celltype.l3,2701,1.5961
PBMC,100000,0.02422,RandomProjection,celltype.l3,42,0.77515
PBMC,100000,0.02422,RandomProjection,celltype.l3,2303,0.7979
PBMC,100000,0.02422,RandomProjection,celltype.l3,2701,0.77515
PBMC,100000,0.02422,SCVI,celltype.l3,42,2.40348
PBMC,100000,0.02422,SCVI,celltype.l3,2303,2.42326
PBMC,100000,0.02422,SCVI,celltype.l3,2701,2.45516
PBMC,100000,0.050973,Geneformer,celltype.l3,42,2.59041
PBMC,100000,0.050973,Geneformer,celltype.l3,2303,2.48732
PBMC,100000,0.050973,Geneformer,celltype.l3,2701,2.47193
PBMC,100000,0.050973,PCA,celltype.l3,42,2.06157
PBMC,100000,0.050973,PCA,celltype.l3,2303,2.02088
PBMC,100000,0.050973,PCA,celltype.l3,2701,2.01943
PBMC,100000,0.050973,RandomProjection,celltype.l3,42,1.18647
PBMC,100000,0.050973,RandomProjection,celltype.l3,2303,1.1766
PBMC,100000,0.050973,RandomProjection,celltype.l3,2701,1.18647
PBMC,100000,0.050973,SCVI,celltype.l3,42,2.67344
PBMC,100000,0.050973,SCVI,celltype.l3,2303,2.83727
PBMC,100000,0.050973,SCVI,celltype.l3,2701,2.80421
PBMC,100000,0.1072766,Geneformer,celltype.l3,42,2.83209
PBMC,100000,0.1072766,Geneformer,celltype.l3,2303,2.83027
PBMC,100000,0.1072766,Geneformer,celltype.l3,2701,2.87588
PBMC,100000,0.1072766,PCA,celltype.l3,42,2.32335
PBMC,100000,0.1072766,PCA,celltype.l3,2303,2.34642
PBMC,100000,0.1072766,PCA,celltype.l3,2701,2.3679
PBMC,100000,0.1072766,RandomProjection,celltype.l3,42,1.54612
PBMC,100000,0.1072766,RandomProjection,celltype.l3,2303,1.55153
PBMC,100000,0.1072766,RandomProjection,celltype.l3,2701,1.54612
PBMC,100000,0.1072766,SCVI,celltype.l3,42,3.00837
PBMC,100000,0.1072766,SCVI,celltype.l3,2303,3.03028
PBMC,100000,0.1072766,SCVI,celltype.l3,2701,3.07179
PBMC,100000,0.225772,Geneformer,celltype.l3,42,2.86397
PBMC,100000,0.225772,Geneformer,celltype.l3,2303,2.89175
PBMC,100000,0.225772,Geneformer,celltype.l3,2701,2.91715
PBMC,100000,0.225772,PCA,celltype.l3,42,2.64734
PBMC,100000,0.225772,PCA,celltype.l3,2303,2.69424
PBMC,100000,0.225772,PCA,celltype.l3,2701,2.66675
PBMC,100000,0.225772,RandomProjection,celltype.l3,42,1.86693
PBMC,100000,0.225772,RandomProjection,celltype.l3,2303,1.8254
PBMC,100000,0.225772,RandomProjection,celltype.l3,2701,1.86693
PBMC,100000,0.225772,SCVI,celltype.l3,42,3.19305
PBMC,100000,0.225772,SCVI,celltype.l3,2303,3.31072
PBMC,100000,0.225772,SCVI,celltype.l3,2701,3.12096
PBMC,100000,0.4751547,Geneformer,celltype.l3,42,2.97788
PBMC,100000,0.4751547,Geneformer,celltype.l3,2303,3.05357
PBMC,100000,0.4751547,Geneformer,celltype.l3,2701,2.98719
PBMC,100000,0.4751547,PCA,celltype.l3,42,2.97502
PBMC,100000,0.4751547,PCA,celltype.l3,2303,2.9841
PBMC,100000,0.4751547,PCA,celltype.l3,2701,2.97632
PBMC,100000,0.4751547,RandomProjection,celltype.l3,42,2.17521
PBMC,100000,0.4751547,RandomProjection,celltype.l3,2303,2.13161
PBMC,100000,0.4751547,RandomProjection,celltype.l3,2701,2.17521
PBMC,100000,0.4751547,SCVI,celltype.l3,42,3.46683
PBMC,100000,0.4751547,SCVI,celltype.l3,2303,3.49905
PBMC,100000,0.4751547,SCVI,celltype.l3,2701,3.50245
PBMC,100000,1.0,Geneformer,celltype.l3,42,3.12495
PBMC,100000,1.0,Geneformer,celltype.l3,2303,3.16282
PBMC,100000,1.0,Geneformer,celltype.l3,2701,3.15879
PBMC,100000,1.0,PCA,celltype.l3,42,3.16931
PBMC,100000,1.0,PCA,celltype.l3,2303,3.20461
PBMC,100000,1.0,PCA,celltype.l3,2701,3.18669
PBMC,100000,1.0,RandomProjection,celltype.l3,42,2.4237
PBMC,100000,1.0,RandomProjection,celltype.l3,2303,2.38083
PBMC,100000,1.0,RandomProjection,celltype.l3,2701,2.4237
PBMC,100000,1.0,SCVI,celltype.l3,42,3.59514
PBMC,100000,1.0,SCVI,celltype.l3,2303,3.63002
PBMC,100000,1.0,SCVI,celltype.l3,2701,3.57449
merfish,100,0.027248,PCA,cur_idx,1404,0.10975
merfish,100,0.027248,PCA,cur_idx,2303,0.1236
merfish,100,0.027248,PCA,cur_idx,2701,0.11437
merfish,100,0.027248,RandomProjection,cur_idx,1404,0.01876
merfish,100,0.027248,RandomProjection,cur_idx,2303,0.07923
merfish,100,0.027248,RandomProjection,cur_idx,2701,0.01876
merfish,100,0.027248,SCVI,cur_idx,1404,0.07156
merfish,100,0.027248,SCVI,cur_idx,2303,0.08286
merfish,100,0.027248,SCVI,cur_idx,2701,0.09888
merfish,100,0.0406617,PCA,cur_idx,1404,0.16836
merfish,100,0.0406617,PCA,cur_idx,2303,0.17139
merfish,100,0.0406617,PCA,cur_idx,2701,0.19175
merfish,100,0.0406617,RandomProjection,cur_idx,1404,0.11915
merfish,100,0.0406617,RandomProjection,cur_idx,2303,0.0492
merfish,100,0.0406617,RandomProjection,cur_idx,2701,0.11915
merfish,100,0.0406617,SCVI,cur_idx,1404,0.14234
merfish,100,0.0406617,SCVI,cur_idx,2303,0.13891
merfish,100,0.0406617,SCVI,cur_idx,2701,0.17149
merfish,100,0.0606789,PCA,cur_idx,1404,0.20397
merfish,100,0.0606789,PCA,cur_idx,2303,0.25977
merfish,100,0.0606789,PCA,cur_idx,2701,0.22551
merfish,100,0.0606789,RandomProjection,cur_idx,1404,0.05674
merfish,100,0.0606789,RandomProjection,cur_idx,2303,0.08621
merfish,100,0.0606789,RandomProjection,cur_idx,2701,0.05674
merfish,100,0.0606789,SCVI,cur_idx,1404,0.17272
merfish,100,0.0606789,SCVI,cur_idx,2303,0.14107
merfish,100,0.0606789,SCVI,cur_idx,2701,0.12806
merfish,100,0.0905502,PCA,cur_idx,1404,0.32233
merfish,100,0.0905502,PCA,cur_idx,2303,0.33468
merfish,100,0.0905502,PCA,cur_idx,2701,0.34678
merfish,100,0.0905502,RandomProjection,cur_idx,1404,0.11524
merfish,100,0.0905502,RandomProjection,cur_idx,2303,0.10737
merfish,100,0.0905502,RandomProjection,cur_idx,2701,0.11524
merfish,100,0.0905502,SCVI,cur_idx,1404,0.27847
merfish,100,0.0905502,SCVI,cur_idx,2303,0.25738
merfish,100,0.0905502,SCVI,cur_idx,2701,0.24305
merfish,100,0.1351267,PCA,cur_idx,1404,0.43814
merfish,100,0.1351267,PCA,cur_idx,2303,0.48024
merfish,100,0.1351267,PCA,cur_idx,2701,0.43777
merfish,100,0.1351267,RandomProjection,cur_idx,1404,0.22615
merfish,100,0.1351267,RandomProjection,cur_idx,2303,0.21509
merfish,100,0.1351267,RandomProjection,cur_idx,2701,0.22615
merfish,100,0.1351267,SCVI,cur_idx,1404,0.315
merfish,100,0.1351267,SCVI,cur_idx,2303,0.33542
merfish,100,0.1351267,SCVI,cur_idx,2701,0.30764
merfish,100,0.2016475,PCA,cur_idx,1404,0.58576
merfish,100,0.2016475,PCA,cur_idx,2303,0.61264
merfish,100,0.2016475,PCA,cur_idx,2701,0.63974
merfish,100,0.2016475,RandomProjection,cur_idx,1404,0.27797
merfish,100,0.2016475,RandomProjection,cur_idx,2303,0.27346
merfish,100,0.2016475,RandomProjection,cur_idx,2701,0.27797
merfish,100,0.2016475,SCVI,cur_idx,1404,0.38987
merfish,100,0.2016475,SCVI,cur_idx,2303,0.38021
merfish,100,0.2016475,SCVI,cur_idx,2701,0.42405
merfish,100,0.3009156,PCA,cur_idx,1404,0.80898
merfish,100,0.3009156,PCA,cur_idx,2303,0.80333
merfish,100,0.3009156,PCA,cur_idx,2701,0.79418
merfish,100,0.3009156,RandomProjection,cur_idx,1404,0.32558
merfish,100,0.3009156,RandomProjection,cur_idx,2303,0.32114
merfish,100,0.3009156,RandomProjection,cur_idx,2701,0.32558
merfish,100,0.3009156,SCVI,cur_idx,1404,0.5182
merfish,100,0.3009156,SCVI,cur_idx,2303,0.42154
merfish,100,0.3009156,SCVI,cur_idx,2701,0.42104
merfish,100,0.4490518,PCA,cur_idx,1404,0.9642
merfish,100,0.4490518,PCA,cur_idx,2303,0.98743
merfish,100,0.4490518,PCA,cur_idx,2701,1.00453
merfish,100,0.4490518,RandomProjection,cur_idx,1404,0.35989
merfish,100,0.4490518,RandomProjection,cur_idx,2303,0.35945
merfish,100,0.4490518,RandomProjection,cur_idx,2701,0.35989
merfish,100,0.4490518,SCVI,cur_idx,1404,0.58264
merfish,100,0.4490518,SCVI,cur_idx,2303,0.51226
merfish,100,0.4490518,SCVI,cur_idx,2701,0.47804
merfish,100,0.6701133,PCA,cur_idx,1404,1.1855
merfish,100,0.6701133,PCA,cur_idx,2303,1.19461
merfish,100,0.6701133,PCA,cur_idx,2701,1.21422
merfish,100,0.6701133,RandomProjection,cur_idx,1404,0.41504
merfish,100,0.6701133,RandomProjection,cur_idx,2303,0.43163
merfish,100,0.6701133,RandomProjection,cur_idx,2701,0.41504
merfish,100,0.6701133,SCVI,cur_idx,1404,0.59992
merfish,100,0.6701133,SCVI,cur_idx,2303,0.59949
merfish,100,0.6701133,SCVI,cur_idx,2701,0.57814
merfish,100,1.0,PCA,cur_idx,1404,1.28907
merfish,100,1.0,PCA,cur_idx,2303,1.30164
merfish,100,1.0,PCA,cur_idx,2701,1.33934
merfish,100,1.0,RandomProjection,cur_idx,1404,0.4925
merfish,100,1.0,RandomProjection,cur_idx,2303,0.47454
merfish,100,1.0,RandomProjection,cur_idx,2701,0.4925
merfish,100,1.0,SCVI,cur_idx,1404,0.73657
merfish,100,1.0,SCVI,cur_idx,2303,0.67455
merfish,100,1.0,SCVI,cur_idx,2701,0.64129
merfish,203,0.027248,PCA,cur_idx,1404,0.12976
merfish,203,0.027248,PCA,cur_idx,2303,0.14258
merfish,203,0.027248,PCA,cur_idx,2701,0.1762
merfish,203,0.027248,RandomProjection,cur_idx,1404,0.01876
merfish,203,0.027248,RandomProjection,cur_idx,2303,0.07923
merfish,203,0.027248,RandomProjection,cur_idx,2701,0.01876
merfish,203,0.027248,SCVI,cur_idx,1404,0.10453
merfish,203,0.027248,SCVI,cur_idx,2303,0.05334
merfish,203,0.027248,SCVI,cur_idx,2701,0.0551
merfish,203,0.0406617,PCA,cur_idx,1404,0.18971
merfish,203,0.0406617,PCA,cur_idx,2303,0.13168
merfish,203,0.0406617,PCA,cur_idx,2701,0.23089
merfish,203,0.0406617,RandomProjection,cur_idx,1404,0.11915
merfish,203,0.0406617,RandomProjection,cur_idx,2303,0.0492
merfish,203,0.0406617,RandomProjection,cur_idx,2701,0.11915
merfish,203,0.0406617,SCVI,cur_idx,1404,0.08815
merfish,203,0.0406617,SCVI,cur_idx,2303,0.17754
merfish,203,0.0406617,SCVI,cur_idx,2701,0.15479
merfish,203,0.0606789,PCA,cur_idx,1404,0.21298
merfish,203,0.0606789,PCA,cur_idx,2303,0.21864
merfish,203,0.0606789,PCA,cur_idx,2701,0.19416
merfish,203,0.0606789,RandomProjection,cur_idx,1404,0.05674
merfish,203,0.0606789,RandomProjection,cur_idx,2303,0.08621
merfish,203,0.0606789,RandomProjection,cur_idx,2701,0.05674
merfish,203,0.0606789,SCVI,cur_idx,1404,0.18249
merfish,203,0.0606789,SCVI,cur_idx,2303,0.15451
merfish,203,0.0606789,SCVI,cur_idx,2701,0.17563
merfish,203,0.0905502,PCA,cur_idx,1404,0.30506
merfish,203,0.0905502,PCA,cur_idx,2303,0.34976
merfish,203,0.0905502,PCA,cur_idx,2701,0.30698
merfish,203,0.0905502,RandomProjection,cur_idx,1404,0.11524
merfish,203,0.0905502,RandomProjection,cur_idx,2303,0.10737
merfish,203,0.0905502,RandomProjection,cur_idx,2701,0.11524
merfish,203,0.0905502,SCVI,cur_idx,1404,0.25437
merfish,203,0.0905502,SCVI,cur_idx,2303,0.30872
merfish,203,0.0905502,SCVI,cur_idx,2701,0.28977
merfish,203,0.1351267,PCA,cur_idx,1404,0.41553
merfish,203,0.1351267,PCA,cur_idx,2303,0.44697
merfish,203,0.1351267,PCA,cur_idx,2701,0.50445
merfish,203,0.1351267,RandomProjection,cur_idx,1404,0.22615
merfish,203,0.1351267,RandomProjection,cur_idx,2303,0.21509
merfish,203,0.1351267,RandomProjection,cur_idx,2701,0.22615
merfish,203,0.1351267,SCVI,cur_idx,1404,0.33248
merfish,203,0.1351267,SCVI,cur_idx,2303,0.34366
merfish,203,0.1351267,SCVI,cur_idx,2701,0.3772
merfish,203,0.2016475,PCA,cur_idx,1404,0.58962
merfish,203,0.2016475,PCA,cur_idx,2303,0.54364
merfish,203,0.2016475,PCA,cur_idx,2701,0.57158
merfish,203,0.2016475,RandomProjection,cur_idx,1404,0.27797
merfish,203,0.2016475,RandomProjection,cur_idx,2303,0.27346
merfish,203,0.2016475,RandomProjection,cur_idx,2701,0.27797
merfish,203,0.2016475,SCVI,cur_idx,1404,0.51669
merfish,203,0.2016475,SCVI,cur_idx,2303,0.47731
merfish,203,0.2016475,SCVI,cur_idx,2701,0.51617
merfish,203,0.3009156,PCA,cur_idx,1404,0.68981
merfish,203,0.3009156,PCA,cur_idx,2303,0.78403
merfish,203,0.3009156,PCA,cur_idx,2701,0.76619
merfish,203,0.3009156,RandomProjection,cur_idx,1404,0.32558
merfish,203,0.3009156,RandomProjection,cur_idx,2303,0.32114
merfish,203,0.3009156,RandomProjection,cur_idx,2701,0.32558
merfish,203,0.3009156,SCVI,cur_idx,1404,0.54928
merfish,203,0.3009156,SCVI,cur_idx,2303,0.48019
merfish,203,0.3009156,SCVI,cur_idx,2701,0.4571
merfish,203,0.4490518,PCA,cur_idx,1404,0.95772
merfish,203,0.4490518,PCA,cur_idx,2303,0.98523
merfish,203,0.4490518,PCA,cur_idx,2701,1.00179
merfish,203,0.4490518,RandomProjection,cur_idx,1404,0.35989
merfish,203,0.4490518,RandomProjection,cur_idx,2303,0.35945
merfish,203,0.4490518,RandomProjection,cur_idx,2701,0.35989
merfish,203,0.4490518,SCVI,cur_idx,1404,0.73218
merfish,203,0.4490518,SCVI,cur_idx,2303,0.69118
merfish,203,0.4490518,SCVI,cur_idx,2701,0.65617
merfish,203,0.6701133,PCA,cur_idx,1404,1.29296
merfish,203,0.6701133,PCA,cur_idx,2303,1.16655
merfish,203,0.6701133,PCA,cur_idx,2701,1.2881
merfish,203,0.6701133,RandomProjection,cur_idx,1404,0.41504
merfish,203,0.6701133,RandomProjection,cur_idx,2303,0.43163
merfish,203,0.6701133,RandomProjection,cur_idx,2701,0.41504
merfish,203,0.6701133,SCVI,cur_idx,1404,0.85074
merfish,203,0.6701133,SCVI,cur_idx,2303,0.77363
merfish,203,0.6701133,SCVI,cur_idx,2701,0.83103
merfish,203,1.0,PCA,cur_idx,1404,1.34426
merfish,203,1.0,PCA,cur_idx,2303,1.32784
merfish,203,1.0,PCA,cur_idx,2701,1.37138
merfish,203,1.0,RandomProjection,cur_idx,1404,0.4925
merfish,203,1.0,RandomProjection,cur_idx,2303,0.47454
merfish,203,1.0,RandomProjection,cur_idx,2701,0.4925
merfish,203,1.0,SCVI,cur_idx,1404,0.95495
merfish,203,1.0,SCVI,cur_idx,2303,0.84026
merfish,203,1.0,SCVI,cur_idx,2701,0.77406
merfish,414,0.027248,PCA,cur_idx,1404,0.11301
merfish,414,0.027248,PCA,cur_idx,2303,0.10949
merfish,414,0.027248,PCA,cur_idx,2701,0.12616
merfish,414,0.027248,RandomProjection,cur_idx,1404,0.01876
merfish,414,0.027248,RandomProjection,cur_idx,2303,0.07923
merfish,414,0.027248,RandomProjection,cur_idx,2701,0.01876
merfish,414,0.027248,SCVI,cur_idx,1404,0.10853
merfish,414,0.027248,SCVI,cur_idx,2303,0.10018
merfish,414,0.027248,SCVI,cur_idx,2701,0.08727
merfish,414,0.0406617,PCA,cur_idx,1404,0.23102
merfish,414,0.0406617,PCA,cur_idx,2303,0.1655
merfish,414,0.0406617,PCA,cur_idx,2701,0.22151
merfish,414,0.0406617,RandomProjection,cur_idx,1404,0.11915
merfish,414,0.0406617,RandomProjection,cur_idx,2303,0.0492
merfish,414,0.0406617,RandomProjection,cur_idx,2701,0.11915
merfish,414,0.0406617,SCVI,cur_idx,1404,0.11784
merfish,414,0.0406617,SCVI,cur_idx,2303,0.15189
merfish,414,0.0406617,SCVI,cur_idx,2701,0.22246
merfish,414,0.0606789,PCA,cur_idx,1404,0.2353
merfish,414,0.0606789,PCA,cur_idx,2303,0.25883
merfish,414,0.0606789,PCA,cur_idx,2701,0.18503
merfish,414,0.0606789,RandomProjection,cur_idx,1404,0.05674
merfish,414,0.0606789,RandomProjection,cur_idx,2303,0.08621
merfish,414,0.0606789,RandomProjection,cur_idx,2701,0.05674
merfish,414,0.0606789,SCVI,cur_idx,1404,0.14365
merfish,414,0.0606789,SCVI,cur_idx,2303,0.22236
merfish,414,0.0606789,SCVI,cur_idx,2701,0.2289
merfish,414,0.0905502,PCA,cur_idx,1404,0.36345
merfish,414,0.0905502,PCA,cur_idx,2303,0.38486
merfish,414,0.0905502,PCA,cur_idx,2701,0.37999
merfish,414,0.0905502,RandomProjection,cur_idx,1404,0.11524
merfish,414,0.0905502,RandomProjection,cur_idx,2303,0.10737
merfish,414,0.0905502,RandomProjection,cur_idx,2701,0.11524
merfish,414,0.0905502,SCVI,cur_idx,1404,0.31762
merfish,414,0.0905502,SCVI,cur_idx,2303,0.29948
merfish,414,0.0905502,SCVI,cur_idx,2701,0.27384
merfish,414,0.1351267,PCA,cur_idx,1404,0.49883
merfish,414,0.1351267,PCA,cur_idx,2303,0.45209
merfish,414,0.1351267,PCA,cur_idx,2701,0.47658
merfish,414,0.1351267,RandomProjection,cur_idx,1404,0.22615
merfish,414,0.1351267,RandomProjection,cur_idx,2303,0.21509
merfish,414,0.1351267,RandomProjection,cur_idx,2701,0.22615
merfish,414,0.1351267,SCVI,cur_idx,1404,0.37076
merfish,414,0.1351267,SCVI,cur_idx,2303,0.35935
merfish,414,0.1351267,SCVI,cur_idx,2701,0.39906
merfish,414,0.2016475,PCA,cur_idx,1404,0.71226
merfish,414,0.2016475,PCA,cur_idx,2303,0.72627
merfish,414,0.2016475,PCA,cur_idx,2701,0.68686
merfish,414,0.2016475,RandomProjection,cur_idx,1404,0.27797
merfish,414,0.2016475,RandomProjection,cur_idx,2303,0.27346
merfish,414,0.2016475,RandomProjection,cur_idx,2701,0.27797
merfish,414,0.2016475,SCVI,cur_idx,1404,0.42784
merfish,414,0.2016475,SCVI,cur_idx,2303,0.54924
merfish,414,0.2016475,SCVI,cur_idx,2701,0.51615
merfish,414,0.3009156,PCA,cur_idx,1404,0.9723
merfish,414,0.3009156,PCA,cur_idx,2303,0.97729
merfish,414,0.3009156,PCA,cur_idx,2701,0.99348
merfish,414,0.3009156,RandomProjection,cur_idx,1404,0.32558
merfish,414,0.3009156,RandomProjection,cur_idx,2303,0.32114
merfish,414,0.3009156,RandomProjection,cur_idx,2701,0.32558
merfish,414,0.3009156,SCVI,cur_idx,1404,0.618
merfish,414,0.3009156,SCVI,cur_idx,2303,0.56247
merfish,414,0.3009156,SCVI,cur_idx,2701,0.54036
merfish,414,0.4490518,PCA,cur_idx,1404,1.19378
merfish,414,0.4490518,PCA,cur_idx,2303,1.18699
merfish,414,0.4490518,PCA,cur_idx,2701,1.26932
merfish,414,0.4490518,RandomProjection,cur_idx,1404,0.35989
merfish,414,0.4490518,RandomProjection,cur_idx,2303,0.35945
merfish,414,0.4490518,RandomProjection,cur_idx,2701,0.35989
merfish,414,0.4490518,SCVI,cur_idx,1404,0.69911
merfish,414,0.4490518,SCVI,cur_idx,2303,0.67396
merfish,414,0.4490518,SCVI,cur_idx,2701,0.72769
merfish,414,0.6701133,PCA,cur_idx,1404,1.39525
merfish,414,0.6701133,PCA,cur_idx,2303,1.36358
merfish,414,0.6701133,PCA,cur_idx,2701,1.4432
merfish,414,0.6701133,RandomProjection,cur_idx,1404,0.41504
merfish,414,0.6701133,RandomProjection,cur_idx,2303,0.43163
merfish,414,0.6701133,RandomProjection,cur_idx,2701,0.41504
merfish,414,0.6701133,SCVI,cur_idx,1404,0.75493
merfish,414,0.6701133,SCVI,cur_idx,2303,0.70424
merfish,414,0.6701133,SCVI,cur_idx,2701,0.74452
merfish,414,1.0,PCA,cur_idx,1404,1.55811
merfish,414,1.0,PCA,cur_idx,2303,1.59216
merfish,414,1.0,PCA,cur_idx,2701,1.66153
merfish,414,1.0,RandomProjection,cur_idx,1404,0.4925
merfish,414,1.0,RandomProjection,cur_idx,2303,0.47454
merfish,414,1.0,RandomProjection,cur_idx,2701,0.4925
merfish,414,1.0,SCVI,cur_idx,1404,0.96499
merfish,414,1.0,SCVI,cur_idx,2303,1.05905
merfish,414,1.0,SCVI,cur_idx,2701,1.05577
merfish,843,0.027248,PCA,cur_idx,1404,0.14552
merfish,843,0.027248,PCA,cur_idx,2303,0.14524
merfish,843,0.027248,PCA,cur_idx,2701,0.14191
merfish,843,0.027248,RandomProjection,cur_idx,1404,0.01876
merfish,843,0.027248,RandomProjection,cur_idx,2303,0.07923
merfish,843,0.027248,RandomProjection,cur_idx,2701,0.01876
merfish,843,0.027248,SCVI,cur_idx,1404,0.09105
merfish,843,0.027248,SCVI,cur_idx,2303,0.10775
merfish,843,0.027248,SCVI,cur_idx,2701,0.10521
merfish,843,0.0406617,PCA,cur_idx,1404,0.20513
merfish,843,0.0406617,PCA,cur_idx,2303,0.1897
merfish,843,0.0406617,PCA,cur_idx,2701,0.24393
merfish,843,0.0406617,RandomProjection,cur_idx,1404,0.11915
merfish,843,0.0406617,RandomProjection,cur_idx,2303,0.0492
merfish,843,0.0406617,RandomProjection,cur_idx,2701,0.11915
merfish,843,0.0406617,SCVI,cur_idx,1404,0.18104
merfish,843,0.0406617,SCVI,cur_idx,2303,0.18348
merfish,843,0.0406617,SCVI,cur_idx,2701,0.20074
merfish,843,0.0606789,PCA,cur_idx,1404,0.26091
merfish,843,0.0606789,PCA,cur_idx,2303,0.25831
merfish,843,0.0606789,PCA,cur_idx,2701,0.28775
merfish,843,0.0606789,RandomProjection,cur_idx,1404,0.05674
merfish,843,0.0606789,RandomProjection,cur_idx,2303,0.08621
merfish,843,0.0606789,RandomProjection,cur_idx,2701,0.05674
merfish,843,0.0606789,SCVI,cur_idx,1404,0.20563
merfish,843,0.0606789,SCVI,cur_idx,2303,0.23395
merfish,843,0.0606789,SCVI,cur_idx,2701,0.19371
merfish,843,0.0905502,PCA,cur_idx,1404,0.37271
merfish,843,0.0905502,PCA,cur_idx,2303,0.37376
merfish,843,0.0905502,PCA,cur_idx,2701,0.3621
merfish,843,0.0905502,RandomProjection,cur_idx,1404,0.11524
merfish,843,0.0905502,RandomProjection,cur_idx,2303,0.10737
merfish,843,0.0905502,RandomProjection,cur_idx,2701,0.11524
merfish,843,0.0905502,SCVI,cur_idx,1404,0.27747
merfish,843,0.0905502,SCVI,cur_idx,2303,0.29606
merfish,843,0.0905502,SCVI,cur_idx,2701,0.33583
merfish,843,0.1351267,PCA,cur_idx,1404,0.60049
merfish,843,0.1351267,PCA,cur_idx,2303,0.56041
merfish,843,0.1351267,PCA,cur_idx,2701,0.56935
merfish,843,0.1351267,RandomProjection,cur_idx,1404,0.22615
merfish,843,0.1351267,RandomProjection,cur_idx,2303,0.21509
merfish,843,0.1351267,RandomProjection,cur_idx,2701,0.22615
merfish,843,0.1351267,SCVI,cur_idx,1404,0.42186
merfish,843,0.1351267,SCVI,cur_idx,2303,0.45282
merfish,843,0.1351267,SCVI,cur_idx,2701,0.53814
merfish,843,0.2016475,PCA,cur_idx,1404,0.77696
merfish,843,0.2016475,PCA,cur_idx,2303,0.68921
merfish,843,0.2016475,PCA,cur_idx,2701,0.74227
merfish,843,0.2016475,RandomProjection,cur_idx,1404,0.27797
merfish,843,0.2016475,RandomProjection,cur_idx,2303,0.27346
merfish,843,0.2016475,RandomProjection,cur_idx,2701,0.27797
merfish,843,0.2016475,SCVI,cur_idx,1404,0.53835
merfish,843,0.2016475,SCVI,cur_idx,2303,0.48435
merfish,843,0.2016475,SCVI,cur_idx,2701,0.50845
merfish,843,0.3009156,PCA,cur_idx,1404,0.94412
merfish,843,0.3009156,PCA,cur_idx,2303,0.9022
merfish,843,0.3009156,PCA,cur_idx,2701,0.99033
merfish,843,0.3009156,RandomProjection,cur_idx,1404,0.32558
merfish,843,0.3009156,RandomProjection,cur_idx,2303,0.32114
merfish,843,0.3009156,RandomProjection,cur_idx,2701,0.32558
merfish,843,0.3009156,SCVI,cur_idx,1404,0.76774
merfish,843,0.3009156,SCVI,cur_idx,2303,0.56978
merfish,843,0.3009156,SCVI,cur_idx,2701,0.59303
merfish,843,0.4490518,PCA,cur_idx,1404,1.17307
merfish,843,0.4490518,PCA,cur_idx,2303,1.2305
merfish,843,0.4490518,PCA,cur_idx,2701,1.29946
merfish,843,0.4490518,RandomProjection,cur_idx,1404,0.35989
merfish,843,0.4490518,RandomProjection,cur_idx,2303,0.35945
merfish,843,0.4490518,RandomProjection,cur_idx,2701,0.35989
merfish,843,0.4490518,SCVI,cur_idx,1404,0.68383
merfish,843,0.4490518,SCVI,cur_idx,2303,0.80957
merfish,843,0.4490518,SCVI,cur_idx,2701,0.84642
merfish,843,0.6701133,PCA,cur_idx,1404,1.44532
merfish,843,0.6701133,PCA,cur_idx,2303,1.33229
merfish,843,0.6701133,PCA,cur_idx,2701,1.46726
merfish,843,0.6701133,RandomProjection,cur_idx,1404,0.41504
merfish,843,0.6701133,RandomProjection,cur_idx,2303,0.43163
merfish,843,0.6701133,RandomProjection,cur_idx,2701,0.41504
merfish,843,0.6701133,SCVI,cur_idx,1404,0.94692
merfish,843,0.6701133,SCVI,cur_idx,2303,0.80672
merfish,843,0.6701133,SCVI,cur_idx,2701,0.91484
merfish,843,1.0,PCA,cur_idx,1404,1.5204
merfish,843,1.0,PCA,cur_idx,2303,1.54626
merfish,843,1.0,PCA,cur_idx,2701,1.6378
merfish,843,1.0,RandomProjection,cur_idx,1404,0.4925
merfish,843,1.0,RandomProjection,cur_idx,2303,0.47454
merfish,843,1.0,RandomProjection,cur_idx,2701,0.4925
merfish,843,1.0,SCVI,cur_idx,1404,1.28826
merfish,843,1.0,SCVI,cur_idx,2303,1.18935
merfish,843,1.0,SCVI,cur_idx,2701,1.07358
merfish,1716,0.027248,PCA,cur_idx,1404,0.11289
merfish,1716,0.027248,PCA,cur_idx,2303,0.12824
merfish,1716,0.027248,PCA,cur_idx,2701,0.06871
merfish,1716,0.027248,RandomProjection,cur_idx,1404,0.01876
merfish,1716,0.027248,RandomProjection,cur_idx,2303,0.07923
merfish,1716,0.027248,RandomProjection,cur_idx,2701,0.01876
merfish,1716,0.027248,SCVI,cur_idx,1404,0.10663
merfish,1716,0.027248,SCVI,cur_idx,2303,0.12484
merfish,1716,0.027248,SCVI,cur_idx,2701,0.16953
merfish,1716,0.0406617,PCA,cur_idx,1404,0.19856
merfish,1716,0.0406617,PCA,cur_idx,2303,0.19249
merfish,1716,0.0406617,PCA,cur_idx,2701,0.20419
merfish,1716,0.0406617,RandomProjection,cur_idx,1404,0.11915
merfish,1716,0.0406617,RandomProjection,cur_idx,2303,0.0492
merfish,1716,0.0406617,RandomProjection,cur_idx,2701,0.11915
merfish,1716,0.0406617,SCVI,cur_idx,1404,0.2099
merfish,1716,0.0406617,SCVI,cur_idx,2303,0.16581
merfish,1716,0.0406617,SCVI,cur_idx,2701,0.23133
merfish,1716,0.0606789,PCA,cur_idx,1404,0.28662
merfish,1716,0.0606789,PCA,cur_idx,2303,0.27067
merfish,1716,0.0606789,PCA,cur_idx,2701,0.26256
merfish,1716,0.0606789,RandomProjection,cur_idx,1404,0.05674
merfish,1716,0.0606789,RandomProjection,cur_idx,2303,0.08621
merfish,1716,0.0606789,RandomProjection,cur_idx,2701,0.05674
merfish,1716,0.0606789,SCVI,cur_idx,1404,0.23251
merfish,1716,0.0606789,SCVI,cur_idx,2303,0.22448
merfish,1716,0.0606789,SCVI,cur_idx,2701,0.21364
merfish,1716,0.0905502,PCA,cur_idx,1404,0.32296
merfish,1716,0.0905502,PCA,cur_idx,2303,0.39316
merfish,1716,0.0905502,PCA,cur_idx,2701,0.34925
merfish,1716,0.0905502,RandomProjection,cur_idx,1404,0.11524
merfish,1716,0.0905502,RandomProjection,cur_idx,2303,0.10737
merfish,1716,0.0905502,RandomProjection,cur_idx,2701,0.11524
merfish,1716,0.0905502,SCVI,cur_idx,1404,0.36015
merfish,1716,0.0905502,SCVI,cur_idx,2303,0.34458
merfish,1716,0.0905502,SCVI,cur_idx,2701,0.36664
merfish,1716,0.1351267,PCA,cur_idx,1404,0.5259
merfish,1716,0.1351267,PCA,cur_idx,2303,0.5444
merfish,1716,0.1351267,PCA,cur_idx,2701,0.60072
merfish,1716,0.1351267,RandomProjection,cur_idx,1404,0.22615
merfish,1716,0.1351267,RandomProjection,cur_idx,2303,0.21509
merfish,1716,0.1351267,RandomProjection,cur_idx,2701,0.22615
merfish,1716,0.1351267,SCVI,cur_idx,1404,0.46564
merfish,1716,0.1351267,SCVI,cur_idx,2303,0.48987
merfish,1716,0.1351267,SCVI,cur_idx,2701,0.51239
merfish,1716,0.2016475,PCA,cur_idx,1404,0.75581
merfish,1716,0.2016475,PCA,cur_idx,2303,0.7583
merfish,1716,0.2016475,PCA,cur_idx,2701,0.71957
merfish,1716,0.2016475,RandomProjection,cur_idx,1404,0.27797
merfish,1716,0.2016475,RandomProjection,cur_idx,2303,0.27346
merfish,1716,0.2016475,RandomProjection,cur_idx,2701,0.27797
merfish,1716,0.2016475,SCVI,cur_idx,1404,0.55718
merfish,1716,0.2016475,SCVI,cur_idx,2303,0.55918
merfish,1716,0.2016475,SCVI,cur_idx,2701,0.63374
merfish,1716,0.3009156,PCA,cur_idx,1404,1.04217
merfish,1716,0.3009156,PCA,cur_idx,2303,1.06165
merfish,1716,0.3009156,PCA,cur_idx,2701,1.05337
merfish,1716,0.3009156,RandomProjection,cur_idx,1404,0.32558
merfish,1716,0.3009156,RandomProjection,cur_idx,2303,0.32114
merfish,1716,0.3009156,RandomProjection,cur_idx,2701,0.32558
merfish,1716,0.3009156,SCVI,cur_idx,1404,0.80076
merfish,1716,0.3009156,SCVI,cur_idx,2303,0.62608
merfish,1716,0.3009156,SCVI,cur_idx,2701,0.64836
merfish,1716,0.4490518,PCA,cur_idx,1404,1.3069
merfish,1716,0.4490518,PCA,cur_idx,2303,1.28796
merfish,1716,0.4490518,PCA,cur_idx,2701,1.32802
merfish,1716,0.4490518,RandomProjection,cur_idx,1404,0.35989
merfish,1716,0.4490518,RandomProjection,cur_idx,2303,0.35945
merfish,1716,0.4490518,RandomProjection,cur_idx,2701,0.35989
merfish,1716,0.4490518,SCVI,cur_idx,1404,0.87922
merfish,1716,0.4490518,SCVI,cur_idx,2303,1.00702
merfish,1716,0.4490518,SCVI,cur_idx,2701,1.00018
merfish,1716,0.6701133,PCA,cur_idx,1404,1.37393
merfish,1716,0.6701133,PCA,cur_idx,2303,1.3595
merfish,1716,0.6701133,PCA,cur_idx,2701,1.49498
merfish,1716,0.6701133,RandomProjection,cur_idx,1404,0.41504
merfish,1716,0.6701133,RandomProjection,cur_idx,2303,0.43163
merfish,1716,0.6701133,RandomProjection,cur_idx,2701,0.41504
merfish,1716,0.6701133,SCVI,cur_idx,1404,1.40036
merfish,1716,0.6701133,SCVI,cur_idx,2303,0.95107
merfish,1716,0.6701133,SCVI,cur_idx,2701,1.00555
merfish,1716,1.0,PCA,cur_idx,1404,1.57171
merfish,1716,1.0,PCA,cur_idx,2303,1.51238
merfish,1716,1.0,PCA,cur_idx,2701,1.53995
merfish,1716,1.0,RandomProjection,cur_idx,1404,0.4925
merfish,1716,1.0,RandomProjection,cur_idx,2303,0.47454
merfish,1716,1.0,RandomProjection,cur_idx,2701,0.4925
merfish,1716,1.0,SCVI,cur_idx,1404,1.25438
merfish,1716,1.0,SCVI,cur_idx,2303,1.3775
merfish,1716,1.0,SCVI,cur_idx,2701,1.3788
merfish,3494,0.027248,PCA,cur_idx,1404,0.12405
merfish,3494,0.027248,PCA,cur_idx,2303,0.14329
merfish,3494,0.027248,PCA,cur_idx,2701,0.1493
merfish,3494,0.027248,RandomProjection,cur_idx,1404,0.01876
merfish,3494,0.027248,RandomProjection,cur_idx,2303,0.07923
merfish,3494,0.027248,RandomProjection,cur_idx,2701,0.01876
merfish,3494,0.027248,SCVI,cur_idx,1404,0.186
merfish,3494,0.027248,SCVI,cur_idx,2303,0.18002
merfish,3494,0.027248,SCVI,cur_idx,2701,0.1631
merfish,3494,0.0406617,PCA,cur_idx,1404,0.17822
merfish,3494,0.0406617,PCA,cur_idx,2303,0.19807
merfish,3494,0.0406617,PCA,cur_idx,2701,0.1882
merfish,3494,0.0406617,RandomProjection,cur_idx,1404,0.11915
merfish,3494,0.0406617,RandomProjection,cur_idx,2303,0.0492
merfish,3494,0.0406617,RandomProjection,cur_idx,2701,0.11915
merfish,3494,0.0406617,SCVI,cur_idx,1404,0.26934
merfish,3494,0.0406617,SCVI,cur_idx,2303,0.29409
merfish,3494,0.0406617,SCVI,cur_idx,2701,0.31018
merfish,3494,0.0606789,PCA,cur_idx,1404,0.30694
merfish,3494,0.0606789,PCA,cur_idx,2303,0.32079
merfish,3494,0.0606789,PCA,cur_idx,2701,0.26282
merfish,3494,0.0606789,RandomProjection,cur_idx,1404,0.05674
merfish,3494,0.0606789,RandomProjection,cur_idx,2303,0.08621
merfish,3494,0.0606789,RandomProjection,cur_idx,2701,0.05674
merfish,3494,0.0606789,SCVI,cur_idx,1404,0.31956
merfish,3494,0.0606789,SCVI,cur_idx,2303,0.41757
merfish,3494,0.0606789,SCVI,cur_idx,2701,0.37132
merfish,3494,0.0905502,PCA,cur_idx,1404,0.39448
merfish,3494,0.0905502,PCA,cur_idx,2303,0.3975
merfish,3494,0.0905502,PCA,cur_idx,2701,0.37688
merfish,3494,0.0905502,RandomProjection,cur_idx,1404,0.11524
merfish,3494,0.0905502,RandomProjection,cur_idx,2303,0.10737
merfish,3494,0.0905502,RandomProjection,cur_idx,2701,0.11524
merfish,3494,0.0905502,SCVI,cur_idx,1404,0.40717
merfish,3494,0.0905502,SCVI,cur_idx,2303,0.42269
merfish,3494,0.0905502,SCVI,cur_idx,2701,0.40305
merfish,3494,0.1351267,PCA,cur_idx,1404,0.62315
merfish,3494,0.1351267,PCA,cur_idx,2303,0.57818
merfish,3494,0.1351267,PCA,cur_idx,2701,0.54397
merfish,3494,0.1351267,RandomProjection,cur_idx,1404,0.22615
merfish,3494,0.1351267,RandomProjection,cur_idx,2303,0.21509
merfish,3494,0.1351267,RandomProjection,cur_idx,2701,0.22615
merfish,3494,0.1351267,SCVI,cur_idx,1404,0.73276
merfish,3494,0.1351267,SCVI,cur_idx,2303,0.4273
merfish,3494,0.1351267,SCVI,cur_idx,2701,0.47839
merfish,3494,0.2016475,PCA,cur_idx,1404,0.79089
merfish,3494,0.2016475,PCA,cur_idx,2303,0.76765
merfish,3494,0.2016475,PCA,cur_idx,2701,0.73405
merfish,3494,0.2016475,RandomProjection,cur_idx,1404,0.27797
merfish,3494,0.2016475,RandomProjection,cur_idx,2303,0.27346
merfish,3494,0.2016475,RandomProjection,cur_idx,2701,0.27797
merfish,3494,0.2016475,SCVI,cur_idx,1404,0.70376
merfish,3494,0.2016475,SCVI,cur_idx,2303,1.07718
merfish,3494,0.2016475,SCVI,cur_idx,2701,1.11592
merfish,3494,0.3009156,PCA,cur_idx,1404,1.07445
merfish,3494,0.3009156,PCA,cur_idx,2303,1.02231
merfish,3494,0.3009156,PCA,cur_idx,2701,1.08131
merfish,3494,0.3009156,RandomProjection,cur_idx,1404,0.32558
merfish,3494,0.3009156,RandomProjection,cur_idx,2303,0.32114
merfish,3494,0.3009156,RandomProjection,cur_idx,2701,0.32558
merfish,3494,0.3009156,SCVI,cur_idx,1404,1.25453
merfish,3494,0.3009156,SCVI,cur_idx,2303,1.11076
merfish,3494,0.3009156,SCVI,cur_idx,2701,1.11232
merfish,3494,0.4490518,PCA,cur_idx,1404,1.31034
merfish,3494,0.4490518,PCA,cur_idx,2303,1.27105
merfish,3494,0.4490518,PCA,cur_idx,2701,1.34692
merfish,3494,0.4490518,RandomProjection,cur_idx,1404,0.35989
merfish,3494,0.4490518,RandomProjection,cur_idx,2303,0.35945
merfish,3494,0.4490518,RandomProjection,cur_idx,2701,0.35989
merfish,3494,0.4490518,SCVI,cur_idx,1404,1.47456
merfish,3494,0.4490518,SCVI,cur_idx,2303,1.36832
merfish,3494,0.4490518,SCVI,cur_idx,2701,1.4489
merfish,3494,0.6701133,PCA,cur_idx,1404,1.44689
merfish,3494,0.6701133,PCA,cur_idx,2303,1.44538
merfish,3494,0.6701133,PCA,cur_idx,2701,1.48937
merfish,3494,0.6701133,RandomProjection,cur_idx,1404,0.41504
merfish,3494,0.6701133,RandomProjection,cur_idx,2303,0.43163
merfish,3494,0.6701133,RandomProjection,cur_idx,2701,0.41504
merfish,3494,0.6701133,SCVI,cur_idx,1404,1.5945
merfish,3494,0.6701133,SCVI,cur_idx,2303,1.50755
merfish,3494,0.6701133,SCVI,cur_idx,2701,1.62692
merfish,3494,1.0,PCA,cur_idx,1404,1.58547
merfish,3494,1.0,PCA,cur_idx,2303,1.62228
merfish,3494,1.0,PCA,cur_idx,2701,1.64815
merfish,3494,1.0,RandomProjection,cur_idx,1404,0.4925
merfish,3494,1.0,RandomProjection,cur_idx,2303,0.47454
merfish,3494,1.0,RandomProjection,cur_idx,2701,0.4925
merfish,3494,1.0,SCVI,cur_idx,1404,1.77272
merfish,3494,1.0,SCVI,cur_idx,2303,1.75565
merfish,3494,1.0,SCVI,cur_idx,2701,1.71506
merfish,7113,0.027248,PCA,cur_idx,1404,0.1621
merfish,7113,0.027248,PCA,cur_idx,2303,0.11695
merfish,7113,0.027248,PCA,cur_idx,2701,0.11136
merfish,7113,0.027248,RandomProjection,cur_idx,1404,0.01876
merfish,7113,0.027248,RandomProjection,cur_idx,2303,0.07923
merfish,7113,0.027248,RandomProjection,cur_idx,2701,0.01876
merfish,7113,0.027248,SCVI,cur_idx,1404,0.18183
merfish,7113,0.027248,SCVI,cur_idx,2303,0.23632
merfish,7113,0.027248,SCVI,cur_idx,2701,0.24097
merfish,7113,0.0406617,PCA,cur_idx,1404,0.21122
merfish,7113,0.0406617,PCA,cur_idx,2303,0.23427
merfish,7113,0.0406617,PCA,cur_idx,2701,0.23615
merfish,7113,0.0406617,RandomProjection,cur_idx,1404,0.11915
merfish,7113,0.0406617,RandomProjection,cur_idx,2303,0.0492
merfish,7113,0.0406617,RandomProjection,cur_idx,2701,0.11915
merfish,7113,0.0406617,SCVI,cur_idx,1404,0.34238
merfish,7113,0.0406617,SCVI,cur_idx,2303,0.37243
merfish,7113,0.0406617,SCVI,cur_idx,2701,0.41049
merfish,7113,0.0606789,PCA,cur_idx,1404,0.24029
merfish,7113,0.0606789,PCA,cur_idx,2303,0.32287
merfish,7113,0.0606789,PCA,cur_idx,2701,0.29823
merfish,7113,0.0606789,RandomProjection,cur_idx,1404,0.05674
merfish,7113,0.0606789,RandomProjection,cur_idx,2303,0.08621
merfish,7113,0.0606789,RandomProjection,cur_idx,2701,0.05674
merfish,7113,0.0606789,SCVI,cur_idx,1404,0.48202
merfish,7113,0.0606789,SCVI,cur_idx,2303,0.46823
merfish,7113,0.0606789,SCVI,cur_idx,2701,0.38272
merfish,7113,0.0905502,PCA,cur_idx,1404,0.39487
merfish,7113,0.0905502,PCA,cur_idx,2303,0.43828
merfish,7113,0.0905502,PCA,cur_idx,2701,0.44388
merfish,7113,0.0905502,RandomProjection,cur_idx,1404,0.11524
merfish,7113,0.0905502,RandomProjection,cur_idx,2303,0.10737
merfish,7113,0.0905502,RandomProjection,cur_idx,2701,0.11524
merfish,7113,0.0905502,SCVI,cur_idx,1404,0.65002
merfish,7113,0.0905502,SCVI,cur_idx,2303,0.72046
merfish,7113,0.0905502,SCVI,cur_idx,2701,0.67951
merfish,7113,0.1351267,PCA,cur_idx,1404,0.62379
merfish,7113,0.1351267,PCA,cur_idx,2303,0.61784
merfish,7113,0.1351267,PCA,cur_idx,2701,0.60142
merfish,7113,0.1351267,RandomProjection,cur_idx,1404,0.22615
merfish,7113,0.1351267,RandomProjection,cur_idx,2303,0.21509
merfish,7113,0.1351267,RandomProjection,cur_idx,2701,0.22615
merfish,7113,0.1351267,SCVI,cur_idx,1404,0.88947
merfish,7113,0.1351267,SCVI,cur_idx,2303,0.89761
merfish,7113,0.1351267,SCVI,cur_idx,2701,0.85795
merfish,7113,0.2016475,PCA,cur_idx,1404,0.82624
merfish,7113,0.2016475,PCA,cur_idx,2303,0.77165
merfish,7113,0.2016475,PCA,cur_idx,2701,0.78452
merfish,7113,0.2016475,RandomProjection,cur_idx,1404,0.27797
merfish,7113,0.2016475,RandomProjection,cur_idx,2303,0.27346
merfish,7113,0.2016475,RandomProjection,cur_idx,2701,0.27797
merfish,7113,0.2016475,SCVI,cur_idx,1404,1.08747
merfish,7113,0.2016475,SCVI,cur_idx,2303,1.04445
merfish,7113,0.2016475,SCVI,cur_idx,2701,1.08606
merfish,7113,0.3009156,PCA,cur_idx,1404,1.08641
merfish,7113,0.3009156,PCA,cur_idx,2303,1.10109
merfish,7113,0.3009156,PCA,cur_idx,2701,1.10682
merfish,7113,0.3009156,RandomProjection,cur_idx,1404,0.32558
merfish,7113,0.3009156,RandomProjection,cur_idx,2303,0.32114
merfish,7113,0.3009156,RandomProjection,cur_idx,2701,0.32558
merfish,7113,0.3009156,SCVI,cur_idx,1404,1.27435
merfish,7113,0.3009156,SCVI,cur_idx,2303,1.23069
merfish,7113,0.3009156,SCVI,cur_idx,2701,1.24839
merfish,7113,0.4490518,PCA,cur_idx,1404,1.3669
merfish,7113,0.4490518,PCA,cur_idx,2303,1.28374
merfish,7113,0.4490518,PCA,cur_idx,2701,1.35248
merfish,7113,0.4490518,RandomProjection,cur_idx,1404,0.35989
merfish,7113,0.4490518,RandomProjection,cur_idx,2303,0.35945
merfish,7113,0.4490518,RandomProjection,cur_idx,2701,0.35989
merfish,7113,0.4490518,SCVI,cur_idx,1404,1.47864
merfish,7113,0.4490518,SCVI,cur_idx,2303,1.44948
merfish,7113,0.4490518,SCVI,cur_idx,2701,1.50643
merfish,7113,0.6701133,PCA,cur_idx,1404,1.43698
merfish,7113,0.6701133,PCA,cur_idx,2303,1.37273
merfish,7113,0.6701133,PCA,cur_idx,2701,1.51892
merfish,7113,0.6701133,RandomProjection,cur_idx,1404,0.41504
merfish,7113,0.6701133,RandomProjection,cur_idx,2303,0.43163
merfish,7113,0.6701133,RandomProjection,cur_idx,2701,0.41504
merfish,7113,0.6701133,SCVI,cur_idx,1404,1.71078
merfish,7113,0.6701133,SCVI,cur_idx,2303,1.51504
merfish,7113,0.6701133,SCVI,cur_idx,2701,1.64661
merfish,7113,1.0,PCA,cur_idx,1404,1.6048
merfish,7113,1.0,PCA,cur_idx,2303,1.61243
merfish,7113,1.0,PCA,cur_idx,2701,1.58937
merfish,7113,1.0,RandomProjection,cur_idx,1404,0.4925
merfish,7113,1.0,RandomProjection,cur_idx,2303,0.47454
merfish,7113,1.0,RandomProjection,cur_idx,2701,0.4925
merfish,7113,1.0,SCVI,cur_idx,1404,1.76928
merfish,7113,1.0,SCVI,cur_idx,2303,1.80575
merfish,7113,1.0,SCVI,cur_idx,2701,1.86497
merfish,14480,0.027248,PCA,cur_idx,1404,0.08166
merfish,14480,0.027248,PCA,cur_idx,2303,0.10818
merfish,14480,0.027248,PCA,cur_idx,2701,0.06928
merfish,14480,0.027248,RandomProjection,cur_idx,1404,0.01876
merfish,14480,0.027248,RandomProjection,cur_idx,2303,0.07923
merfish,14480,0.027248,RandomProjection,cur_idx,2701,0.01876
merfish,14480,0.027248,SCVI,cur_idx,1404,0.19223
merfish,14480,0.027248,SCVI,cur_idx,2303,0.23946
merfish,14480,0.027248,SCVI,cur_idx,2701,0.199
merfish,14480,0.0406617,PCA,cur_idx,1404,0.17937
merfish,14480,0.0406617,PCA,cur_idx,2303,0.17877
merfish,14480,0.0406617,PCA,cur_idx,2701,0.25057
merfish,14480,0.0406617,RandomProjection,cur_idx,1404,0.11915
merfish,14480,0.0406617,RandomProjection,cur_idx,2303,0.0492
merfish,14480,0.0406617,RandomProjection,cur_idx,2701,0.11915
merfish,14480,0.0406617,SCVI,cur_idx,1404,0.36074
merfish,14480,0.0406617,SCVI,cur_idx,2303,0.36756
merfish,14480,0.0406617,SCVI,cur_idx,2701,0.37018
merfish,14480,0.0606789,PCA,cur_idx,1404,0.25371
merfish,14480,0.0606789,PCA,cur_idx,2303,0.29648
merfish,14480,0.0606789,PCA,cur_idx,2701,0.22522
merfish,14480,0.0606789,RandomProjection,cur_idx,1404,0.05674
merfish,14480,0.0606789,RandomProjection,cur_idx,2303,0.08621
merfish,14480,0.0606789,RandomProjection,cur_idx,2701,0.05674
merfish,14480,0.0606789,SCVI,cur_idx,1404,0.51375
merfish,14480,0.0606789,SCVI,cur_idx,2303,0.45478
merfish,14480,0.0606789,SCVI,cur_idx,2701,0.37023
merfish,14480,0.0905502,PCA,cur_idx,1404,0.32061
merfish,14480,0.0905502,PCA,cur_idx,2303,0.41676
merfish,14480,0.0905502,PCA,cur_idx,2701,0.36181
merfish,14480,0.0905502,RandomProjection,cur_idx,1404,0.11524
merfish,14480,0.0905502,RandomProjection,cur_idx,2303,0.10737
merfish,14480,0.0905502,RandomProjection,cur_idx,2701,0.11524
merfish,14480,0.0905502,SCVI,cur_idx,1404,0.77951
merfish,14480,0.0905502,SCVI,cur_idx,2303,0.70945
merfish,14480,0.0905502,SCVI,cur_idx,2701,0.6749
merfish,14480,0.1351267,PCA,cur_idx,1404,0.57553
merfish,14480,0.1351267,PCA,cur_idx,2303,0.64266
merfish,14480,0.1351267,PCA,cur_idx,2701,0.55
merfish,14480,0.1351267,RandomProjection,cur_idx,1404,0.22615
merfish,14480,0.1351267,RandomProjection,cur_idx,2303,0.21509
merfish,14480,0.1351267,RandomProjection,cur_idx,2701,0.22615
merfish,14480,0.1351267,SCVI,cur_idx,1404,0.8589
merfish,14480,0.1351267,SCVI,cur_idx,2303,0.92736
merfish,14480,0.1351267,SCVI,cur_idx,2701,0.87697
merfish,14480,0.2016475,PCA,cur_idx,1404,0.84409
merfish,14480,0.2016475,PCA,cur_idx,2303,0.86354
merfish,14480,0.2016475,PCA,cur_idx,2701,0.8523
merfish,14480,0.2016475,RandomProjection,cur_idx,1404,0.27797
merfish,14480,0.2016475,RandomProjection,cur_idx,2303,0.27346
merfish,14480,0.2016475,RandomProjection,cur_idx,2701,0.27797
merfish,14480,0.2016475,SCVI,cur_idx,1404,1.1142
merfish,14480,0.2016475,SCVI,cur_idx,2303,1.12469
merfish,14480,0.2016475,SCVI,cur_idx,2701,1.11773
merfish,14480,0.3009156,PCA,cur_idx,1404,1.03777
merfish,14480,0.3009156,PCA,cur_idx,2303,1.09211
merfish,14480,0.3009156,PCA,cur_idx,2701,1.13942
merfish,14480,0.3009156,RandomProjection,cur_idx,1404,0.32558
merfish,14480,0.3009156,RandomProjection,cur_idx,2303,0.32114
merfish,14480,0.3009156,RandomProjection,cur_idx,2701,0.32558
merfish,14480,0.3009156,SCVI,cur_idx,1404,1.31633
merfish,14480,0.3009156,SCVI,cur_idx,2303,1.29255
merfish,14480,0.3009156,SCVI,cur_idx,2701,1.31402
merfish,14480,0.4490518,PCA,cur_idx,1404,1.30388
merfish,14480,0.4490518,PCA,cur_idx,2303,1.2876
merfish,14480,0.4490518,PCA,cur_idx,2701,1.29708
merfish,14480,0.4490518,RandomProjection,cur_idx,1404,0.35989
merfish,14480,0.4490518,RandomProjection,cur_idx,2303,0.35945
merfish,14480,0.4490518,RandomProjection,cur_idx,2701,0.35989
merfish,14480,0.4490518,SCVI,cur_idx,1404,1.45494
merfish,14480,0.4490518,SCVI,cur_idx,2303,1.47372
merfish,14480,0.4490518,SCVI,cur_idx,2701,1.54271
merfish,14480,0.6701133,PCA,cur_idx,1404,1.46012
merfish,14480,0.6701133,PCA,cur_idx,2303,1.36431
merfish,14480,0.6701133,PCA,cur_idx,2701,1.49684
merfish,14480,0.6701133,RandomProjection,cur_idx,1404,0.41504
merfish,14480,0.6701133,RandomProjection,cur_idx,2303,0.43163
merfish,14480,0.6701133,RandomProjection,cur_idx,2701,0.41504
merfish,14480,0.6701133,SCVI,cur_idx,1404,1.737
merfish,14480,0.6701133,SCVI,cur_idx,2303,1.61102
merfish,14480,0.6701133,SCVI,cur_idx,2701,1.75535
merfish,14480,1.0,PCA,cur_idx,1404,1.59052
merfish,14480,1.0,PCA,cur_idx,2303,1.56375
merfish,14480,1.0,PCA,cur_idx,2701,1.62468
merfish,14480,1.0,RandomProjection,cur_idx,1404,0.4925
merfish,14480,1.0,RandomProjection,cur_idx,2303,0.47454
merfish,14480,1.0,RandomProjection,cur_idx,2701,0.4925
merfish,14480,1.0,SCVI,cur_idx,1404,1.81408
merfish,14480,1.0,SCVI,cur_idx,2303,1.79252
merfish,14480,1.0,SCVI,cur_idx,2701,1.91695
merfish,29475,0.027248,PCA,cur_idx,1404,0.08669
merfish,29475,0.027248,PCA,cur_idx,2303,0.15465
merfish,29475,0.027248,PCA,cur_idx,2701,0.1446
merfish,29475,0.027248,RandomProjection,cur_idx,1404,0.01876
merfish,29475,0.027248,RandomProjection,cur_idx,2303,0.07923
merfish,29475,0.027248,RandomProjection,cur_idx,2701,0.01876
merfish,29475,0.027248,SCVI,cur_idx,1404,0.26346
merfish,29475,0.027248,SCVI,cur_idx,2303,0.24061
merfish,29475,0.027248,SCVI,cur_idx,2701,0.23286
merfish,29475,0.0406617,PCA,cur_idx,1404,0.15632
merfish,29475,0.0406617,PCA,cur_idx,2303,0.15632
merfish,29475,0.0406617,PCA,cur_idx,2701,0.21386
merfish,29475,0.0406617,RandomProjection,cur_idx,1404,0.11915
merfish,29475,0.0406617,RandomProjection,cur_idx,2303,0.0492
merfish,29475,0.0406617,RandomProjection,cur_idx,2701,0.11915
merfish,29475,0.0406617,SCVI,cur_idx,1404,0.43133
merfish,29475,0.0406617,SCVI,cur_idx,2303,0.33451
merfish,29475,0.0406617,SCVI,cur_idx,2701,0.41461
merfish,29475,0.0606789,PCA,cur_idx,1404,0.25607
merfish,29475,0.0606789,PCA,cur_idx,2303,0.25048
merfish,29475,0.0606789,PCA,cur_idx,2701,0.27116
merfish,29475,0.0606789,RandomProjection,cur_idx,1404,0.05674
merfish,29475,0.0606789,RandomProjection,cur_idx,2303,0.08621
merfish,29475,0.0606789,RandomProjection,cur_idx,2701,0.05674
merfish,29475,0.0606789,SCVI,cur_idx,1404,0.53363
merfish,29475,0.0606789,SCVI,cur_idx,2303,0.46553
merfish,29475,0.0606789,SCVI,cur_idx,2701,0.46836
merfish,29475,0.0905502,PCA,cur_idx,1404,0.34131
merfish,29475,0.0905502,PCA,cur_idx,2303,0.43818
merfish,29475,0.0905502,PCA,cur_idx,2701,0.35749
merfish,29475,0.0905502,RandomProjection,cur_idx,1404,0.11524
merfish,29475,0.0905502,RandomProjection,cur_idx,2303,0.10737
merfish,29475,0.0905502,RandomProjection,cur_idx,2701,0.11524
merfish,29475,0.0905502,SCVI,cur_idx,1404,0.74603
merfish,29475,0.0905502,SCVI,cur_idx,2303,0.78744
merfish,29475,0.0905502,SCVI,cur_idx,2701,0.69177
merfish,29475,0.1351267,PCA,cur_idx,1404,0.59196
merfish,29475,0.1351267,PCA,cur_idx,2303,0.59794
merfish,29475,0.1351267,PCA,cur_idx,2701,0.53425
merfish,29475,0.1351267,RandomProjection,cur_idx,1404,0.22615
merfish,29475,0.1351267,RandomProjection,cur_idx,2303,0.21509
merfish,29475,0.1351267,RandomProjection,cur_idx,2701,0.22615
merfish,29475,0.1351267,SCVI,cur_idx,1404,0.94566
merfish,29475,0.1351267,SCVI,cur_idx,2303,0.92608
merfish,29475,0.1351267,SCVI,cur_idx,2701,0.93162
merfish,29475,0.2016475,PCA,cur_idx,1404,0.80082
merfish,29475,0.2016475,PCA,cur_idx,2303,0.86275
merfish,29475,0.2016475,PCA,cur_idx,2701,0.81606
merfish,29475,0.2016475,RandomProjection,cur_idx,1404,0.27797
merfish,29475,0.2016475,RandomProjection,cur_idx,2303,0.27346
merfish,29475,0.2016475,RandomProjection,cur_idx,2701,0.27797
merfish,29475,0.2016475,SCVI,cur_idx,1404,1.14879
merfish,29475,0.2016475,SCVI,cur_idx,2303,1.17689
merfish,29475,0.2016475,SCVI,cur_idx,2701,1.19853
merfish,29475,0.3009156,PCA,cur_idx,1404,1.05915
merfish,29475,0.3009156,PCA,cur_idx,2303,1.08418
merfish,29475,0.3009156,PCA,cur_idx,2701,1.15449
merfish,29475,0.3009156,RandomProjection,cur_idx,1404,0.32558
merfish,29475,0.3009156,RandomProjection,cur_idx,2303,0.32114
merfish,29475,0.3009156,RandomProjection,cur_idx,2701,0.32558
merfish,29475,0.3009156,SCVI,cur_idx,1404,1.33208
merfish,29475,0.3009156,SCVI,cur_idx,2303,1.34522
merfish,29475,0.3009156,SCVI,cur_idx,2701,1.37825
merfish,29475,0.4490518,PCA,cur_idx,1404,1.31587
merfish,29475,0.4490518,PCA,cur_idx,2303,1.30417
merfish,29475,0.4490518,PCA,cur_idx,2701,1.33122
merfish,29475,0.4490518,RandomProjection,cur_idx,1404,0.35989
merfish,29475,0.4490518,RandomProjection,cur_idx,2303,0.35945
merfish,29475,0.4490518,RandomProjection,cur_idx,2701,0.35989
merfish,29475,0.4490518,SCVI,cur_idx,1404,1.56862
merfish,29475,0.4490518,SCVI,cur_idx,2303,1.5263
merfish,29475,0.4490518,SCVI,cur_idx,2701,1.60614
merfish,29475,0.6701133,PCA,cur_idx,1404,1.40016
merfish,29475,0.6701133,PCA,cur_idx,2303,1.36786
merfish,29475,0.6701133,PCA,cur_idx,2701,1.50043
merfish,29475,0.6701133,RandomProjection,cur_idx,1404,0.41504
merfish,29475,0.6701133,RandomProjection,cur_idx,2303,0.43163
merfish,29475,0.6701133,RandomProjection,cur_idx,2701,0.41504
merfish,29475,0.6701133,SCVI,cur_idx,1404,1.69249
merfish,29475,0.6701133,SCVI,cur_idx,2303,1.67568
merfish,29475,0.6701133,SCVI,cur_idx,2701,1.84823
merfish,29475,1.0,PCA,cur_idx,1404,1.57296
merfish,29475,1.0,PCA,cur_idx,2303,1.60866
merfish,29475,1.0,PCA,cur_idx,2701,1.56434
merfish,29475,1.0,RandomProjection,cur_idx,1404,0.4925
merfish,29475,1.0,RandomProjection,cur_idx,2303,0.47454
merfish,29475,1.0,RandomProjection,cur_idx,2701,0.4925
merfish,29475,1.0,SCVI,cur_idx,1404,1.85915
merfish,29475,1.0,SCVI,cur_idx,2303,1.91961
merfish,29475,1.0,SCVI,cur_idx,2701,2.00281
merfish,60000,0.027248,PCA,cur_idx,1404,0.11318
merfish,60000,0.027248,PCA,cur_idx,2303,0.10858
merfish,60000,0.027248,PCA,cur_idx,2701,0.16655
merfish,60000,0.027248,RandomProjection,cur_idx,1404,0.01876
merfish,60000,0.027248,RandomProjection,cur_idx,2303,0.07923
merfish,60000,0.027248,RandomProjection,cur_idx,2701,0.01876
merfish,60000,0.027248,SCVI,cur_idx,1404,0.29923
merfish,60000,0.027248,SCVI,cur_idx,2303,0.26815
merfish,60000,0.027248,SCVI,cur_idx,2701,0.25491
merfish,60000,0.0406617,PCA,cur_idx,1404,0.17691
merfish,60000,0.0406617,PCA,cur_idx,2303,0.18101
merfish,60000,0.0406617,PCA,cur_idx,2701,0.21646
merfish,60000,0.0406617,RandomProjection,cur_idx,1404,0.11915
merfish,60000,0.0406617,RandomProjection,cur_idx,2303,0.0492
merfish,60000,0.0406617,RandomProjection,cur_idx,2701,0.11915
merfish,60000,0.0406617,SCVI,cur_idx,1404,0.44538
merfish,60000,0.0406617,SCVI,cur_idx,2303,0.35037
merfish,60000,0.0406617,SCVI,cur_idx,2701,0.38579
merfish,60000,0.0606789,PCA,cur_idx,1404,0.26116
merfish,60000,0.0606789,PCA,cur_idx,2303,0.31256
merfish,60000,0.0606789,PCA,cur_idx,2701,0.24332
merfish,60000,0.0606789,RandomProjection,cur_idx,1404,0.05674
merfish,60000,0.0606789,RandomProjection,cur_idx,2303,0.08621
merfish,60000,0.0606789,RandomProjection,cur_idx,2701,0.05674
merfish,60000,0.0606789,SCVI,cur_idx,1404,0.48477
merfish,60000,0.0606789,SCVI,cur_idx,2303,0.48934
merfish,60000,0.0606789,SCVI,cur_idx,2701,0.52642
merfish,60000,0.0905502,PCA,cur_idx,1404,0.33839
merfish,60000,0.0905502,PCA,cur_idx,2303,0.41955
merfish,60000,0.0905502,PCA,cur_idx,2701,0.35868
merfish,60000,0.0905502,RandomProjection,cur_idx,1404,0.11524
merfish,60000,0.0905502,RandomProjection,cur_idx,2303,0.10737
merfish,60000,0.0905502,RandomProjection,cur_idx,2701,0.11524
merfish,60000,0.0905502,SCVI,cur_idx,1404,0.7907
merfish,60000,0.0905502,SCVI,cur_idx,2303,0.7044
merfish,60000,0.0905502,SCVI,cur_idx,2701,0.74326
merfish,60000,0.1351267,PCA,cur_idx,1404,0.58938
merfish,60000,0.1351267,PCA,cur_idx,2303,0.5388
merfish,60000,0.1351267,PCA,cur_idx,2701,0.51844
merfish,60000,0.1351267,RandomProjection,cur_idx,1404,0.22615
merfish,60000,0.1351267,RandomProjection,cur_idx,2303,0.21509
merfish,60000,0.1351267,RandomProjection,cur_idx,2701,0.22615
merfish,60000,0.1351267,SCVI,cur_idx,1404,0.95424
merfish,60000,0.1351267,SCVI,cur_idx,2303,0.96557
merfish,60000,0.1351267,SCVI,cur_idx,2701,0.89704
merfish,60000,0.2016475,PCA,cur_idx,1404,0.84796
merfish,60000,0.2016475,PCA,cur_idx,2303,0.88607
merfish,60000,0.2016475,PCA,cur_idx,2701,0.83507
merfish,60000,0.2016475,RandomProjection,cur_idx,1404,0.27797
merfish,60000,0.2016475,RandomProjection,cur_idx,2303,0.27346
merfish,60000,0.2016475,RandomProjection,cur_idx,2701,0.27797
merfish,60000,0.2016475,SCVI,cur_idx,1404,1.10996
merfish,60000,0.2016475,SCVI,cur_idx,2303,1.16613
merfish,60000,0.2016475,SCVI,cur_idx,2701,1.14004
merfish,60000,0.3009156,PCA,cur_idx,1404,1.07527
merfish,60000,0.3009156,PCA,cur_idx,2303,1.09979
merfish,60000,0.3009156,PCA,cur_idx,2701,1.11565
merfish,60000,0.3009156,RandomProjection,cur_idx,1404,0.32558
merfish,60000,0.3009156,RandomProjection,cur_idx,2303,0.32114
merfish,60000,0.3009156,RandomProjection,cur_idx,2701,0.32558
merfish,60000,0.3009156,SCVI,cur_idx,1404,1.38081
merfish,60000,0.3009156,SCVI,cur_idx,2303,1.36187
merfish,60000,0.3009156,SCVI,cur_idx,2701,1.40773
merfish,60000,0.4490518,PCA,cur_idx,1404,1.2905
merfish,60000,0.4490518,PCA,cur_idx,2303,1.27102
merfish,60000,0.4490518,PCA,cur_idx,2701,1.3606
merfish,60000,0.4490518,RandomProjection,cur_idx,1404,0.35989
merfish,60000,0.4490518,RandomProjection,cur_idx,2303,0.35945
merfish,60000,0.4490518,RandomProjection,cur_idx,2701,0.35989
merfish,60000,0.4490518,SCVI,cur_idx,1404,1.61328
merfish,60000,0.4490518,SCVI,cur_idx,2303,1.50075
merfish,60000,0.4490518,SCVI,cur_idx,2701,1.61073
merfish,60000,0.6701133,PCA,cur_idx,1404,1.4781
merfish,60000,0.6701133,PCA,cur_idx,2303,1.40587
merfish,60000,0.6701133,PCA,cur_idx,2701,1.49731
merfish,60000,0.6701133,RandomProjection,cur_idx,1404,0.41504
merfish,60000,0.6701133,RandomProjection,cur_idx,2303,0.43163
merfish,60000,0.6701133,RandomProjection,cur_idx,2701,0.41504
merfish,60000,0.6701133,SCVI,cur_idx,1404,1.74631
merfish,60000,0.6701133,SCVI,cur_idx,2303,1.5938
merfish,60000,0.6701133,SCVI,cur_idx,2701,1.7381
merfish,60000,1.0,PCA,cur_idx,1404,1.54495
merfish,60000,1.0,PCA,cur_idx,2303,1.53474
merfish,60000,1.0,PCA,cur_idx,2701,1.6251
merfish,60000,1.0,RandomProjection,cur_idx,1404,0.4925
merfish,60000,1.0,RandomProjection,cur_idx,2303,0.47454
merfish,60000,1.0,RandomProjection,cur_idx,2701,0.4925
merfish,60000,1.0,SCVI,cur_idx,1404,1.9016
merfish,60000,1.0,SCVI,cur_idx,2303,1.916
merfish,60000,1.0,SCVI,cur_idx,2701,1.97652
