dataset,size,quality,size_rank,curve,step,loss,is_best_checkpoint
PBMC,100,0.0012346,small,train,1000,5.1753,False
PBMC,100,0.0012346,small,train,2000,0.4354,False
PBMC,100,0.0012346,small,train,3000,0.1743,False
PBMC,100,0.0012346,small,train,4000,0.2125,False
PBMC,100,0.0012346,small,train,5000,0.2533,False
PBMC,100,0.0012346,small,train,6000,0.2933,False
PBMC,100,0.0012346,small,val,1000,7.035634517669678,False
PBMC,100,0.0012346,small,val,2000,8.589911460876465,False
PBMC,100,0.0012346,small,val,3000,9.929757118225098,False
PBMC,100,0.0012346,small,val,4000,10.558871269226074,False
PBMC,100,0.0012346,small,val,5000,11.378003120422363,False
PBMC,100,0.0012346,small,val,6000,12.370124816894531,False
PBMC,100,0.0012346,small,val,1000,7.035634517669678,True
PBMC,100,0.0025982,small,train,1000,5.4914,False
PBMC,100,0.0025982,small,train,2000,0.6159,False
PBMC,100,0.0025982,small,train,3000,0.0473,False
PBMC,100,0.0025982,small,train,4000,0.06,False
PBMC,100,0.0025982,small,train,5000,0.0807,False
PBMC,100,0.0025982,small,train,6000,0.0789,False
PBMC,100,0.0025982,small,val,1000,7.485873699188232,False
PBMC,100,0.0025982,small,val,2000,9.281635284423828,False
PBMC,100,0.0025982,small,val,3000,10.351603507995605,False
PBMC,100,0.0025982,small,val,4000,11.197638511657715,False
PBMC,100,0.0025982,small,val,5000,12.300017356872559,False
PBMC,100,0.0025982,small,val,6000,13.29651927947998,False
PBMC,100,0.0025982,small,val,1000,7.485873699188232,True
PBMC,100,0.0054682,small,train,1000,5.9575,False
PBMC,100,0.0054682,small,train,2000,1.2714,False
PBMC,100,0.0054682,small,train,3000,0.055,False
PBMC,100,0.0054682,small,train,4000,0.0467,False
PBMC,100,0.0054682,small,train,5000,0.0539,False
PBMC,100,0.0054682,small,train,6000,0.0495,False
PBMC,100,0.0054682,small,val,1000,7.40077543258667,False
PBMC,100,0.0054682,small,val,2000,9.303705215454102,False
PBMC,100,0.0054682,small,val,3000,10.686150550842285,False
PBMC,100,0.0054682,small,val,4000,11.84684944152832,False
PBMC,100,0.0054682,small,val,5000,13.20950698852539,False
PBMC,100,0.0054682,small,val,6000,14.448867797851562,False
PBMC,100,0.0054682,small,val,1000,7.40077543258667,True
PBMC,100,0.0115083,small,train,1000,6.455,False
PBMC,100,0.0115083,small,train,2000,2.1203,False
PBMC,100,0.0115083,small,train,3000,0.1023,False
PBMC,100,0.0115083,small,train,4000,0.0451,False
PBMC,100,0.0115083,small,train,5000,0.0465,False
PBMC,100,0.0115083,small,train,6000,0.0421,False
PBMC,100,0.0115083,small,val,1000,7.263442516326904,False
PBMC,100,0.0115083,small,val,2000,8.918292999267578,False
PBMC,100,0.0115083,small,val,3000,10.842411041259766,False
PBMC,100,0.0115083,small,val,4000,12.283306121826172,False
PBMC,100,0.0115083,small,val,5000,13.764646530151367,False
PBMC,100,0.0115083,small,val,6000,15.118849754333496,False
PBMC,100,0.0115083,small,val,1000,7.263442516326904,True
PBMC,100,0.02422,small,train,1000,6.9732,False
PBMC,100,0.02422,small,train,2000,3.094,False
PBMC,100,0.02422,small,train,3000,0.3127,False
PBMC,100,0.02422,small,train,4000,0.0593,False
PBMC,100,0.02422,small,train,5000,0.0488,False
PBMC,100,0.02422,small,train,6000,0.0411,False
PBMC,100,0.02422,small,val,1000,7.186677932739258,False
PBMC,100,0.02422,small,val,2000,8.61550521850586,False
PBMC,100,0.02422,small,val,3000,11.249566078186035,False
PBMC,100,0.02422,small,val,4000,13.043466567993164,False
PBMC,100,0.02422,small,val,5000,14.513243675231934,False
PBMC,100,0.02422,small,val,6000,16.07115364074707,False
PBMC,100,0.02422,small,val,1000,7.186677932739258,True
PBMC,100,0.050973,small,train,1000,7.4868,False
PBMC,100,0.050973,small,train,2000,3.7114,False
PBMC,100,0.050973,small,train,3000,0.6844,False
PBMC,100,0.050973,small,train,4000,0.1018,False
PBMC,100,0.050973,small,train,5000,0.0629,False
PBMC,100,0.050973,small,train,6000,0.049,False
PBMC,100,0.050973,small,val,1000,7.280278205871582,False
PBMC,100,0.050973,small,val,2000,8.34243392944336,False
PBMC,100,0.050973,small,val,3000,11.281285285949707,False
PBMC,100,0.050973,small,val,4000,13.235095977783203,False
PBMC,100,0.050973,small,val,5000,14.77274227142334,False
PBMC,100,0.050973,small,val,6000,16.155603408813477,False
PBMC,100,0.050973,small,val,1000,7.280278205871582,True
PBMC,100,0.1072766,small,train,1000,8.002,False
PBMC,100,0.1072766,small,train,2000,4.3273,False
PBMC,100,0.1072766,small,train,3000,1.3154,False
PBMC,100,0.1072766,small,train,4000,0.1611,False
PBMC,100,0.1072766,small,train,5000,0.0647,False
PBMC,100,0.1072766,small,train,6000,0.0473,False
PBMC,100,0.1072766,small,val,1000,7.697137832641602,False
PBMC,100,0.1072766,small,val,2000,8.060842514038086,False
PBMC,100,0.1072766,small,val,3000,10.728222846984863,False
PBMC,100,0.1072766,small,val,4000,13.305734634399414,False
PBMC,100,0.1072766,small,val,5000,14.835328102111816,False
PBMC,100,0.1072766,small,val,6000,16.225910186767578,False
PBMC,100,0.1072766,small,val,1000,7.697137832641602,True
PBMC,100,0.225772,small,train,1000,8.3492,False
PBMC,100,0.225772,small,train,2000,4.4831,False
PBMC,100,0.225772,small,train,3000,1.7245,False
PBMC,100,0.225772,small,train,4000,0.1774,False
PBMC,100,0.225772,small,train,5000,0.0572,False
PBMC,100,0.225772,small,train,6000,0.0383,False
PBMC,100,0.225772,small,val,1000,8.263925552368164,False
PBMC,100,0.225772,small,val,2000,8.415743827819824,False
PBMC,100,0.225772,small,val,3000,10.909589767456055,False
PBMC,100,0.225772,small,val,4000,13.453540802001953,False
PBMC,100,0.225772,small,val,5000,15.006017684936523,False
PBMC,100,0.225772,small,val,6000,16.500886917114258,False
PBMC,100,0.225772,small,val,1000,8.263925552368164,True
PBMC,100,0.4751547,small,train,1000,8.5467,False
PBMC,100,0.4751547,small,train,2000,4.1967,False
PBMC,100,0.4751547,small,train,3000,0.6822,False
PBMC,100,0.4751547,small,train,4000,0.1035,False
PBMC,100,0.4751547,small,train,5000,0.0519,False
PBMC,100,0.4751547,small,train,6000,0.038,False
PBMC,100,0.4751547,small,val,1000,8.78622055053711,False
PBMC,100,0.4751547,small,val,2000,9.812261581420898,False
PBMC,100,0.4751547,small,val,3000,12.541777610778809,False
PBMC,100,0.4751547,small,val,4000,14.121501922607422,False
PBMC,100,0.4751547,small,val,5000,15.568117141723633,False
PBMC,100,0.4751547,small,val,6000,17.091983795166016,False
PBMC,100,0.4751547,small,val,1000,8.78622055053711,True
PBMC,100,1.0,small,train,1000,8.4538,False
PBMC,100,1.0,small,train,2000,4.4065,False
PBMC,100,1.0,small,train,3000,0.9124,False
PBMC,100,1.0,small,train,4000,0.1493,False
PBMC,100,1.0,small,train,5000,0.0734,False
PBMC,100,1.0,small,train,6000,0.0541,False
PBMC,100,1.0,small,val,1000,8.514765739440918,False
PBMC,100,1.0,small,val,2000,9.922281265258789,False
PBMC,100,1.0,small,val,3000,12.894540786743164,False
PBMC,100,1.0,small,val,4000,14.860970497131348,False
PBMC,100,1.0,small,val,5000,16.516250610351562,False
PBMC,100,1.0,small,val,6000,18.192602157592773,False
PBMC,100,1.0,small,val,1000,8.514765739440918,True
PBMC,4641,0.0012346,medium,train,1000,7.4051,False
PBMC,4641,0.0012346,medium,train,2000,5.6871,False
PBMC,4641,0.0012346,medium,train,3000,5.0804,False
PBMC,4641,0.0012346,medium,train,4000,4.3648,False
PBMC,4641,0.0012346,medium,train,5000,3.4385,False
PBMC,4641,0.0012346,medium,train,6000,2.7818,False
PBMC,4641,0.0012346,medium,train,7000,2.2536,False
PBMC,4641,0.0012346,medium,train,8000,1.89,False
PBMC,4641,0.0012346,medium,val,1000,5.533697128295898,False
PBMC,4641,0.0012346,medium,val,2000,4.827999114990234,False
PBMC,4641,0.0012346,medium,val,3000,4.656758785247803,False
PBMC,4641,0.0012346,medium,val,4000,4.885457515716553,False
PBMC,4641,0.0012346,medium,val,5000,5.341101169586182,False
PBMC,4641,0.0012346,medium,val,6000,5.791015625,False
PBMC,4641,0.0012346,medium,val,7000,6.390285491943359,False
PBMC,4641,0.0012346,medium,val,8000,7.140082359313965,False
PBMC,4641,0.0012346,medium,val,3000,4.656758785247803,True
PBMC,4641,0.0025982,medium,train,1000,7.537,False
PBMC,4641,0.0025982,medium,train,2000,5.7985,False
PBMC,4641,0.0025982,medium,train,3000,4.9981,False
PBMC,4641,0.0025982,medium,train,4000,4.3069,False
PBMC,4641,0.0025982,medium,train,5000,3.5544,False
PBMC,4641,0.0025982,medium,train,6000,2.9006,False
PBMC,4641,0.0025982,medium,train,7000,2.3966,False
PBMC,4641,0.0025982,medium,train,8000,2.0057,False
PBMC,4641,0.0025982,medium,train,9000,1.7056,False
PBMC,4641,0.0025982,medium,val,1000,5.915289402008057,False
PBMC,4641,0.0025982,medium,val,2000,5.121491432189941,False
PBMC,4641,0.0025982,medium,val,3000,4.676061630249023,False
PBMC,4641,0.0025982,medium,val,4000,4.6454572677612305,False
PBMC,4641,0.0025982,medium,val,5000,5.098115921020508,False
PBMC,4641,0.0025982,medium,val,6000,5.434950351715088,False
PBMC,4641,0.0025982,medium,val,7000,5.715359210968018,False
PBMC,4641,0.0025982,medium,val,8000,6.176863670349121,False
PBMC,4641,0.0025982,medium,val,9000,6.610054969787598,False
PBMC,4641,0.0025982,medium,val,4000,4.6454572677612305,True
PBMC,4641,0.0054682,medium,train,1000,7.6684,False
PBMC,4641,0.0054682,medium,train,2000,5.8501,False
PBMC,4641,0.0054682,medium,train,3000,5.0159,False
PBMC,4641,0.0054682,medium,train,4000,4.2179,False
PBMC,4641,0.0054682,medium,train,5000,3.5854,False
PBMC,4641,0.0054682,medium,train,6000,3.0714,False
PBMC,4641,0.0054682,medium,train,7000,2.6683,False
PBMC,4641,0.0054682,medium,train,8000,2.3669,False
PBMC,4641,0.0054682,medium,train,9000,2.1326,False
PBMC,4641,0.0054682,medium,val,1000,6.340699195861816,False
PBMC,4641,0.0054682,medium,val,2000,5.900839805603027,False
PBMC,4641,0.0054682,medium,val,3000,4.528084754943848,False
PBMC,4641,0.0054682,medium,val,4000,4.499605655670166,False
PBMC,4641,0.0054682,medium,val,5000,4.693606376647949,False
PBMC,4641,0.0054682,medium,val,6000,4.913938999176025,False
PBMC,4641,0.0054682,medium,val,7000,5.064263820648193,False
PBMC,4641,0.0054682,medium,val,8000,5.485247611999512,False
PBMC,4641,0.0054682,medium,val,9000,5.738774299621582,False
PBMC,4641,0.0054682,medium,val,4000,4.499605655670166,True
PBMC,4641,0.0115083,medium,train,1000,7.7937,False
PBMC,4641,0.0115083,medium,train,2000,5.964,False
PBMC,4641,0.0115083,medium,train,3000,5.2827,False
PBMC,4641,0.0115083,medium,train,4000,4.4729,False
PBMC,4641,0.0115083,medium,train,5000,3.7872,False
PBMC,4641,0.0115083,medium,train,6000,3.2839,False
PBMC,4641,0.0115083,medium,train,7000,2.8694,False
PBMC,4641,0.0115083,medium,train,8000,2.5826,False
PBMC,4641,0.0115083,medium,train,9000,2.3766,False
PBMC,4641,0.0115083,medium,train,10000,2.2119,False
PBMC,4641,0.0115083,medium,val,1000,6.510229587554932,False
PBMC,4641,0.0115083,medium,val,2000,5.534127712249756,False
PBMC,4641,0.0115083,medium,val,3000,4.983675956726074,False
PBMC,4641,0.0115083,medium,val,4000,4.224061489105225,False
PBMC,4641,0.0115083,medium,val,5000,4.200132369995117,False
PBMC,4641,0.0115083,medium,val,6000,4.359607696533203,False
PBMC,4641,0.0115083,medium,val,7000,4.4518537521362305,False
PBMC,4641,0.0115083,medium,val,8000,4.671388626098633,False
PBMC,4641,0.0115083,medium,val,9000,4.837986946105957,False
PBMC,4641,0.0115083,medium,val,10000,5.06721830368042,False
PBMC,4641,0.0115083,medium,val,5000,4.200132369995117,True
PBMC,4641,0.02422,medium,train,1000,7.967,False
PBMC,4641,0.02422,medium,train,2000,6.1283,False
PBMC,4641,0.02422,medium,train,3000,5.5068,False
PBMC,4641,0.02422,medium,train,4000,5.0223,False
PBMC,4641,0.02422,medium,train,5000,4.0861,False
PBMC,4641,0.02422,medium,train,6000,3.5936,False
PBMC,4641,0.02422,medium,train,7000,3.2407,False
PBMC,4641,0.02422,medium,train,8000,2.9755,False
PBMC,4641,0.02422,medium,train,9000,2.7765,False
PBMC,4641,0.02422,medium,train,10000,2.6121,False
PBMC,4641,0.02422,medium,train,11000,2.479,False
PBMC,4641,0.02422,medium,train,12000,2.3666,False
PBMC,4641,0.02422,medium,val,1000,6.659829139709473,False
PBMC,4641,0.02422,medium,val,2000,5.906264305114746,False
PBMC,4641,0.02422,medium,val,3000,5.33774995803833,False
PBMC,4641,0.02422,medium,val,4000,4.716977596282959,False
PBMC,4641,0.02422,medium,val,5000,4.07763147354126,False
PBMC,4641,0.02422,medium,val,6000,3.927686929702759,False
PBMC,4641,0.02422,medium,val,7000,3.8857808113098145,False
PBMC,4641,0.02422,medium,val,8000,4.012091636657715,False
PBMC,4641,0.02422,medium,val,9000,4.111657619476318,False
PBMC,4641,0.02422,medium,val,10000,4.20003604888916,False
PBMC,4641,0.02422,medium,val,11000,4.275130748748779,False
PBMC,4641,0.02422,medium,val,12000,4.375603675842285,False
PBMC,4641,0.02422,medium,val,7000,3.8857808113098145,True
PBMC,4641,0.050973,medium,train,1000,8.1925,False
PBMC,4641,0.050973,medium,train,2000,6.4473,False
PBMC,4641,0.050973,medium,train,3000,5.6835,False
PBMC,4641,0.050973,medium,train,4000,5.2974,False
PBMC,4641,0.050973,medium,train,5000,4.3788,False
PBMC,4641,0.050973,medium,train,6000,3.6785,False
PBMC,4641,0.050973,medium,train,7000,3.3023,False
PBMC,4641,0.050973,medium,train,8000,3.0598,False
PBMC,4641,0.050973,medium,train,9000,2.8832,False
PBMC,4641,0.050973,medium,train,10000,2.748,False
PBMC,4641,0.050973,medium,train,11000,2.6377,False
PBMC,4641,0.050973,medium,train,12000,2.5371,False
PBMC,4641,0.050973,medium,train,13000,2.4541,False
PBMC,4641,0.050973,medium,val,1000,7.188083171844482,False
PBMC,4641,0.050973,medium,val,2000,6.151866912841797,False
PBMC,4641,0.050973,medium,val,3000,5.554074764251709,False
PBMC,4641,0.050973,medium,val,4000,5.173138618469238,False
PBMC,4641,0.050973,medium,val,5000,4.148772239685059,False
PBMC,4641,0.050973,medium,val,6000,3.7134618759155273,False
PBMC,4641,0.050973,medium,val,7000,3.580605983734131,False
PBMC,4641,0.050973,medium,val,8000,3.571563243865967,False
PBMC,4641,0.050973,medium,val,9000,3.651320219039917,False
PBMC,4641,0.050973,medium,val,10000,3.6627440452575684,False
PBMC,4641,0.050973,medium,val,11000,3.6663827896118164,False
PBMC,4641,0.050973,medium,val,12000,3.6814794540405273,False
PBMC,4641,0.050973,medium,val,13000,3.7792506217956543,False
PBMC,4641,0.050973,medium,val,8000,3.571563243865967,True
PBMC,4641,0.1072766,medium,train,1000,8.5377,False
PBMC,4641,0.1072766,medium,train,2000,6.7994,False
PBMC,4641,0.1072766,medium,train,3000,6.0266,False
PBMC,4641,0.1072766,medium,train,4000,5.5165,False
PBMC,4641,0.1072766,medium,train,5000,4.3907,False
PBMC,4641,0.1072766,medium,train,6000,3.6587,False
PBMC,4641,0.1072766,medium,train,7000,3.3612,False
PBMC,4641,0.1072766,medium,train,8000,3.1658,False
PBMC,4641,0.1072766,medium,train,9000,3.0174,False
PBMC,4641,0.1072766,medium,train,10000,2.8987,False
PBMC,4641,0.1072766,medium,train,11000,2.8092,False
PBMC,4641,0.1072766,medium,train,12000,2.733,False
PBMC,4641,0.1072766,medium,train,13000,2.6659,False
PBMC,4641,0.1072766,medium,train,14000,2.6066,False
PBMC,4641,0.1072766,medium,train,15000,2.5535,False
PBMC,4641,0.1072766,medium,train,16000,2.511,False
PBMC,4641,0.1072766,medium,val,1000,7.596278190612793,False
PBMC,4641,0.1072766,medium,val,2000,6.4087724685668945,False
PBMC,4641,0.1072766,medium,val,3000,5.9036455154418945,False
PBMC,4641,0.1072766,medium,val,4000,5.224870681762695,False
PBMC,4641,0.1072766,medium,val,5000,4.062446594238281,False
PBMC,4641,0.1072766,medium,val,6000,3.6193456649780273,False
PBMC,4641,0.1072766,medium,val,7000,3.5199148654937744,False
PBMC,4641,0.1072766,medium,val,8000,3.4835336208343506,False
PBMC,4641,0.1072766,medium,val,9000,3.4945497512817383,False
PBMC,4641,0.1072766,medium,val,10000,3.4817850589752197,False
PBMC,4641,0.1072766,medium,val,11000,3.448122501373291,False
PBMC,4641,0.1072766,medium,val,12000,3.5016467571258545,False
PBMC,4641,0.1072766,medium,val,13000,3.5188589096069336,False
PBMC,4641,0.1072766,medium,val,14000,3.5840699672698975,False
PBMC,4641,0.1072766,medium,val,15000,3.592087745666504,False
PBMC,4641,0.1072766,medium,val,16000,3.637211799621582,False
PBMC,4641,0.1072766,medium,val,11000,3.448122501373291,True
PBMC,4641,0.225772,medium,train,1000,8.9645,False
PBMC,4641,0.225772,medium,train,2000,6.9486,False
PBMC,4641,0.225772,medium,train,3000,5.7609,False
PBMC,4641,0.225772,medium,train,4000,4.7365,False
PBMC,4641,0.225772,medium,train,5000,4.0228,False
PBMC,4641,0.225772,medium,train,6000,3.7679,False
PBMC,4641,0.225772,medium,train,7000,3.6138,False
PBMC,4641,0.225772,medium,train,8000,3.5171,False
PBMC,4641,0.225772,medium,train,9000,3.4373,False
PBMC,4641,0.225772,medium,train,10000,3.3661,False
PBMC,4641,0.225772,medium,train,11000,3.3036,False
PBMC,4641,0.225772,medium,train,12000,3.2427,False
PBMC,4641,0.225772,medium,train,13000,3.1903,False
PBMC,4641,0.225772,medium,train,14000,3.1377,False
PBMC,4641,0.225772,medium,train,15000,3.0934,False
PBMC,4641,0.225772,medium,train,16000,3.0496,False
PBMC,4641,0.225772,medium,train,17000,3.0127,False
PBMC,4641,0.225772,medium,val,1000,7.958822250366211,False
PBMC,4641,0.225772,medium,val,2000,6.221778392791748,False
PBMC,4641,0.225772,medium,val,3000,5.29741096496582,False
PBMC,4641,0.225772,medium,val,4000,4.23797082901001,False
PBMC,4641,0.225772,medium,val,5000,3.947573184967041,False
PBMC,4641,0.225772,medium,val,6000,3.7441816329956055,False
PBMC,4641,0.225772,medium,val,7000,3.678661346435547,False
PBMC,4641,0.225772,medium,val,8000,3.6669702529907227,False
PBMC,4641,0.225772,medium,val,9000,3.654649019241333,False
PBMC,4641,0.225772,medium,val,10000,3.6185758113861084,False
PBMC,4641,0.225772,medium,val,11000,3.6200010776519775,False
PBMC,4641,0.225772,medium,val,12000,3.6091763973236084,False
PBMC,4641,0.225772,medium,val,13000,3.6345889568328857,False
PBMC,4641,0.225772,medium,val,14000,3.6399829387664795,False
PBMC,4641,0.225772,medium,val,15000,3.6766693592071533,False
PBMC,4641,0.225772,medium,val,16000,3.698052167892456,False
PBMC,4641,0.225772,medium,val,17000,3.697113037109375,False
PBMC,4641,0.225772,medium,val,12000,3.6091763973236084,True
PBMC,4641,0.4751547,medium,train,1000,9.1486,False
PBMC,4641,0.4751547,medium,train,2000,7.2936,False
PBMC,4641,0.4751547,medium,train,3000,5.7773,False
PBMC,4641,0.4751547,medium,train,4000,4.6901,False
PBMC,4641,0.4751547,medium,train,5000,4.1028,False
PBMC,4641,0.4751547,medium,train,6000,3.7989,False
PBMC,4641,0.4751547,medium,train,7000,3.6221,False
PBMC,4641,0.4751547,medium,train,8000,3.5045,False
PBMC,4641,0.4751547,medium,train,9000,3.4108,False
PBMC,4641,0.4751547,medium,train,10000,3.3351,False
PBMC,4641,0.4751547,medium,train,11000,3.2688,False
PBMC,4641,0.4751547,medium,train,12000,3.2103,False
PBMC,4641,0.4751547,medium,train,13000,3.1597,False
PBMC,4641,0.4751547,medium,val,1000,8.519646644592285,False
PBMC,4641,0.4751547,medium,val,2000,6.3272576332092285,False
PBMC,4641,0.4751547,medium,val,3000,5.199955940246582,False
PBMC,4641,0.4751547,medium,val,4000,4.344909191131592,False
PBMC,4641,0.4751547,medium,val,5000,3.9811699390411377,False
PBMC,4641,0.4751547,medium,val,6000,3.8273282051086426,False
PBMC,4641,0.4751547,medium,val,7000,3.751635789871216,False
PBMC,4641,0.4751547,medium,val,8000,3.7510502338409424,False
PBMC,4641,0.4751547,medium,val,9000,3.7655160427093506,False
PBMC,4641,0.4751547,medium,val,10000,3.7798256874084473,False
PBMC,4641,0.4751547,medium,val,11000,3.7822587490081787,False
PBMC,4641,0.4751547,medium,val,12000,3.8172569274902344,False
PBMC,4641,0.4751547,medium,val,13000,3.834188461303711,False
PBMC,4641,0.4751547,medium,val,8000,3.7510502338409424,True
PBMC,4641,1.0,medium,train,1000,8.9252,False
PBMC,4641,1.0,medium,train,2000,7.2867,False
PBMC,4641,1.0,medium,train,3000,5.9143,False
PBMC,4641,1.0,medium,train,4000,5.1827,False
PBMC,4641,1.0,medium,train,5000,4.6155,False
PBMC,4641,1.0,medium,train,6000,4.2788,False
PBMC,4641,1.0,medium,train,7000,4.0752,False
PBMC,4641,1.0,medium,train,8000,3.9333,False
PBMC,4641,1.0,medium,train,9000,3.8251,False
PBMC,4641,1.0,medium,train,10000,3.7412,False
PBMC,4641,1.0,medium,train,11000,3.6721,False
PBMC,4641,1.0,medium,train,12000,3.6092,False
PBMC,4641,1.0,medium,train,13000,3.5556,False
PBMC,4641,1.0,medium,train,14000,3.5035,False
PBMC,4641,1.0,medium,train,15000,3.4584,False
PBMC,4641,1.0,medium,train,16000,3.4181,False
PBMC,4641,1.0,medium,val,1000,8.20457649230957,False
PBMC,4641,1.0,medium,val,2000,6.440951347351074,False
PBMC,4641,1.0,medium,val,3000,5.54062557220459,False
PBMC,4641,1.0,medium,val,4000,4.889035224914551,False
PBMC,4641,1.0,medium,val,5000,4.490635871887207,False
PBMC,4641,1.0,medium,val,6000,4.268223762512207,False
PBMC,4641,1.0,medium,val,7000,4.1513261795043945,False
PBMC,4641,1.0,medium,val,8000,4.062819480895996,False
PBMC,4641,1.0,medium,val,9000,4.032350540161133,False
PBMC,4641,1.0,medium,val,10000,4.019205570220947,False
PBMC,4641,1.0,medium,val,11000,3.9922778606414795,False
PBMC,4641,1.0,medium,val,12000,3.9980740547180176,False
PBMC,4641,1.0,medium,val,13000,3.996922254562378,False
PBMC,4641,1.0,medium,val,14000,3.994659185409546,False
PBMC,4641,1.0,medium,val,15000,4.017978191375732,False
PBMC,4641,1.0,medium,val,16000,4.032660007476807,False
PBMC,4641,1.0,medium,val,11000,3.9922778606414795,True
PBMC,100000,0.0012346,large,train,1000,7.7601,False
PBMC,100000,0.0012346,large,train,2000,6.2671,False
PBMC,100000,0.0012346,large,train,3000,5.8629,False
PBMC,100000,0.0012346,large,train,4000,5.6783,False
PBMC,100000,0.0012346,large,train,5000,5.5916,False
PBMC,100000,0.0012346,large,train,6000,5.5307,False
PBMC,100000,0.0012346,large,train,7000,5.508,False
PBMC,100000,0.0012346,large,train,8000,5.4839,False
PBMC,100000,0.0012346,large,train,9000,5.4089,False
PBMC,100000,0.0012346,large,train,10000,5.3887,False
PBMC,100000,0.0012346,large,train,11000,5.3799,False
PBMC,100000,0.0012346,large,train,12000,5.3752,False
PBMC,100000,0.0012346,large,train,13000,5.3707,False
PBMC,100000,0.0012346,large,train,14000,5.3225,False
PBMC,100000,0.0012346,large,train,15000,5.2958,False
PBMC,100000,0.0012346,large,train,16000,5.3109,False
PBMC,100000,0.0012346,large,train,17000,5.2906,False
PBMC,100000,0.0012346,large,train,18000,5.2452,False
PBMC,100000,0.0012346,large,train,19000,5.2596,False
PBMC,100000,0.0012346,large,train,20000,5.2472,False
PBMC,100000,0.0012346,large,train,21000,5.2396,False
PBMC,100000,0.0012346,large,train,22000,5.2281,False
PBMC,100000,0.0012346,large,train,23000,5.2187,False
PBMC,100000,0.0012346,large,val,1000,5.843657493591309,False
PBMC,100000,0.0012346,large,val,2000,5.012416839599609,False
PBMC,100000,0.0012346,large,val,3000,4.869790554046631,False
PBMC,100000,0.0012346,large,val,4000,4.5474395751953125,False
PBMC,100000,0.0012346,large,val,5000,4.541366100311279,False
PBMC,100000,0.0012346,large,val,6000,4.5880255699157715,False
PBMC,100000,0.0012346,large,val,7000,4.382236003875732,False
PBMC,100000,0.0012346,large,val,8000,4.472196102142334,False
PBMC,100000,0.0012346,large,val,9000,4.345870494842529,False
PBMC,100000,0.0012346,large,val,10000,4.31052303314209,False
PBMC,100000,0.0012346,large,val,11000,4.330141544342041,False
PBMC,100000,0.0012346,large,val,12000,4.292060852050781,False
PBMC,100000,0.0012346,large,val,13000,4.388209342956543,False
PBMC,100000,0.0012346,large,val,14000,4.226631164550781,False
PBMC,100000,0.0012346,large,val,15000,4.302334308624268,False
PBMC,100000,0.0012346,large,val,16000,4.306604862213135,False
PBMC,100000,0.0012346,large,val,17000,4.249234676361084,False
PBMC,100000,0.0012346,large,val,18000,4.172471046447754,False
PBMC,100000,0.0012346,large,val,19000,4.299071311950684,False
PBMC,100000,0.0012346,large,val,20000,4.174854278564453,False
PBMC,100000,0.0012346,large,val,21000,4.266775131225586,False
PBMC,100000,0.0012346,large,val,22000,4.210036754608154,False
PBMC,100000,0.0012346,large,val,23000,4.276139736175537,False
PBMC,100000,0.0012346,large,val,18000,4.172471046447754,True
PBMC,100000,0.0025982,large,train,1000,7.744,False
PBMC,100000,0.0025982,large,train,2000,6.0103,False
PBMC,100000,0.0025982,large,train,3000,5.4527,False
PBMC,100000,0.0025982,large,train,4000,5.18,False
PBMC,100000,0.0025982,large,train,5000,5.0596,False
PBMC,100000,0.0025982,large,train,6000,4.9771,False
PBMC,100000,0.0025982,large,train,7000,4.902,False
PBMC,100000,0.0025982,large,train,8000,4.8613,False
PBMC,100000,0.0025982,large,train,9000,4.8312,False
PBMC,100000,0.0025982,large,train,10000,4.8015,False
PBMC,100000,0.0025982,large,train,11000,4.7936,False
PBMC,100000,0.0025982,large,train,12000,4.7747,False
PBMC,100000,0.0025982,large,train,13000,4.7607,False
PBMC,100000,0.0025982,large,train,14000,4.7294,False
PBMC,100000,0.0025982,large,train,15000,4.7263,False
PBMC,100000,0.0025982,large,train,16000,4.7166,False
PBMC,100000,0.0025982,large,train,17000,4.7084,False
PBMC,100000,0.0025982,large,train,18000,4.6829,False
PBMC,100000,0.0025982,large,train,19000,4.6882,False
PBMC,100000,0.0025982,large,train,20000,4.6769,False
PBMC,100000,0.0025982,large,train,21000,4.6751,False
PBMC,100000,0.0025982,large,train,22000,4.6528,False
PBMC,100000,0.0025982,large,train,23000,4.6709,False
PBMC,100000,0.0025982,large,train,24000,4.6381,False
PBMC,100000,0.0025982,large,train,25000,4.6469,False
PBMC,100000,0.0025982,large,train,26000,4.6399,False
PBMC,100000,0.0025982,large,train,27000,4.6279,False
PBMC,100000,0.0025982,large,val,1000,6.018717288970947,False
PBMC,100000,0.0025982,large,val,2000,5.088677883148193,False
PBMC,100000,0.0025982,large,val,3000,4.632726192474365,False
PBMC,100000,0.0025982,large,val,4000,4.528430461883545,False
PBMC,100000,0.0025982,large,val,5000,4.281352519989014,False
PBMC,100000,0.0025982,large,val,6000,4.216624736785889,False
PBMC,100000,0.0025982,large,val,7000,4.234923362731934,False
PBMC,100000,0.0025982,large,val,8000,4.0399627685546875,False
PBMC,100000,0.0025982,large,val,9000,4.121921062469482,False
PBMC,100000,0.0025982,large,val,10000,4.099607467651367,False
PBMC,100000,0.0025982,large,val,11000,4.107689380645752,False
PBMC,100000,0.0025982,large,val,12000,4.049580097198486,False
PBMC,100000,0.0025982,large,val,13000,4.033857822418213,False
PBMC,100000,0.0025982,large,val,14000,4.009524822235107,False
PBMC,100000,0.0025982,large,val,15000,4.087031841278076,False
PBMC,100000,0.0025982,large,val,16000,4.037316799163818,False
PBMC,100000,0.0025982,large,val,17000,3.9361014366149902,False
PBMC,100000,0.0025982,large,val,18000,4.001709938049316,False
PBMC,100000,0.0025982,large,val,19000,4.023077487945557,False
PBMC,100000,0.0025982,large,val,20000,4.000110149383545,False
PBMC,100000,0.0025982,large,val,21000,3.993283271789551,False
PBMC,100000,0.0025982,large,val,22000,3.8905298709869385,False
PBMC,100000,0.0025982,large,val,23000,4.043426990509033,False
PBMC,100000,0.0025982,large,val,24000,3.92006254196167,False
PBMC,100000,0.0025982,large,val,25000,3.9830234050750732,False
PBMC,100000,0.0025982,large,val,26000,3.955040454864502,False
PBMC,100000,0.0025982,large,val,27000,3.9482593536376953,False
PBMC,100000,0.0025982,large,val,22000,3.8905298709869385,True
PBMC,100000,0.0054682,large,train,1000,7.7798,False
PBMC,100000,0.0054682,large,train,2000,5.9457,False
PBMC,100000,0.0054682,large,train,3000,5.2408,False
PBMC,100000,0.0054682,large,train,4000,4.8317,False
PBMC,100000,0.0054682,large,train,5000,4.603,False
PBMC,100000,0.0054682,large,train,6000,4.4757,False
PBMC,100000,0.0054682,large,train,7000,4.4011,False
PBMC,100000,0.0054682,large,train,8000,4.3644,False
PBMC,100000,0.0054682,large,train,9000,4.3259,False
PBMC,100000,0.0054682,large,train,10000,4.2952,False
PBMC,100000,0.0054682,large,train,11000,4.2873,False
PBMC,100000,0.0054682,large,train,12000,4.2591,False
PBMC,100000,0.0054682,large,train,13000,4.238,False
PBMC,100000,0.0054682,large,train,14000,4.2263,False
PBMC,100000,0.0054682,large,train,15000,4.2132,False
PBMC,100000,0.0054682,large,train,16000,4.2074,False
PBMC,100000,0.0054682,large,train,17000,4.1932,False
PBMC,100000,0.0054682,large,train,18000,4.1824,False
PBMC,100000,0.0054682,large,train,19000,4.176,False
PBMC,100000,0.0054682,large,train,20000,4.1611,False
PBMC,100000,0.0054682,large,train,21000,4.1641,False
PBMC,100000,0.0054682,large,train,22000,4.1573,False
PBMC,100000,0.0054682,large,train,23000,4.1415,False
PBMC,100000,0.0054682,large,train,24000,4.1394,False
PBMC,100000,0.0054682,large,train,25000,4.1431,False
PBMC,100000,0.0054682,large,train,26000,4.1163,False
PBMC,100000,0.0054682,large,train,27000,4.1242,False
PBMC,100000,0.0054682,large,train,28000,4.1261,False
PBMC,100000,0.0054682,large,train,29000,4.1245,False
PBMC,100000,0.0054682,large,train,30000,4.1087,False
PBMC,100000,0.0054682,large,train,31000,4.1107,False
PBMC,100000,0.0054682,large,train,32000,4.1037,False
PBMC,100000,0.0054682,large,train,33000,4.0986,False
PBMC,100000,0.0054682,large,train,34000,4.0894,False
PBMC,100000,0.0054682,large,val,1000,6.450379371643066,False
PBMC,100000,0.0054682,large,val,2000,5.204512596130371,False
PBMC,100000,0.0054682,large,val,3000,4.720360279083252,False
PBMC,100000,0.0054682,large,val,4000,4.346185684204102,False
PBMC,100000,0.0054682,large,val,5000,4.083696365356445,False
PBMC,100000,0.0054682,large,val,6000,3.976712703704834,False
PBMC,100000,0.0054682,large,val,7000,4.054486274719238,False
PBMC,100000,0.0054682,large,val,8000,3.882375717163086,False
PBMC,100000,0.0054682,large,val,9000,3.859419822692871,False
PBMC,100000,0.0054682,large,val,10000,3.8780035972595215,False
PBMC,100000,0.0054682,large,val,11000,3.8150742053985596,False
PBMC,100000,0.0054682,large,val,12000,3.7726495265960693,False
PBMC,100000,0.0054682,large,val,13000,3.8205299377441406,False
PBMC,100000,0.0054682,large,val,14000,3.789557695388794,False
PBMC,100000,0.0054682,large,val,15000,3.830017566680908,False
PBMC,100000,0.0054682,large,val,16000,3.7681047916412354,False
PBMC,100000,0.0054682,large,val,17000,3.763296604156494,False
PBMC,100000,0.0054682,large,val,18000,3.741272449493408,False
PBMC,100000,0.0054682,large,val,19000,3.8001606464385986,False
PBMC,100000,0.0054682,large,val,20000,3.792027473449707,False
PBMC,100000,0.0054682,large,val,21000,3.7128567695617676,False
PBMC,100000,0.0054682,large,val,22000,3.6997125148773193,False
PBMC,100000,0.0054682,large,val,23000,3.7212657928466797,False
PBMC,100000,0.0054682,large,val,24000,3.7186295986175537,False
PBMC,100000,0.0054682,large,val,25000,3.6995303630828857,False
PBMC,100000,0.0054682,large,val,26000,3.7111806869506836,False
PBMC,100000,0.0054682,large,val,27000,3.759563446044922,False
PBMC,100000,0.0054682,large,val,28000,3.7224371433258057,False
PBMC,100000,0.0054682,large,val,29000,3.6095821857452393,False
PBMC,100000,0.0054682,large,val,30000,3.7696149349212646,False
PBMC,100000,0.0054682,large,val,31000,3.6793320178985596,False
PBMC,100000,0.0054682,large,val,32000,3.7533481121063232,False
PBMC,100000,0.0054682,large,val,33000,3.735222578048706,False
PBMC,100000,0.0054682,large,val,34000,3.7335028648376465,False
PBMC,100000,0.0054682,large,val,29000,3.6095821857452393,True
PBMC,100000,0.0115083,large,train,1000,7.8691,False
PBMC,100000,0.0115083,large,train,2000,5.9975,False
PBMC,100000,0.0115083,large,train,3000,5.2223,False
PBMC,100000,0.0115083,large,train,4000,4.6937,False
PBMC,100000,0.0115083,large,train,5000,4.2898,False
PBMC,100000,0.0115083,large,train,6000,4.1012,False
PBMC,100000,0.0115083,large,train,7000,4.0056,False
PBMC,100000,0.0115083,large,train,8000,3.9486,False
PBMC,100000,0.0115083,large,train,9000,3.9097,False
PBMC,100000,0.0115083,large,train,10000,3.8786,False
PBMC,100000,0.0115083,large,train,11000,3.8593,False
PBMC,100000,0.0115083,large,train,12000,3.8435,False
PBMC,100000,0.0115083,large,train,13000,3.8201,False
PBMC,100000,0.0115083,large,train,14000,3.8107,False
PBMC,100000,0.0115083,large,train,15000,3.7909,False
PBMC,100000,0.0115083,large,train,16000,3.7841,False
PBMC,100000,0.0115083,large,train,17000,3.7737,False
PBMC,100000,0.0115083,large,train,18000,3.7576,False
PBMC,100000,0.0115083,large,train,19000,3.7488,False
PBMC,100000,0.0115083,large,train,20000,3.7442,False
PBMC,100000,0.0115083,large,train,21000,3.7329,False
PBMC,100000,0.0115083,large,train,22000,3.7274,False
PBMC,100000,0.0115083,large,train,23000,3.7186,False
PBMC,100000,0.0115083,large,train,24000,3.7159,False
PBMC,100000,0.0115083,large,train,25000,3.7116,False
PBMC,100000,0.0115083,large,train,26000,3.6965,False
PBMC,100000,0.0115083,large,train,27000,3.6968,False
PBMC,100000,0.0115083,large,train,28000,3.6928,False
PBMC,100000,0.0115083,large,train,29000,3.6827,False
PBMC,100000,0.0115083,large,train,30000,3.6758,False
PBMC,100000,0.0115083,large,train,31000,3.6763,False
PBMC,100000,0.0115083,large,train,32000,3.6699,False
PBMC,100000,0.0115083,large,train,33000,3.6762,False
PBMC,100000,0.0115083,large,train,34000,3.6669,False
PBMC,100000,0.0115083,large,train,35000,3.661,False
PBMC,100000,0.0115083,large,val,1000,6.758869647979736,False
PBMC,100000,0.0115083,large,val,2000,5.523306846618652,False
PBMC,100000,0.0115083,large,val,3000,4.936817169189453,False
PBMC,100000,0.0115083,large,val,4000,4.27244234085083,False
PBMC,100000,0.0115083,large,val,5000,3.967097282409668,False
PBMC,100000,0.0115083,large,val,6000,3.8145947456359863,False
PBMC,100000,0.0115083,large,val,7000,3.8057358264923096,False
PBMC,100000,0.0115083,large,val,8000,3.6757736206054688,False
PBMC,100000,0.0115083,large,val,9000,3.6185250282287598,False
PBMC,100000,0.0115083,large,val,10000,3.5810606479644775,False
PBMC,100000,0.0115083,large,val,11000,3.632148265838623,False
PBMC,100000,0.0115083,large,val,12000,3.5552544593811035,False
PBMC,100000,0.0115083,large,val,13000,3.5849077701568604,False
PBMC,100000,0.0115083,large,val,14000,3.5645439624786377,False
PBMC,100000,0.0115083,large,val,15000,3.5278842449188232,False
PBMC,100000,0.0115083,large,val,16000,3.5311217308044434,False
PBMC,100000,0.0115083,large,val,17000,3.499396324157715,False
PBMC,100000,0.0115083,large,val,18000,3.5093700885772705,False
PBMC,100000,0.0115083,large,val,19000,3.508133888244629,False
PBMC,100000,0.0115083,large,val,20000,3.5136990547180176,False
PBMC,100000,0.0115083,large,val,21000,3.5049614906311035,False
PBMC,100000,0.0115083,large,val,22000,3.498487710952759,False
PBMC,100000,0.0115083,large,val,23000,3.5064165592193604,False
PBMC,100000,0.0115083,large,val,24000,3.4860827922821045,False
PBMC,100000,0.0115083,large,val,25000,3.4508345127105713,False
PBMC,100000,0.0115083,large,val,26000,3.476921319961548,False
PBMC,100000,0.0115083,large,val,27000,3.4607622623443604,False
PBMC,100000,0.0115083,large,val,28000,3.4818153381347656,False
PBMC,100000,0.0115083,large,val,29000,3.4142839908599854,False
PBMC,100000,0.0115083,large,val,30000,3.3857500553131104,False
PBMC,100000,0.0115083,large,val,31000,3.428819179534912,False
PBMC,100000,0.0115083,large,val,32000,3.436479091644287,False
PBMC,100000,0.0115083,large,val,33000,3.4563748836517334,False
PBMC,100000,0.0115083,large,val,34000,3.4443392753601074,False
PBMC,100000,0.0115083,large,val,35000,3.389584541320801,False
PBMC,100000,0.0115083,large,val,30000,3.3857500553131104,True
PBMC,100000,0.02422,large,train,1000,8.0175,False
PBMC,100000,0.02422,large,train,2000,6.0495,False
PBMC,100000,0.02422,large,train,3000,5.2872,False
PBMC,100000,0.02422,large,train,4000,4.8556,False
PBMC,100000,0.02422,large,train,5000,4.2773,False
PBMC,100000,0.02422,large,train,6000,3.9411,False
PBMC,100000,0.02422,large,train,7000,3.7634,False
PBMC,100000,0.02422,large,train,8000,3.6663,False
PBMC,100000,0.02422,large,train,9000,3.6023,False
PBMC,100000,0.02422,large,train,10000,3.5608,False
PBMC,100000,0.02422,large,train,11000,3.5352,False
PBMC,100000,0.02422,large,train,12000,3.5008,False
PBMC,100000,0.02422,large,train,13000,3.4841,False
PBMC,100000,0.02422,large,train,14000,3.47,False
PBMC,100000,0.02422,large,train,15000,3.4511,False
PBMC,100000,0.02422,large,train,16000,3.4446,False
PBMC,100000,0.02422,large,train,17000,3.4248,False
PBMC,100000,0.02422,large,train,18000,3.4223,False
PBMC,100000,0.02422,large,train,19000,3.407,False
PBMC,100000,0.02422,large,train,20000,3.398,False
PBMC,100000,0.02422,large,train,21000,3.3922,False
PBMC,100000,0.02422,large,train,22000,3.3866,False
PBMC,100000,0.02422,large,train,23000,3.375,False
PBMC,100000,0.02422,large,train,24000,3.3698,False
PBMC,100000,0.02422,large,train,25000,3.3722,False
PBMC,100000,0.02422,large,train,26000,3.3558,False
PBMC,100000,0.02422,large,train,27000,3.3568,False
PBMC,100000,0.02422,large,train,28000,3.3507,False
PBMC,100000,0.02422,large,train,29000,3.3462,False
PBMC,100000,0.02422,large,train,30000,3.3422,False
PBMC,100000,0.02422,large,train,31000,3.3389,False
PBMC,100000,0.02422,large,train,32000,3.3285,False
PBMC,100000,0.02422,large,train,33000,3.3305,False
PBMC,100000,0.02422,large,train,34000,3.3292,False
PBMC,100000,0.02422,large,train,35000,3.3244,False
PBMC,100000,0.02422,large,train,36000,3.3211,False
PBMC,100000,0.02422,large,train,37000,3.318,False
PBMC,100000,0.02422,large,train,38000,3.3158,False
PBMC,100000,0.02422,large,train,39000,3.313,False
PBMC,100000,0.02422,large,train,40000,3.3081,False
PBMC,100000,0.02422,large,val,1000,6.954713344573975,False
PBMC,100000,0.02422,large,val,2000,5.556580066680908,False
PBMC,100000,0.02422,large,val,3000,5.144190311431885,False
PBMC,100000,0.02422,large,val,4000,4.645602703094482,False
PBMC,100000,0.02422,large,val,5000,3.984931707382202,False
PBMC,100000,0.02422,large,val,6000,3.7066123485565186,False
PBMC,100000,0.02422,large,val,7000,3.6354095935821533,False
PBMC,100000,0.02422,large,val,8000,3.5123345851898193,False
PBMC,100000,0.02422,large,val,9000,3.44406795501709,False
PBMC,100000,0.02422,large,val,10000,3.391007900238037,False
PBMC,100000,0.02422,large,val,11000,3.3746554851531982,False
PBMC,100000,0.02422,large,val,12000,3.3648226261138916,False
PBMC,100000,0.02422,large,val,13000,3.3770530223846436,False
PBMC,100000,0.02422,large,val,14000,3.343414545059204,False
PBMC,100000,0.02422,large,val,15000,3.2835915088653564,False
PBMC,100000,0.02422,large,val,16000,3.2819390296936035,False
PBMC,100000,0.02422,large,val,17000,3.298482894897461,False
PBMC,100000,0.02422,large,val,18000,3.2716875076293945,False
PBMC,100000,0.02422,large,val,19000,3.260483980178833,False
PBMC,100000,0.02422,large,val,20000,3.257110357284546,False
PBMC,100000,0.02422,large,val,21000,3.2378857135772705,False
PBMC,100000,0.02422,large,val,22000,3.2462871074676514,False
PBMC,100000,0.02422,large,val,23000,3.2308599948883057,False
PBMC,100000,0.02422,large,val,24000,3.225432872772217,False
PBMC,100000,0.02422,large,val,25000,3.2065060138702393,False
PBMC,100000,0.02422,large,val,26000,3.2300288677215576,False
PBMC,100000,0.02422,large,val,27000,3.187922954559326,False
PBMC,100000,0.02422,large,val,28000,3.192960739135742,False
PBMC,100000,0.02422,large,val,29000,3.1828866004943848,False
PBMC,100000,0.02422,large,val,30000,3.2143778800964355,False
PBMC,100000,0.02422,large,val,31000,3.209163188934326,False
PBMC,100000,0.02422,large,val,32000,3.1909008026123047,False
PBMC,100000,0.02422,large,val,33000,3.2070395946502686,False
PBMC,100000,0.02422,large,val,34000,3.1773476600646973,False
PBMC,100000,0.02422,large,val,35000,3.164994239807129,False
PBMC,100000,0.02422,large,val,36000,3.1695823669433594,False
PBMC,100000,0.02422,large,val,37000,3.1665947437286377,False
PBMC,100000,0.02422,large,val,38000,3.1954383850097656,False
PBMC,100000,0.02422,large,val,39000,3.1692826747894287,False
PBMC,100000,0.02422,large,val,40000,3.1697137355804443,False
PBMC,100000,0.02422,large,val,35000,3.164994239807129,True
PBMC,100000,0.050973,large,train,1000,8.2148,False
PBMC,100000,0.050973,large,train,2000,6.3466,False
PBMC,100000,0.050973,large,train,3000,5.5115,False
PBMC,100000,0.050973,large,train,4000,5.0269,False
PBMC,100000,0.050973,large,train,5000,4.3131,False
PBMC,100000,0.050973,large,train,6000,3.8706,False
PBMC,100000,0.050973,large,train,7000,3.6456,False
PBMC,100000,0.050973,large,train,8000,3.5286,False
PBMC,100000,0.050973,large,train,9000,3.4198,False
PBMC,100000,0.050973,large,train,11000,3.309,False
PBMC,100000,0.050973,large,train,12000,3.2737,False
PBMC,100000,0.050973,large,train,13000,3.2473,False
PBMC,100000,0.050973,large,train,14000,3.2282,False
PBMC,100000,0.050973,large,train,15000,3.2103,False
PBMC,100000,0.050973,large,train,16000,3.1929,False
PBMC,100000,0.050973,large,train,17000,3.1797,False
PBMC,100000,0.050973,large,train,18000,3.1664,False
PBMC,100000,0.050973,large,train,19000,3.1598,False
PBMC,100000,0.050973,large,train,20000,3.1474,False
PBMC,100000,0.050973,large,train,21000,3.1416,False
PBMC,100000,0.050973,large,train,22000,3.1323,False
PBMC,100000,0.050973,large,train,23000,3.1229,False
PBMC,100000,0.050973,large,train,24000,3.1207,False
PBMC,100000,0.050973,large,train,25000,3.1152,False
PBMC,100000,0.050973,large,train,26000,3.1027,False
PBMC,100000,0.050973,large,train,28000,3.097,False
PBMC,100000,0.050973,large,train,29000,3.0942,False
PBMC,100000,0.050973,large,train,30000,3.0903,False
PBMC,100000,0.050973,large,train,31000,3.084,False
PBMC,100000,0.050973,large,train,32000,3.0754,False
PBMC,100000,0.050973,large,train,33000,3.0763,False
PBMC,100000,0.050973,large,train,34000,3.0721,False
PBMC,100000,0.050973,large,train,35000,3.0681,False
PBMC,100000,0.050973,large,train,36000,3.0717,False
PBMC,100000,0.050973,large,train,37000,3.0667,False
PBMC,100000,0.050973,large,train,38000,3.0563,False
PBMC,100000,0.050973,large,train,39000,3.06,False
PBMC,100000,0.050973,large,train,40000,3.0546,False
PBMC,100000,0.050973,large,train,41000,3.0547,False
PBMC,100000,0.050973,large,train,42000,3.0496,False
PBMC,100000,0.050973,large,train,43000,3.0436,False
PBMC,100000,0.050973,large,train,45000,3.044,False
PBMC,100000,0.050973,large,train,46000,3.0397,False
PBMC,100000,0.050973,large,train,47000,3.0407,False
PBMC,100000,0.050973,large,train,48000,3.0363,False
PBMC,100000,0.050973,large,train,49000,3.034,False
PBMC,100000,0.050973,large,train,50000,3.0346,False
PBMC,100000,0.050973,large,train,51000,3.0274,False
PBMC,100000,0.050973,large,train,52000,3.0289,False
PBMC,100000,0.050973,large,train,53000,3.0277,False
PBMC,100000,0.050973,large,val,1000,7.360782146453857,False
PBMC,100000,0.050973,large,val,2000,5.882369518280029,False
PBMC,100000,0.050973,large,val,3000,5.426224708557129,False
PBMC,100000,0.050973,large,val,4000,4.7359514236450195,False
PBMC,100000,0.050973,large,val,5000,4.071624279022217,False
PBMC,100000,0.050973,large,val,6000,3.7598133087158203,False
PBMC,100000,0.050973,large,val,7000,3.5625617504119873,False
PBMC,100000,0.050973,large,val,8000,3.3893418312072754,False
PBMC,100000,0.050973,large,val,9000,3.3131136894226074,False
PBMC,100000,0.050973,large,val,11000,3.2046775817871094,False
PBMC,100000,0.050973,large,val,12000,3.172640085220337,False
PBMC,100000,0.050973,large,val,13000,3.167147159576416,False
PBMC,100000,0.050973,large,val,14000,3.134009838104248,False
PBMC,100000,0.050973,large,val,15000,3.0968549251556396,False
PBMC,100000,0.050973,large,val,16000,3.065891742706299,False
PBMC,100000,0.050973,large,val,17000,3.0862622261047363,False
PBMC,100000,0.050973,large,val,18000,3.068993091583252,False
PBMC,100000,0.050973,large,val,19000,3.06085205078125,False
PBMC,100000,0.050973,large,val,20000,3.050433874130249,False
PBMC,100000,0.050973,large,val,21000,3.0222363471984863,False
PBMC,100000,0.050973,large,val,22000,3.011600971221924,False
PBMC,100000,0.050973,large,val,23000,2.9919235706329346,False
PBMC,100000,0.050973,large,val,24000,3.0337235927581787,False
PBMC,100000,0.050973,large,val,25000,2.9925520420074463,False
PBMC,100000,0.050973,large,val,26000,2.991553783416748,False
PBMC,100000,0.050973,large,val,28000,2.999736785888672,False
PBMC,100000,0.050973,large,val,29000,2.978238105773926,False
PBMC,100000,0.050973,large,val,30000,2.9884815216064453,False
PBMC,100000,0.050973,large,val,31000,2.9823720455169678,False
PBMC,100000,0.050973,large,val,32000,2.9776430130004883,False
PBMC,100000,0.050973,large,val,33000,2.9865400791168213,False
PBMC,100000,0.050973,large,val,34000,2.9654078483581543,False
PBMC,100000,0.050973,large,val,35000,2.9472262859344482,False
PBMC,100000,0.050973,large,val,36000,2.9815235137939453,False
PBMC,100000,0.050973,large,val,37000,2.983719825744629,False
PBMC,100000,0.050973,large,val,38000,2.966134786605835,False
PBMC,100000,0.050973,large,val,39000,2.947129726409912,False
PBMC,100000,0.050973,large,val,40000,2.9621455669403076,False
PBMC,100000,0.050973,large,val,41000,2.9423389434814453,False
PBMC,100000,0.050973,large,val,42000,2.9535722732543945,False
PBMC,100000,0.050973,large,val,43000,2.948910713195801,False
PBMC,100000,0.050973,large,val,45000,2.952162742614746,False
PBMC,100000,0.050973,large,val,46000,2.945918560028076,False
PBMC,100000,0.050973,large,val,47000,2.950512647628784,False
PBMC,100000,0.050973,large,val,48000,2.9192137718200684,False
PBMC,100000,0.050973,large,val,49000,2.9442827701568604,False
PBMC,100000,0.050973,large,val,50000,2.937225580215454,False
PBMC,100000,0.050973,large,val,51000,2.945876121520996,False
PBMC,100000,0.050973,large,val,52000,2.9232168197631836,False
PBMC,100000,0.050973,large,val,53000,2.9318764209747314,False
PBMC,100000,0.050973,large,val,48000,2.9192137718200684,True
PBMC,100000,0.1072766,large,train,1000,8.5895,False
PBMC,100000,0.1072766,large,train,2000,6.5697,False
PBMC,100000,0.1072766,large,train,3000,5.7054,False
PBMC,100000,0.1072766,large,train,5000,4.5605,False
PBMC,100000,0.1072766,large,train,6000,3.9274,False
PBMC,100000,0.1072766,large,train,7000,3.644,False
PBMC,100000,0.1072766,large,train,8000,3.5139,False
PBMC,100000,0.1072766,large,train,10000,3.3482,False
PBMC,100000,0.1072766,large,train,11000,3.2825,False
PBMC,100000,0.1072766,large,train,12000,3.225,False
PBMC,100000,0.1072766,large,train,13000,3.1892,False
PBMC,100000,0.1072766,large,train,15000,3.1424,False
PBMC,100000,0.1072766,large,train,16000,3.1253,False
PBMC,100000,0.1072766,large,train,17000,3.1087,False
PBMC,100000,0.1072766,large,train,18000,3.0938,False
PBMC,100000,0.1072766,large,train,20000,3.0754,False
PBMC,100000,0.1072766,large,train,21000,3.0676,False
PBMC,100000,0.1072766,large,train,22000,3.0585,False
PBMC,100000,0.1072766,large,train,23000,3.0475,False
PBMC,100000,0.1072766,large,train,25000,3.0356,False
PBMC,100000,0.1072766,large,train,26000,3.0306,False
PBMC,100000,0.1072766,large,train,27000,3.0256,False
PBMC,100000,0.1072766,large,train,28000,3.0213,False
PBMC,100000,0.1072766,large,train,30000,3.009,False
PBMC,100000,0.1072766,large,train,31000,3.0056,False
PBMC,100000,0.1072766,large,train,32000,3.0007,False
PBMC,100000,0.1072766,large,train,33000,2.9978,False
PBMC,100000,0.1072766,large,train,35000,2.992,False
PBMC,100000,0.1072766,large,train,36000,2.9849,False
PBMC,100000,0.1072766,large,train,37000,2.9814,False
PBMC,100000,0.1072766,large,train,38000,2.984,False
PBMC,100000,0.1072766,large,train,40000,2.9746,False
PBMC,100000,0.1072766,large,train,41000,2.9741,False
PBMC,100000,0.1072766,large,train,42000,2.9715,False
PBMC,100000,0.1072766,large,train,43000,2.9643,False
PBMC,100000,0.1072766,large,train,45000,2.9654,False
PBMC,100000,0.1072766,large,train,46000,2.9619,False
PBMC,100000,0.1072766,large,train,47000,2.9634,False
PBMC,100000,0.1072766,large,train,48000,2.9575,False
PBMC,100000,0.1072766,large,train,50000,2.954,False
PBMC,100000,0.1072766,large,train,51000,2.9522,False
PBMC,100000,0.1072766,large,train,52000,2.9519,False
PBMC,100000,0.1072766,large,train,53000,2.9495,False
PBMC,100000,0.1072766,large,train,55000,2.9431,False
PBMC,100000,0.1072766,large,train,56000,2.9444,False
PBMC,100000,0.1072766,large,train,57000,2.9458,False
PBMC,100000,0.1072766,large,train,58000,2.9427,False
PBMC,100000,0.1072766,large,train,60000,2.9366,False
PBMC,100000,0.1072766,large,train,61000,2.9379,False
PBMC,100000,0.1072766,large,train,62000,2.935,False
PBMC,100000,0.1072766,large,val,1000,7.622828006744385,False
PBMC,100000,0.1072766,large,val,2000,6.3285322189331055,False
PBMC,100000,0.1072766,large,val,3000,5.5005950927734375,False
PBMC,100000,0.1072766,large,val,5000,4.193338871002197,False
PBMC,100000,0.1072766,large,val,6000,3.73500394821167,False
PBMC,100000,0.1072766,large,val,7000,3.5742101669311523,False
PBMC,100000,0.1072766,large,val,8000,3.4084906578063965,False
PBMC,100000,0.1072766,large,val,10000,3.2759034633636475,False
PBMC,100000,0.1072766,large,val,11000,3.241101026535034,False
PBMC,100000,0.1072766,large,val,12000,3.2119386196136475,False
PBMC,100000,0.1072766,large,val,13000,3.1436915397644043,False
PBMC,100000,0.1072766,large,val,15000,3.082322835922241,False
PBMC,100000,0.1072766,large,val,16000,3.0744197368621826,False
PBMC,100000,0.1072766,large,val,17000,3.04473876953125,False
PBMC,100000,0.1072766,large,val,18000,3.079298257827759,False
PBMC,100000,0.1072766,large,val,20000,3.048321485519409,False
PBMC,100000,0.1072766,large,val,21000,3.0231404304504395,False
PBMC,100000,0.1072766,large,val,22000,3.028852939605713,False
PBMC,100000,0.1072766,large,val,23000,3.0239033699035645,False
PBMC,100000,0.1072766,large,val,25000,3.022845983505249,False
PBMC,100000,0.1072766,large,val,26000,2.9916114807128906,False
PBMC,100000,0.1072766,large,val,27000,2.982421875,False
PBMC,100000,0.1072766,large,val,28000,2.9679298400878906,False
PBMC,100000,0.1072766,large,val,30000,2.9809415340423584,False
PBMC,100000,0.1072766,large,val,31000,2.986661195755005,False
PBMC,100000,0.1072766,large,val,32000,2.9629483222961426,False
PBMC,100000,0.1072766,large,val,33000,2.9448859691619873,False
PBMC,100000,0.1072766,large,val,35000,2.9626829624176025,False
PBMC,100000,0.1072766,large,val,36000,2.9605040550231934,False
PBMC,100000,0.1072766,large,val,37000,2.9564311504364014,False
PBMC,100000,0.1072766,large,val,38000,2.9377753734588623,False
PBMC,100000,0.1072766,large,val,40000,2.937429189682007,False
PBMC,100000,0.1072766,large,val,41000,2.959735870361328,False
PBMC,100000,0.1072766,large,val,42000,2.953678607940674,False
PBMC,100000,0.1072766,large,val,43000,2.936108350753784,False
PBMC,100000,0.1072766,large,val,45000,2.9421255588531494,False
PBMC,100000,0.1072766,large,val,46000,2.9318125247955322,False
PBMC,100000,0.1072766,large,val,47000,2.9319424629211426,False
PBMC,100000,0.1072766,large,val,48000,2.939469337463379,False
PBMC,100000,0.1072766,large,val,50000,2.9307668209075928,False
PBMC,100000,0.1072766,large,val,51000,2.9133315086364746,False
PBMC,100000,0.1072766,large,val,52000,2.9161272048950195,False
PBMC,100000,0.1072766,large,val,53000,2.9184300899505615,False
PBMC,100000,0.1072766,large,val,55000,2.9112563133239746,False
PBMC,100000,0.1072766,large,val,56000,2.916827440261841,False
PBMC,100000,0.1072766,large,val,57000,2.900027275085449,False
PBMC,100000,0.1072766,large,val,58000,2.9176135063171387,False
PBMC,100000,0.1072766,large,val,60000,2.9193739891052246,False
PBMC,100000,0.1072766,large,val,61000,2.9144163131713867,False
PBMC,100000,0.1072766,large,val,62000,2.9033961296081543,False
PBMC,100000,0.1072766,large,val,57000,2.900027275085449,True
PBMC,100000,0.225772,large,train,1000,8.9494,False
PBMC,100000,0.225772,large,train,2000,7.0683,False
PBMC,100000,0.225772,large,train,3000,6.1058,False
PBMC,100000,0.225772,large,train,4000,5.2499,False
PBMC,100000,0.225772,large,train,5000,4.2782,False
PBMC,100000,0.225772,large,train,6000,3.8072,False
PBMC,100000,0.225772,large,train,7000,3.6034,False
PBMC,100000,0.225772,large,train,8000,3.514,False
PBMC,100000,0.225772,large,train,9000,3.4565,False
PBMC,100000,0.225772,large,train,10000,3.4159,False
PBMC,100000,0.225772,large,train,11000,3.389,False
PBMC,100000,0.225772,large,train,12000,3.3632,False
PBMC,100000,0.225772,large,train,13000,3.3457,False
PBMC,100000,0.225772,large,train,14000,3.3304,False
PBMC,100000,0.225772,large,train,15000,3.3163,False
PBMC,100000,0.225772,large,train,16000,3.3054,False
PBMC,100000,0.225772,large,train,17000,3.2954,False
PBMC,100000,0.225772,large,train,18000,3.2842,False
PBMC,100000,0.225772,large,train,19000,3.2804,False
PBMC,100000,0.225772,large,train,20000,3.2709,False
PBMC,100000,0.225772,large,train,21000,3.2638,False
PBMC,100000,0.225772,large,train,22000,3.2585,False
PBMC,100000,0.225772,large,train,23000,3.2525,False
PBMC,100000,0.225772,large,train,24000,3.2482,False
PBMC,100000,0.225772,large,train,25000,3.2444,False
PBMC,100000,0.225772,large,train,26000,3.24,False
PBMC,100000,0.225772,large,train,27000,3.2336,False
PBMC,100000,0.225772,large,train,28000,3.2339,False
PBMC,100000,0.225772,large,train,29000,3.2246,False
PBMC,100000,0.225772,large,train,30000,3.2239,False
PBMC,100000,0.225772,large,train,31000,3.2212,False
PBMC,100000,0.225772,large,train,32000,3.2168,False
PBMC,100000,0.225772,large,train,33000,3.2148,False
PBMC,100000,0.225772,large,train,34000,3.2108,False
PBMC,100000,0.225772,large,train,35000,3.2068,False
PBMC,100000,0.225772,large,train,36000,3.2048,False
PBMC,100000,0.225772,large,train,37000,3.2017,False
PBMC,100000,0.225772,large,val,1000,7.939183712005615,False
PBMC,100000,0.225772,large,val,2000,6.425516605377197,False
PBMC,100000,0.225772,large,val,3000,5.606573104858398,False
PBMC,100000,0.225772,large,val,4000,4.650821208953857,False
PBMC,100000,0.225772,large,val,5000,3.9383320808410645,False
PBMC,100000,0.225772,large,val,6000,3.6284546852111816,False
PBMC,100000,0.225772,large,val,7000,3.4989829063415527,False
PBMC,100000,0.225772,large,val,8000,3.443871021270752,False
PBMC,100000,0.225772,large,val,9000,3.3744900226593018,False
PBMC,100000,0.225772,large,val,10000,3.344632387161255,False
PBMC,100000,0.225772,large,val,11000,3.354414463043213,False
PBMC,100000,0.225772,large,val,12000,3.32015061378479,False
PBMC,100000,0.225772,large,val,13000,3.300976514816284,False
PBMC,100000,0.225772,large,val,14000,3.287980794906616,False
PBMC,100000,0.225772,large,val,15000,3.2628908157348633,False
PBMC,100000,0.225772,large,val,16000,3.2678730487823486,False
PBMC,100000,0.225772,large,val,17000,3.2727041244506836,False
PBMC,100000,0.225772,large,val,18000,3.265056610107422,False
PBMC,100000,0.225772,large,val,19000,3.2310400009155273,False
PBMC,100000,0.225772,large,val,20000,3.23775053024292,False
PBMC,100000,0.225772,large,val,21000,3.229384183883667,False
PBMC,100000,0.225772,large,val,22000,3.230419397354126,False
PBMC,100000,0.225772,large,val,23000,3.2348830699920654,False
PBMC,100000,0.225772,large,val,24000,3.211660623550415,False
PBMC,100000,0.225772,large,val,25000,3.218052625656128,False
PBMC,100000,0.225772,large,val,26000,3.211656332015991,False
PBMC,100000,0.225772,large,val,27000,3.212367296218872,False
PBMC,100000,0.225772,large,val,28000,3.1969544887542725,False
PBMC,100000,0.225772,large,val,29000,3.195087432861328,False
PBMC,100000,0.225772,large,val,30000,3.2026946544647217,False
PBMC,100000,0.225772,large,val,31000,3.1912529468536377,False
PBMC,100000,0.225772,large,val,32000,3.174859046936035,False
PBMC,100000,0.225772,large,val,33000,3.2004005908966064,False
PBMC,100000,0.225772,large,val,34000,3.1762607097625732,False
PBMC,100000,0.225772,large,val,35000,3.1882588863372803,False
PBMC,100000,0.225772,large,val,36000,3.1821048259735107,False
PBMC,100000,0.225772,large,val,37000,3.1888675689697266,False
PBMC,100000,0.225772,large,val,32000,3.174859046936035,True
PBMC,100000,0.4751547,large,train,1000,9.1614,False
PBMC,100000,0.4751547,large,train,2000,7.4361,False
PBMC,100000,0.4751547,large,train,3000,5.745,False
PBMC,100000,0.4751547,large,train,4000,4.7255,False
PBMC,100000,0.4751547,large,train,5000,4.1306,False
PBMC,100000,0.4751547,large,train,6000,3.8638,False
PBMC,100000,0.4751547,large,train,7000,3.7313,False
PBMC,100000,0.4751547,large,train,8000,3.6587,False
PBMC,100000,0.4751547,large,train,9000,3.6116,False
PBMC,100000,0.4751547,large,train,10000,3.5774,False
PBMC,100000,0.4751547,large,train,11000,3.5519,False
PBMC,100000,0.4751547,large,train,12000,3.5276,False
PBMC,100000,0.4751547,large,train,13000,3.5111,False
PBMC,100000,0.4751547,large,train,14000,3.4967,False
PBMC,100000,0.4751547,large,train,15000,3.4803,False
PBMC,100000,0.4751547,large,train,16000,3.4714,False
PBMC,100000,0.4751547,large,train,17000,3.4599,False
PBMC,100000,0.4751547,large,train,18000,3.4493,False
PBMC,100000,0.4751547,large,train,19000,3.4412,False
PBMC,100000,0.4751547,large,train,20000,3.4339,False
PBMC,100000,0.4751547,large,train,21000,3.4254,False
PBMC,100000,0.4751547,large,train,22000,3.4199,False
PBMC,100000,0.4751547,large,train,23000,3.4119,False
PBMC,100000,0.4751547,large,train,24000,3.4064,False
PBMC,100000,0.4751547,large,train,25000,3.4021,False
PBMC,100000,0.4751547,large,train,26000,3.396,False
PBMC,100000,0.4751547,large,train,27000,3.392,False
PBMC,100000,0.4751547,large,train,28000,3.3899,False
PBMC,100000,0.4751547,large,train,29000,3.3828,False
PBMC,100000,0.4751547,large,train,30000,3.3811,False
PBMC,100000,0.4751547,large,train,31000,3.375,False
PBMC,100000,0.4751547,large,train,32000,3.3731,False
PBMC,100000,0.4751547,large,train,33000,3.3695,False
PBMC,100000,0.4751547,large,train,34000,3.3662,False
PBMC,100000,0.4751547,large,train,35000,3.3622,False
PBMC,100000,0.4751547,large,train,36000,3.3613,False
PBMC,100000,0.4751547,large,train,37000,3.3547,False
PBMC,100000,0.4751547,large,train,38000,3.3539,False
PBMC,100000,0.4751547,large,train,39000,3.3525,False
PBMC,100000,0.4751547,large,train,40000,3.3467,False
PBMC,100000,0.4751547,large,train,41000,3.3469,False
PBMC,100000,0.4751547,large,train,42000,3.3428,False
PBMC,100000,0.4751547,large,val,1000,8.54612922668457,False
PBMC,100000,0.4751547,large,val,2000,6.285776138305664,False
PBMC,100000,0.4751547,large,val,3000,5.137252330780029,False
PBMC,100000,0.4751547,large,val,4000,4.2780022621154785,False
PBMC,100000,0.4751547,large,val,5000,3.91707181930542,False
PBMC,100000,0.4751547,large,val,6000,3.7304837703704834,False
PBMC,100000,0.4751547,large,val,7000,3.62703275680542,False
PBMC,100000,0.4751547,large,val,8000,3.580136299133301,False
PBMC,100000,0.4751547,large,val,9000,3.5444116592407227,False
PBMC,100000,0.4751547,large,val,10000,3.5134458541870117,False
PBMC,100000,0.4751547,large,val,11000,3.501441478729248,False
PBMC,100000,0.4751547,large,val,12000,3.4804375171661377,False
PBMC,100000,0.4751547,large,val,13000,3.4570674896240234,False
PBMC,100000,0.4751547,large,val,14000,3.453218460083008,False
PBMC,100000,0.4751547,large,val,15000,3.4286913871765137,False
PBMC,100000,0.4751547,large,val,16000,3.4324960708618164,False
PBMC,100000,0.4751547,large,val,17000,3.4105653762817383,False
PBMC,100000,0.4751547,large,val,18000,3.41324520111084,False
PBMC,100000,0.4751547,large,val,19000,3.411370038986206,False
PBMC,100000,0.4751547,large,val,20000,3.388075113296509,False
PBMC,100000,0.4751547,large,val,21000,3.389134168624878,False
PBMC,100000,0.4751547,large,val,22000,3.3840835094451904,False
PBMC,100000,0.4751547,large,val,23000,3.3689942359924316,False
PBMC,100000,0.4751547,large,val,24000,3.3653299808502197,False
PBMC,100000,0.4751547,large,val,25000,3.3662521839141846,False
PBMC,100000,0.4751547,large,val,26000,3.3617329597473145,False
PBMC,100000,0.4751547,large,val,27000,3.350043773651123,False
PBMC,100000,0.4751547,large,val,28000,3.3562190532684326,False
PBMC,100000,0.4751547,large,val,29000,3.3516488075256348,False
PBMC,100000,0.4751547,large,val,30000,3.349219799041748,False
PBMC,100000,0.4751547,large,val,31000,3.335874557495117,False
PBMC,100000,0.4751547,large,val,32000,3.349849224090576,False
PBMC,100000,0.4751547,large,val,33000,3.345703601837158,False
PBMC,100000,0.4751547,large,val,34000,3.3277719020843506,False
PBMC,100000,0.4751547,large,val,35000,3.3273165225982666,False
PBMC,100000,0.4751547,large,val,36000,3.3327035903930664,False
PBMC,100000,0.4751547,large,val,37000,3.3117904663085938,False
PBMC,100000,0.4751547,large,val,38000,3.334603786468506,False
PBMC,100000,0.4751547,large,val,39000,3.320188045501709,False
PBMC,100000,0.4751547,large,val,40000,3.322153329849243,False
PBMC,100000,0.4751547,large,val,41000,3.316161632537842,False
PBMC,100000,0.4751547,large,val,42000,3.3257882595062256,False
PBMC,100000,0.4751547,large,val,37000,3.3117904663085938,True
PBMC,100000,1.0,large,train,1000,8.9253,False
PBMC,100000,1.0,large,train,2000,7.3357,False
PBMC,100000,1.0,large,train,3000,5.9693,False
PBMC,100000,1.0,large,train,4000,5.1333,False
PBMC,100000,1.0,large,train,5000,4.5616,False
PBMC,100000,1.0,large,train,6000,4.2497,False
PBMC,100000,1.0,large,train,7000,4.0742,False
PBMC,100000,1.0,large,train,8000,3.9716,False
PBMC,100000,1.0,large,train,9000,3.9063,False
PBMC,100000,1.0,large,train,10000,3.8569,False
PBMC,100000,1.0,large,train,11000,3.8199,False
PBMC,100000,1.0,large,train,12000,3.7872,False
PBMC,100000,1.0,large,train,13000,3.763,False
PBMC,100000,1.0,large,train,14000,3.7433,False
PBMC,100000,1.0,large,train,15000,3.7218,False
PBMC,100000,1.0,large,train,16000,3.709,False
PBMC,100000,1.0,large,train,17000,3.6947,False
PBMC,100000,1.0,large,train,18000,3.681,False
PBMC,100000,1.0,large,train,19000,3.6714,False
PBMC,100000,1.0,large,train,20000,3.6602,False
PBMC,100000,1.0,large,train,21000,3.6505,False
PBMC,100000,1.0,large,train,22000,3.6431,False
PBMC,100000,1.0,large,train,23000,3.6338,False
PBMC,100000,1.0,large,train,24000,3.6279,False
PBMC,100000,1.0,large,train,25000,3.6202,False
PBMC,100000,1.0,large,train,26000,3.6129,False
PBMC,100000,1.0,large,train,27000,3.6077,False
PBMC,100000,1.0,large,train,28000,3.6029,False
PBMC,100000,1.0,large,train,29000,3.5961,False
PBMC,100000,1.0,large,train,30000,3.5936,False
PBMC,100000,1.0,large,train,31000,3.5868,False
PBMC,100000,1.0,large,train,32000,3.5814,False
PBMC,100000,1.0,large,train,33000,3.5778,False
PBMC,100000,1.0,large,train,34000,3.5725,False
PBMC,100000,1.0,large,train,35000,3.5676,False
PBMC,100000,1.0,large,train,36000,3.5654,False
PBMC,100000,1.0,large,train,37000,3.5595,False
PBMC,100000,1.0,large,train,38000,3.5562,False
PBMC,100000,1.0,large,train,39000,3.555,False
PBMC,100000,1.0,large,train,40000,3.547,False
PBMC,100000,1.0,large,train,41000,3.5466,False
PBMC,100000,1.0,large,train,42000,3.5412,False
PBMC,100000,1.0,large,val,1000,8.200514793395996,False
PBMC,100000,1.0,large,val,2000,6.475069522857666,False
PBMC,100000,1.0,large,val,3000,5.531692981719971,False
PBMC,100000,1.0,large,val,4000,4.763672351837158,False
PBMC,100000,1.0,large,val,5000,4.354464054107666,False
PBMC,100000,1.0,large,val,6000,4.106442451477051,False
PBMC,100000,1.0,large,val,7000,3.9779744148254395,False
PBMC,100000,1.0,large,val,8000,3.9068832397460938,False
PBMC,100000,1.0,large,val,9000,3.841663122177124,False
PBMC,100000,1.0,large,val,10000,3.8171112537384033,False
PBMC,100000,1.0,large,val,11000,3.770425796508789,False
PBMC,100000,1.0,large,val,12000,3.7515056133270264,False
PBMC,100000,1.0,large,val,13000,3.717144727706909,False
PBMC,100000,1.0,large,val,14000,3.713651657104492,False
PBMC,100000,1.0,large,val,15000,3.692664623260498,False
PBMC,100000,1.0,large,val,16000,3.681702136993408,False
PBMC,100000,1.0,large,val,17000,3.6601271629333496,False
PBMC,100000,1.0,large,val,18000,3.6463570594787598,False
PBMC,100000,1.0,large,val,19000,3.651564836502075,False
PBMC,100000,1.0,large,val,20000,3.626432180404663,False
PBMC,100000,1.0,large,val,21000,3.6252992153167725,False
PBMC,100000,1.0,large,val,22000,3.630594253540039,False
PBMC,100000,1.0,large,val,23000,3.604764699935913,False
PBMC,100000,1.0,large,val,24000,3.5971410274505615,False
PBMC,100000,1.0,large,val,25000,3.595370054244995,False
PBMC,100000,1.0,large,val,26000,3.5955750942230225,False
PBMC,100000,1.0,large,val,27000,3.583341360092163,False
PBMC,100000,1.0,large,val,28000,3.5785422325134277,False
PBMC,100000,1.0,large,val,29000,3.5684032440185547,False
PBMC,100000,1.0,large,val,30000,3.5787134170532227,False
PBMC,100000,1.0,large,val,31000,3.567938804626465,False
PBMC,100000,1.0,large,val,32000,3.5641446113586426,False
PBMC,100000,1.0,large,val,33000,3.570310115814209,False
PBMC,100000,1.0,large,val,34000,3.5521557331085205,False
PBMC,100000,1.0,large,val,35000,3.5515401363372803,False
PBMC,100000,1.0,large,val,36000,3.5426523685455322,False
PBMC,100000,1.0,large,val,37000,3.526925563812256,False
PBMC,100000,1.0,large,val,38000,3.538837194442749,False
PBMC,100000,1.0,large,val,39000,3.5349018573760986,False
PBMC,100000,1.0,large,val,40000,3.5434751510620117,False
PBMC,100000,1.0,large,val,41000,3.53143572807312,False
PBMC,100000,1.0,large,val,42000,3.5310652256011963,False
PBMC,100000,1.0,large,val,37000,3.526925563812256,True
shendure,100,0.004,small,train,1000,4.7099,False
shendure,100,0.004,small,train,2000,0.8887,False
shendure,100,0.004,small,train,3000,0.8518,False
shendure,100,0.004,small,train,4000,0.8995,False
shendure,100,0.004,small,train,5000,0.9521,False
shendure,100,0.004,small,train,6000,0.9344,False
shendure,100,0.004,small,val,1000,12.49637508392334,False
shendure,100,0.004,small,val,2000,13.136711120605469,False
shendure,100,0.004,small,val,3000,14.145377159118652,False
shendure,100,0.004,small,val,4000,16.183549880981445,False
shendure,100,0.004,small,val,5000,16.607080459594727,False
shendure,100,0.004,small,val,6000,17.528072357177734,False
shendure,100,0.004,small,val,1000,12.49637508392334,True
shendure,100,0.0073875,small,train,1000,6.0662,False
shendure,100,0.0073875,small,train,2000,0.5029,False
shendure,100,0.0073875,small,train,3000,0.162,False
shendure,100,0.0073875,small,train,4000,0.1801,False
shendure,100,0.0073875,small,train,5000,0.2249,False
shendure,100,0.0073875,small,train,6000,0.2447,False
shendure,100,0.0073875,small,val,1000,11.395308494567871,False
shendure,100,0.0073875,small,val,2000,13.250643730163574,False
shendure,100,0.0073875,small,val,3000,14.690094947814941,False
shendure,100,0.0073875,small,val,4000,15.264636993408203,False
shendure,100,0.0073875,small,val,5000,16.98800277709961,False
shendure,100,0.0073875,small,val,6000,17.096921920776367,False
shendure,100,0.0073875,small,val,1000,11.395308494567871,True
shendure,100,0.0136438,small,train,1000,6.8398,False
shendure,100,0.0136438,small,val,1000,10.54843521118164,False
shendure,100,0.0136438,small,val,1000,10.54843521118164,True
shendure,100,0.0251984,small,train,1000,7.5491,False
shendure,100,0.0251984,small,train,2000,1.7177,False
shendure,100,0.0251984,small,val,1000,9.669234275817871,False
shendure,100,0.0251984,small,val,2000,11.888949394226074,False
shendure,100,0.0251984,small,val,1000,9.669234275817871,True
shendure,100,0.0465384,small,train,1000,8.0053,False
shendure,100,0.0465384,small,train,2000,2.5176,False
shendure,100,0.0465384,small,train,3000,0.0523,False
shendure,100,0.0465384,small,train,4000,0.019,False
shendure,100,0.0465384,small,train,5000,0.0217,False
shendure,100,0.0465384,small,train,6000,0.0188,False
shendure,100,0.0465384,small,val,1000,9.194034576416016,False
shendure,100,0.0465384,small,val,2000,11.311017990112305,False
shendure,100,0.0465384,small,val,3000,12.95475959777832,False
shendure,100,0.0465384,small,val,4000,14.325078010559082,False
shendure,100,0.0465384,small,val,5000,15.925448417663574,False
shendure,100,0.0465384,small,val,6000,17.952449798583984,False
shendure,100,0.0465384,small,val,1000,9.194034576416016,True
shendure,100,0.0859506,small,train,1000,8.3619,False
shendure,100,0.0859506,small,train,2000,3.289,False
shendure,100,0.0859506,small,train,3000,0.1724,False
shendure,100,0.0859506,small,train,4000,0.028,False
shendure,100,0.0859506,small,train,5000,0.0259,False
shendure,100,0.0859506,small,train,6000,0.0213,False
shendure,100,0.0859506,small,val,1000,8.910499572753906,False
shendure,100,0.0859506,small,val,2000,10.784218788146973,False
shendure,100,0.0859506,small,val,3000,13.37679672241211,False
shendure,100,0.0859506,small,val,4000,14.716154098510742,False
shendure,100,0.0859506,small,val,5000,16.479398727416992,False
shendure,100,0.0859506,small,val,6000,18.251930236816406,False
shendure,100,0.0859506,small,val,1000,8.910499572753906,True
shendure,100,0.1587401,small,train,1000,8.6315,False
shendure,100,0.1587401,small,train,2000,3.9129,False
shendure,100,0.1587401,small,train,3000,0.4342,False
shendure,100,0.1587401,small,train,4000,0.0491,False
shendure,100,0.1587401,small,train,5000,0.0313,False
shendure,100,0.1587401,small,train,6000,0.0269,False
shendure,100,0.1587401,small,val,1000,8.889142990112305,False
shendure,100,0.1587401,small,val,2000,10.216259956359863,False
shendure,100,0.1587401,small,val,3000,13.032679557800293,False
shendure,100,0.1587401,small,val,4000,14.414043426513672,False
shendure,100,0.1587401,small,val,5000,15.876837730407715,False
shendure,100,0.1587401,small,val,6000,17.524477005004883,False
shendure,100,0.1587401,small,val,1000,8.889142990112305,True
shendure,100,0.2931733,small,train,1000,8.8627,False
shendure,100,0.2931733,small,train,2000,4.0926,False
shendure,100,0.2931733,small,train,3000,0.4767,False
shendure,100,0.2931733,small,train,4000,0.0623,False
shendure,100,0.2931733,small,train,5000,0.0347,False
shendure,100,0.2931733,small,train,6000,0.0272,False
shendure,100,0.2931733,small,val,1000,9.03196907043457,False
shendure,100,0.2931733,small,val,2000,10.350532531738281,False
shendure,100,0.2931733,small,val,3000,12.832180976867676,False
shendure,100,0.2931733,small,val,4000,14.246421813964844,False
shendure,100,0.2931733,small,val,5000,15.607263565063477,False
shendure,100,0.2931733,small,val,6000,17.12997055053711,False
shendure,100,0.2931733,small,val,1000,9.03196907043457,True
shendure,100,0.5414548,small,train,1000,8.9847,False
shendure,100,0.5414548,small,val,1000,9.161581993103027,False
shendure,100,0.5414548,small,val,1000,9.161581993103027,True
shendure,100,1.0,small,train,1000,8.9864,False
shendure,100,1.0,small,val,1000,9.12575626373291,False
shendure,100,1.0,small,val,1000,9.12575626373291,True
shendure,59948,0.004,medium,train,1000,9.3032,False
shendure,59948,0.004,medium,train,2000,8.1294,False
shendure,59948,0.004,medium,train,3000,7.5811,False
shendure,59948,0.004,medium,train,4000,7.2618,False
shendure,59948,0.004,medium,train,5000,7.0907,False
shendure,59948,0.004,medium,train,6000,7.0172,False
shendure,59948,0.004,medium,train,7000,6.8864,False
shendure,59948,0.004,medium,train,8000,6.8294,False
shendure,59948,0.004,medium,train,9000,6.7633,False
shendure,59948,0.004,medium,train,10000,6.7066,False
shendure,59948,0.004,medium,train,11000,6.6991,False
shendure,59948,0.004,medium,train,12000,6.635,False
shendure,59948,0.004,medium,train,13000,6.5932,False
shendure,59948,0.004,medium,train,14000,6.5826,False
shendure,59948,0.004,medium,train,15000,6.57,False
shendure,59948,0.004,medium,train,16000,6.5369,False
shendure,59948,0.004,medium,train,17000,6.4835,False
shendure,59948,0.004,medium,train,18000,6.5157,False
shendure,59948,0.004,medium,train,19000,6.465,False
shendure,59948,0.004,medium,train,20000,6.4569,False
shendure,59948,0.004,medium,train,21000,6.4541,False
shendure,59948,0.004,medium,train,22000,6.4102,False
shendure,59948,0.004,medium,train,23000,6.4054,False
shendure,59948,0.004,medium,train,24000,6.4055,False
shendure,59948,0.004,medium,train,25000,6.3507,False
shendure,59948,0.004,medium,val,1000,7.972585201263428,False
shendure,59948,0.004,medium,val,2000,6.961516380310059,False
shendure,59948,0.004,medium,val,3000,6.799217224121094,False
shendure,59948,0.004,medium,val,4000,6.3519768714904785,False
shendure,59948,0.004,medium,val,5000,6.216716766357422,False
shendure,59948,0.004,medium,val,6000,6.243819236755371,False
shendure,59948,0.004,medium,val,7000,5.9886956214904785,False
shendure,59948,0.004,medium,val,8000,6.033135890960693,False
shendure,59948,0.004,medium,val,9000,5.8735175132751465,False
shendure,59948,0.004,medium,val,10000,5.8512163162231445,False
shendure,59948,0.004,medium,val,11000,5.807326316833496,False
shendure,59948,0.004,medium,val,12000,5.827369213104248,False
shendure,59948,0.004,medium,val,13000,5.8769121170043945,False
shendure,59948,0.004,medium,val,14000,5.904415130615234,False
shendure,59948,0.004,medium,val,15000,5.761288166046143,False
shendure,59948,0.004,medium,val,16000,5.805947780609131,False
shendure,59948,0.004,medium,val,17000,5.834198951721191,False
shendure,59948,0.004,medium,val,18000,5.691684246063232,False
shendure,59948,0.004,medium,val,19000,5.831466197967529,False
shendure,59948,0.004,medium,val,20000,5.610395431518555,False
shendure,59948,0.004,medium,val,21000,5.784078598022461,False
shendure,59948,0.004,medium,val,22000,5.699570178985596,False
shendure,59948,0.004,medium,val,23000,5.759982585906982,False
shendure,59948,0.004,medium,val,24000,5.7945051193237305,False
shendure,59948,0.004,medium,val,25000,5.699784755706787,False
shendure,59948,0.004,medium,val,20000,5.610395431518555,True
shendure,59948,0.0073875,medium,train,1000,9.2833,False
shendure,59948,0.0073875,medium,train,2000,7.9053,False
shendure,59948,0.0073875,medium,train,3000,7.1908,False
shendure,59948,0.0073875,medium,train,4000,6.8267,False
shendure,59948,0.0073875,medium,train,5000,6.5795,False
shendure,59948,0.0073875,medium,train,6000,6.438,False
shendure,59948,0.0073875,medium,train,7000,6.3357,False
shendure,59948,0.0073875,medium,train,8000,6.2523,False
shendure,59948,0.0073875,medium,train,9000,6.202,False
shendure,59948,0.0073875,medium,train,10000,6.1498,False
shendure,59948,0.0073875,medium,train,11000,6.1142,False
shendure,59948,0.0073875,medium,train,12000,6.0963,False
shendure,59948,0.0073875,medium,train,13000,6.0524,False
shendure,59948,0.0073875,medium,train,14000,6.0323,False
shendure,59948,0.0073875,medium,train,15000,6.033,False
shendure,59948,0.0073875,medium,train,16000,5.9963,False
shendure,59948,0.0073875,medium,train,17000,5.9835,False
shendure,59948,0.0073875,medium,train,18000,5.9751,False
shendure,59948,0.0073875,medium,train,19000,5.9499,False
shendure,59948,0.0073875,medium,train,20000,5.9298,False
shendure,59948,0.0073875,medium,train,21000,5.9166,False
shendure,59948,0.0073875,medium,train,22000,5.9,False
shendure,59948,0.0073875,medium,val,1000,8.08184814453125,False
shendure,59948,0.0073875,medium,val,2000,6.947192192077637,False
shendure,59948,0.0073875,medium,val,3000,6.380910396575928,False
shendure,59948,0.0073875,medium,val,4000,6.298172473907471,False
shendure,59948,0.0073875,medium,val,5000,5.9046149253845215,False
shendure,59948,0.0073875,medium,val,6000,5.653704643249512,False
shendure,59948,0.0073875,medium,val,7000,5.674108505249023,False
shendure,59948,0.0073875,medium,val,8000,5.642203330993652,False
shendure,59948,0.0073875,medium,val,9000,5.4801554679870605,False
shendure,59948,0.0073875,medium,val,10000,5.557981014251709,False
shendure,59948,0.0073875,medium,val,11000,5.497156143188477,False
shendure,59948,0.0073875,medium,val,12000,5.427700042724609,False
shendure,59948,0.0073875,medium,val,13000,5.440927028656006,False
shendure,59948,0.0073875,medium,val,14000,5.431471347808838,False
shendure,59948,0.0073875,medium,val,15000,5.339828968048096,False
shendure,59948,0.0073875,medium,val,16000,5.394763946533203,False
shendure,59948,0.0073875,medium,val,17000,5.264693260192871,False
shendure,59948,0.0073875,medium,val,18000,5.3557634353637695,False
shendure,59948,0.0073875,medium,val,19000,5.386114120483398,False
shendure,59948,0.0073875,medium,val,20000,5.343402862548828,False
shendure,59948,0.0073875,medium,val,21000,5.309317588806152,False
shendure,59948,0.0073875,medium,val,22000,5.397866249084473,False
shendure,59948,0.0073875,medium,val,17000,5.264693260192871,True
shendure,59948,0.0136438,medium,train,1000,9.2654,False
shendure,59948,0.0136438,medium,train,2000,7.7778,False
shendure,59948,0.0136438,medium,train,3000,6.8985,False
shendure,59948,0.0136438,medium,train,4000,6.336,False
shendure,59948,0.0136438,medium,train,5000,6.0583,False
shendure,59948,0.0136438,medium,train,6000,5.914,False
shendure,59948,0.0136438,medium,train,7000,5.7934,False
shendure,59948,0.0136438,medium,train,8000,5.7306,False
shendure,59948,0.0136438,medium,train,9000,5.6613,False
shendure,59948,0.0136438,medium,train,10000,5.6261,False
shendure,59948,0.0136438,medium,train,11000,5.5836,False
shendure,59948,0.0136438,medium,train,12000,5.5648,False
shendure,59948,0.0136438,medium,train,13000,5.5234,False
shendure,59948,0.0136438,medium,train,14000,5.508,False
shendure,59948,0.0136438,medium,train,15000,5.4997,False
shendure,59948,0.0136438,medium,train,16000,5.4622,False
shendure,59948,0.0136438,medium,train,17000,5.4475,False
shendure,59948,0.0136438,medium,train,18000,5.4284,False
shendure,59948,0.0136438,medium,train,19000,5.4136,False
shendure,59948,0.0136438,medium,train,20000,5.3973,False
shendure,59948,0.0136438,medium,train,21000,5.3804,False
shendure,59948,0.0136438,medium,train,22000,5.3704,False
shendure,59948,0.0136438,medium,train,23000,5.3433,False
shendure,59948,0.0136438,medium,train,24000,5.3368,False
shendure,59948,0.0136438,medium,train,25000,5.3229,False
shendure,59948,0.0136438,medium,train,26000,5.3172,False
shendure,59948,0.0136438,medium,val,1000,8.167768478393555,False
shendure,59948,0.0136438,medium,val,2000,7.009056568145752,False
shendure,59948,0.0136438,medium,val,3000,6.277783393859863,False
shendure,59948,0.0136438,medium,val,4000,5.708153247833252,False
shendure,59948,0.0136438,medium,val,5000,5.550109386444092,False
shendure,59948,0.0136438,medium,val,6000,5.344268321990967,False
shendure,59948,0.0136438,medium,val,7000,5.2938642501831055,False
shendure,59948,0.0136438,medium,val,8000,5.277266502380371,False
shendure,59948,0.0136438,medium,val,9000,5.1298112869262695,False
shendure,59948,0.0136438,medium,val,10000,5.048572063446045,False
shendure,59948,0.0136438,medium,val,11000,5.080039978027344,False
shendure,59948,0.0136438,medium,val,12000,5.055135726928711,False
shendure,59948,0.0136438,medium,val,13000,5.046552658081055,False
shendure,59948,0.0136438,medium,val,14000,5.015326976776123,False
shendure,59948,0.0136438,medium,val,15000,5.010340690612793,False
shendure,59948,0.0136438,medium,val,16000,5.002994060516357,False
shendure,59948,0.0136438,medium,val,17000,4.972532272338867,False
shendure,59948,0.0136438,medium,val,18000,4.982359409332275,False
shendure,59948,0.0136438,medium,val,19000,4.954629898071289,False
shendure,59948,0.0136438,medium,val,20000,4.967041015625,False
shendure,59948,0.0136438,medium,val,21000,4.845487594604492,False
shendure,59948,0.0136438,medium,val,22000,4.921594619750977,False
shendure,59948,0.0136438,medium,val,23000,4.91261625289917,False
shendure,59948,0.0136438,medium,val,24000,4.908626556396484,False
shendure,59948,0.0136438,medium,val,25000,4.926709175109863,False
shendure,59948,0.0136438,medium,val,26000,4.947461128234863,False
shendure,59948,0.0136438,medium,val,21000,4.845487594604492,True
shendure,59948,0.0251984,medium,train,1000,9.2699,False
shendure,59948,0.0251984,medium,train,2000,7.6647,False
shendure,59948,0.0251984,medium,train,3000,6.8002,False
shendure,59948,0.0251984,medium,train,4000,6.2863,False
shendure,59948,0.0251984,medium,train,5000,5.7465,False
shendure,59948,0.0251984,medium,train,6000,5.4564,False
shendure,59948,0.0251984,medium,train,7000,5.3097,False
shendure,59948,0.0251984,medium,train,8000,5.209,False
shendure,59948,0.0251984,medium,train,9000,5.1429,False
shendure,59948,0.0251984,medium,train,10000,5.0973,False
shendure,59948,0.0251984,medium,train,11000,5.0609,False
shendure,59948,0.0251984,medium,train,12000,5.0319,False
shendure,59948,0.0251984,medium,train,13000,4.9964,False
shendure,59948,0.0251984,medium,train,14000,4.9709,False
shendure,59948,0.0251984,medium,train,15000,4.9667,False
shendure,59948,0.0251984,medium,train,16000,4.9338,False
shendure,59948,0.0251984,medium,train,17000,4.9129,False
shendure,59948,0.0251984,medium,train,18000,4.9119,False
shendure,59948,0.0251984,medium,train,19000,4.8904,False
shendure,59948,0.0251984,medium,train,20000,4.8717,False
shendure,59948,0.0251984,medium,train,21000,4.8663,False
shendure,59948,0.0251984,medium,train,22000,4.8603,False
shendure,59948,0.0251984,medium,train,23000,4.8389,False
shendure,59948,0.0251984,medium,train,24000,4.8296,False
shendure,59948,0.0251984,medium,train,25000,4.824,False
shendure,59948,0.0251984,medium,train,26000,4.8179,False
shendure,59948,0.0251984,medium,train,27000,4.7968,False
shendure,59948,0.0251984,medium,train,28000,4.7858,False
shendure,59948,0.0251984,medium,val,1000,8.256929397583008,False
shendure,59948,0.0251984,medium,val,2000,6.9675798416137695,False
shendure,59948,0.0251984,medium,val,3000,6.520814418792725,False
shendure,59948,0.0251984,medium,val,4000,5.867356300354004,False
shendure,59948,0.0251984,medium,val,5000,5.209049701690674,False
shendure,59948,0.0251984,medium,val,6000,4.98404598236084,False
shendure,59948,0.0251984,medium,val,7000,4.87636137008667,False
shendure,59948,0.0251984,medium,val,8000,4.87057638168335,False
shendure,59948,0.0251984,medium,val,9000,4.6825737953186035,False
shendure,59948,0.0251984,medium,val,10000,4.63976526260376,False
shendure,59948,0.0251984,medium,val,11000,4.637535095214844,False
shendure,59948,0.0251984,medium,val,12000,4.627425193786621,False
shendure,59948,0.0251984,medium,val,13000,4.568047046661377,False
shendure,59948,0.0251984,medium,val,14000,4.565146446228027,False
shendure,59948,0.0251984,medium,val,15000,4.605076313018799,False
shendure,59948,0.0251984,medium,val,16000,4.589341163635254,False
shendure,59948,0.0251984,medium,val,17000,4.536862373352051,False
shendure,59948,0.0251984,medium,val,18000,4.591092109680176,False
shendure,59948,0.0251984,medium,val,19000,4.528526306152344,False
shendure,59948,0.0251984,medium,val,20000,4.521810531616211,False
shendure,59948,0.0251984,medium,val,21000,4.509247303009033,False
shendure,59948,0.0251984,medium,val,22000,4.557085990905762,False
shendure,59948,0.0251984,medium,val,23000,4.4430341720581055,False
shendure,59948,0.0251984,medium,val,24000,4.461872100830078,False
shendure,59948,0.0251984,medium,val,25000,4.495469093322754,False
shendure,59948,0.0251984,medium,val,26000,4.492494106292725,False
shendure,59948,0.0251984,medium,val,27000,4.506732940673828,False
shendure,59948,0.0251984,medium,val,28000,4.464428424835205,False
shendure,59948,0.0251984,medium,val,23000,4.4430341720581055,True
shendure,59948,0.0465384,medium,train,1000,9.2859,False
shendure,59948,0.0465384,medium,train,2000,7.6508,False
shendure,59948,0.0465384,medium,train,3000,6.7026,False
shendure,59948,0.0465384,medium,train,4000,5.9292,False
shendure,59948,0.0465384,medium,train,5000,5.2474,False
shendure,59948,0.0465384,medium,train,6000,4.9345,False
shendure,59948,0.0465384,medium,train,7000,4.7362,False
shendure,59948,0.0465384,medium,train,8000,4.6116,False
shendure,59948,0.0465384,medium,train,9000,4.5086,False
shendure,59948,0.0465384,medium,val,1000,8.641098022460938,False
shendure,59948,0.0465384,medium,val,2000,7.11986780166626,False
shendure,59948,0.0465384,medium,val,3000,6.349059104919434,False
shendure,59948,0.0465384,medium,val,4000,5.482260227203369,False
shendure,59948,0.0465384,medium,val,5000,4.822205066680908,False
shendure,59948,0.0465384,medium,val,6000,4.522611141204834,False
shendure,59948,0.0465384,medium,val,7000,4.450445652008057,False
shendure,59948,0.0465384,medium,val,8000,4.286175727844238,False
shendure,59948,0.0465384,medium,val,9000,4.169647693634033,False
shendure,59948,0.0465384,medium,val,9000,4.169647693634033,True
shendure,59948,0.0859506,medium,train,1000,9.3071,False
shendure,59948,0.0859506,medium,train,2000,7.8434,False
shendure,59948,0.0859506,medium,train,3000,6.4424,False
shendure,59948,0.0859506,medium,train,4000,5.3383,False
shendure,59948,0.0859506,medium,train,5000,4.8153,False
shendure,59948,0.0859506,medium,train,6000,4.5707,False
shendure,59948,0.0859506,medium,train,7000,4.4275,False
shendure,59948,0.0859506,medium,train,8000,4.3384,False
shendure,59948,0.0859506,medium,train,9000,4.2658,False
shendure,59948,0.0859506,medium,train,10000,4.2191,False
shendure,59948,0.0859506,medium,train,11000,4.1838,False
shendure,59948,0.0859506,medium,train,12000,4.1603,False
shendure,59948,0.0859506,medium,train,13000,4.1215,False
shendure,59948,0.0859506,medium,train,14000,4.1069,False
shendure,59948,0.0859506,medium,train,15000,4.092,False
shendure,59948,0.0859506,medium,train,16000,4.0645,False
shendure,59948,0.0859506,medium,train,17000,4.0561,False
shendure,59948,0.0859506,medium,train,18000,4.0457,False
shendure,59948,0.0859506,medium,train,19000,4.0256,False
shendure,59948,0.0859506,medium,train,20000,4.0133,False
shendure,59948,0.0859506,medium,train,21000,4.0096,False
shendure,59948,0.0859506,medium,train,22000,4.0026,False
shendure,59948,0.0859506,medium,train,23000,3.9862,False
shendure,59948,0.0859506,medium,train,24000,3.9731,False
shendure,59948,0.0859506,medium,train,25000,3.9725,False
shendure,59948,0.0859506,medium,train,26000,3.9735,False
shendure,59948,0.0859506,medium,train,27000,3.9521,False
shendure,59948,0.0859506,medium,train,28000,3.9436,False
shendure,59948,0.0859506,medium,train,29000,3.9512,False
shendure,59948,0.0859506,medium,train,30000,3.9399,False
shendure,59948,0.0859506,medium,train,31000,3.9286,False
shendure,59948,0.0859506,medium,train,32000,3.9264,False
shendure,59948,0.0859506,medium,train,33000,3.9222,False
shendure,59948,0.0859506,medium,train,34000,3.9103,False
shendure,59948,0.0859506,medium,train,35000,3.9092,False
shendure,59948,0.0859506,medium,train,36000,3.9051,False
shendure,59948,0.0859506,medium,train,37000,3.8997,False
shendure,59948,0.0859506,medium,train,38000,3.8915,False
shendure,59948,0.0859506,medium,train,39000,3.884,False
shendure,59948,0.0859506,medium,train,40000,3.8891,False
shendure,59948,0.0859506,medium,train,41000,3.8836,False
shendure,59948,0.0859506,medium,train,42000,3.8721,False
shendure,59948,0.0859506,medium,train,43000,3.872,False
shendure,59948,0.0859506,medium,train,44000,3.8745,False
shendure,59948,0.0859506,medium,train,45000,3.8566,False
shendure,59948,0.0859506,medium,train,46000,3.859,False
shendure,59948,0.0859506,medium,train,47000,3.8596,False
shendure,59948,0.0859506,medium,val,1000,8.653579711914062,False
shendure,59948,0.0859506,medium,val,2000,7.235225677490234,False
shendure,59948,0.0859506,medium,val,3000,5.901734352111816,False
shendure,59948,0.0859506,medium,val,4000,5.010227680206299,False
shendure,59948,0.0859506,medium,val,5000,4.478318214416504,False
shendure,59948,0.0859506,medium,val,6000,4.301120758056641,False
shendure,59948,0.0859506,medium,val,7000,4.240746021270752,False
shendure,59948,0.0859506,medium,val,8000,4.171540260314941,False
shendure,59948,0.0859506,medium,val,9000,4.04838228225708,False
shendure,59948,0.0859506,medium,val,10000,3.986175775527954,False
shendure,59948,0.0859506,medium,val,11000,4.049317836761475,False
shendure,59948,0.0859506,medium,val,12000,3.9547462463378906,False
shendure,59948,0.0859506,medium,val,13000,3.9035801887512207,False
shendure,59948,0.0859506,medium,val,14000,3.874605417251587,False
shendure,59948,0.0859506,medium,val,15000,3.912163734436035,False
shendure,59948,0.0859506,medium,val,16000,3.838517189025879,False
shendure,59948,0.0859506,medium,val,17000,3.8249447345733643,False
shendure,59948,0.0859506,medium,val,18000,3.8901426792144775,False
shendure,59948,0.0859506,medium,val,19000,3.827683448791504,False
shendure,59948,0.0859506,medium,val,20000,3.799238681793213,False
shendure,59948,0.0859506,medium,val,21000,3.8212485313415527,False
shendure,59948,0.0859506,medium,val,22000,3.821474313735962,False
shendure,59948,0.0859506,medium,val,23000,3.7772510051727295,False
shendure,59948,0.0859506,medium,val,24000,3.759666681289673,False
shendure,59948,0.0859506,medium,val,25000,3.7704408168792725,False
shendure,59948,0.0859506,medium,val,26000,3.7893433570861816,False
shendure,59948,0.0859506,medium,val,27000,3.7602105140686035,False
shendure,59948,0.0859506,medium,val,28000,3.746643304824829,False
shendure,59948,0.0859506,medium,val,29000,3.7461602687835693,False
shendure,59948,0.0859506,medium,val,30000,3.7356479167938232,False
shendure,59948,0.0859506,medium,val,31000,3.741422414779663,False
shendure,59948,0.0859506,medium,val,32000,3.7351582050323486,False
shendure,59948,0.0859506,medium,val,33000,3.768798828125,False
shendure,59948,0.0859506,medium,val,34000,3.7222564220428467,False
shendure,59948,0.0859506,medium,val,35000,3.7214736938476562,False
shendure,59948,0.0859506,medium,val,36000,3.737356662750244,False
shendure,59948,0.0859506,medium,val,37000,3.7455413341522217,False
shendure,59948,0.0859506,medium,val,38000,3.733515739440918,False
shendure,59948,0.0859506,medium,val,39000,3.7061538696289062,False
shendure,59948,0.0859506,medium,val,40000,3.746147394180298,False
shendure,59948,0.0859506,medium,val,41000,3.724031686782837,False
shendure,59948,0.0859506,medium,val,42000,3.690356492996216,False
shendure,59948,0.0859506,medium,val,43000,3.7065281867980957,False
shendure,59948,0.0859506,medium,val,44000,3.727968692779541,False
shendure,59948,0.0859506,medium,val,45000,3.705075740814209,False
shendure,59948,0.0859506,medium,val,46000,3.696749448776245,False
shendure,59948,0.0859506,medium,val,47000,3.709721088409424,False
shendure,59948,0.0859506,medium,val,42000,3.690356492996216,True
shendure,59948,0.1587401,medium,train,1000,9.3949,False
shendure,59948,0.1587401,medium,train,2000,8.2739,False
shendure,59948,0.1587401,medium,train,3000,6.9695,False
shendure,59948,0.1587401,medium,train,4000,6.095,False
shendure,59948,0.1587401,medium,train,6000,4.5138,False
shendure,59948,0.1587401,medium,train,7000,4.2165,False
shendure,59948,0.1587401,medium,train,8000,4.0824,False
shendure,59948,0.1587401,medium,train,9000,3.9956,False
shendure,59948,0.1587401,medium,train,10000,3.9384,False
shendure,59948,0.1587401,medium,train,11000,3.9014,False
shendure,59948,0.1587401,medium,train,12000,3.8726,False
shendure,59948,0.1587401,medium,train,14000,3.8177,False
shendure,59948,0.1587401,medium,train,15000,3.8033,False
shendure,59948,0.1587401,medium,train,16000,3.7848,False
shendure,59948,0.1587401,medium,train,17000,3.7661,False
shendure,59948,0.1587401,medium,train,18000,3.7617,False
shendure,59948,0.1587401,medium,train,19000,3.7456,False
shendure,59948,0.1587401,medium,train,20000,3.732,False
shendure,59948,0.1587401,medium,train,22000,3.7196,False
shendure,59948,0.1587401,medium,train,23000,3.7129,False
shendure,59948,0.1587401,medium,train,24000,3.6997,False
shendure,59948,0.1587401,medium,train,25000,3.6949,False
shendure,59948,0.1587401,medium,train,26000,3.6908,False
shendure,59948,0.1587401,medium,train,27000,3.6808,False
shendure,59948,0.1587401,medium,train,28000,3.6701,False
shendure,59948,0.1587401,medium,train,30000,3.6681,False
shendure,59948,0.1587401,medium,train,31000,3.6558,False
shendure,59948,0.1587401,medium,train,32000,3.6534,False
shendure,59948,0.1587401,medium,train,33000,3.6505,False
shendure,59948,0.1587401,medium,train,34000,3.6385,False
shendure,59948,0.1587401,medium,train,35000,3.638,False
shendure,59948,0.1587401,medium,train,36000,3.6369,False
shendure,59948,0.1587401,medium,train,38000,3.6258,False
shendure,59948,0.1587401,medium,train,39000,3.619,False
shendure,59948,0.1587401,medium,train,40000,3.6197,False
shendure,59948,0.1587401,medium,train,41000,3.6153,False
shendure,59948,0.1587401,medium,train,42000,3.6095,False
shendure,59948,0.1587401,medium,train,43000,3.6093,False
shendure,59948,0.1587401,medium,train,44000,3.6095,False
shendure,59948,0.1587401,medium,train,46000,3.597,False
shendure,59948,0.1587401,medium,train,47000,3.6,False
shendure,59948,0.1587401,medium,train,48000,3.5921,False
shendure,59948,0.1587401,medium,train,49000,3.5865,False
shendure,59948,0.1587401,medium,train,50000,3.5863,False
shendure,59948,0.1587401,medium,train,51000,3.5883,False
shendure,59948,0.1587401,medium,train,52000,3.5799,False
shendure,59948,0.1587401,medium,train,54000,3.5758,False
shendure,59948,0.1587401,medium,train,55000,3.5779,False
shendure,59948,0.1587401,medium,train,56000,3.5692,False
shendure,59948,0.1587401,medium,train,57000,3.566,False
shendure,59948,0.1587401,medium,val,1000,8.822111129760742,False
shendure,59948,0.1587401,medium,val,2000,7.739823341369629,False
shendure,59948,0.1587401,medium,val,3000,6.6538848876953125,False
shendure,59948,0.1587401,medium,val,4000,6.103979587554932,False
shendure,59948,0.1587401,medium,val,6000,4.20768928527832,False
shendure,59948,0.1587401,medium,val,7000,4.061863899230957,False
shendure,59948,0.1587401,medium,val,8000,3.968149423599243,False
shendure,59948,0.1587401,medium,val,9000,3.82995867729187,False
shendure,59948,0.1587401,medium,val,10000,3.7749526500701904,False
shendure,59948,0.1587401,medium,val,11000,3.742891550064087,False
shendure,59948,0.1587401,medium,val,12000,3.7362613677978516,False
shendure,59948,0.1587401,medium,val,14000,3.655907154083252,False
shendure,59948,0.1587401,medium,val,15000,3.6799638271331787,False
shendure,59948,0.1587401,medium,val,16000,3.6392781734466553,False
shendure,59948,0.1587401,medium,val,17000,3.6323564052581787,False
shendure,59948,0.1587401,medium,val,18000,3.6290342807769775,False
shendure,59948,0.1587401,medium,val,19000,3.612873077392578,False
shendure,59948,0.1587401,medium,val,20000,3.612286329269409,False
shendure,59948,0.1587401,medium,val,22000,3.676657199859619,False
shendure,59948,0.1587401,medium,val,23000,3.5853629112243652,False
shendure,59948,0.1587401,medium,val,24000,3.5643954277038574,False
shendure,59948,0.1587401,medium,val,25000,3.566758632659912,False
shendure,59948,0.1587401,medium,val,26000,3.584533452987671,False
shendure,59948,0.1587401,medium,val,27000,3.576429605484009,False
shendure,59948,0.1587401,medium,val,28000,3.548609972000122,False
shendure,59948,0.1587401,medium,val,30000,3.5484631061553955,False
shendure,59948,0.1587401,medium,val,31000,3.5316004753112793,False
shendure,59948,0.1587401,medium,val,32000,3.5533132553100586,False
shendure,59948,0.1587401,medium,val,33000,3.53727388381958,False
shendure,59948,0.1587401,medium,val,34000,3.526000499725342,False
shendure,59948,0.1587401,medium,val,35000,3.5264132022857666,False
shendure,59948,0.1587401,medium,val,36000,3.5519604682922363,False
shendure,59948,0.1587401,medium,val,38000,3.5177876949310303,False
shendure,59948,0.1587401,medium,val,39000,3.5067999362945557,False
shendure,59948,0.1587401,medium,val,40000,3.5316030979156494,False
shendure,59948,0.1587401,medium,val,41000,3.5298657417297363,False
shendure,59948,0.1587401,medium,val,42000,3.507453680038452,False
shendure,59948,0.1587401,medium,val,43000,3.5166239738464355,False
shendure,59948,0.1587401,medium,val,44000,3.5041043758392334,False
shendure,59948,0.1587401,medium,val,46000,3.5024497509002686,False
shendure,59948,0.1587401,medium,val,47000,3.514688491821289,False
shendure,59948,0.1587401,medium,val,48000,3.509993314743042,False
shendure,59948,0.1587401,medium,val,49000,3.4919204711914062,False
shendure,59948,0.1587401,medium,val,50000,3.498098611831665,False
shendure,59948,0.1587401,medium,val,51000,3.500763177871704,False
shendure,59948,0.1587401,medium,val,52000,3.5009047985076904,False
shendure,59948,0.1587401,medium,val,54000,3.5103461742401123,False
shendure,59948,0.1587401,medium,val,55000,3.501814842224121,False
shendure,59948,0.1587401,medium,val,56000,3.4807510375976562,False
shendure,59948,0.1587401,medium,val,57000,3.4923272132873535,False
shendure,59948,0.1587401,medium,val,53000,3.479074239730835,True
shendure,59948,0.2931733,medium,train,1000,9.4919,False
shendure,59948,0.2931733,medium,train,2000,8.0487,False
shendure,59948,0.2931733,medium,train,3000,6.5752,False
shendure,59948,0.2931733,medium,train,4000,5.6273,False
shendure,59948,0.2931733,medium,train,5000,4.8317,False
shendure,59948,0.2931733,medium,train,6000,4.2751,False
shendure,59948,0.2931733,medium,train,7000,4.0075,False
shendure,59948,0.2931733,medium,train,8000,3.884,False
shendure,59948,0.2931733,medium,train,9000,3.7982,False
shendure,59948,0.2931733,medium,val,1000,8.909927368164062,False
shendure,59948,0.2931733,medium,val,2000,7.191320419311523,False
shendure,59948,0.2931733,medium,val,3000,6.046740531921387,False
shendure,59948,0.2931733,medium,val,4000,5.371862888336182,False
shendure,59948,0.2931733,medium,val,5000,4.44708776473999,False
shendure,59948,0.2931733,medium,val,6000,4.041996479034424,False
shendure,59948,0.2931733,medium,val,7000,3.893364906311035,False
shendure,59948,0.2931733,medium,val,8000,3.799257755279541,False
shendure,59948,0.2931733,medium,val,9000,3.7057602405548096,False
shendure,59948,0.2931733,medium,val,9000,3.7057602405548096,True
shendure,59948,0.5414548,medium,train,1000,9.5251,False
shendure,59948,0.5414548,medium,train,2000,8.334,False
shendure,59948,0.5414548,medium,train,3000,6.4757,False
shendure,59948,0.5414548,medium,train,4000,5.2692,False
shendure,59948,0.5414548,medium,train,5000,4.5493,False
shendure,59948,0.5414548,medium,train,6000,4.2472,False
shendure,59948,0.5414548,medium,train,7000,4.0855,False
shendure,59948,0.5414548,medium,train,8000,3.9962,False
shendure,59948,0.5414548,medium,train,9000,3.9381,False
shendure,59948,0.5414548,medium,train,10000,3.8903,False
shendure,59948,0.5414548,medium,train,11000,3.8577,False
shendure,59948,0.5414548,medium,train,12000,3.8269,False
shendure,59948,0.5414548,medium,train,13000,3.8057,False
shendure,59948,0.5414548,medium,train,14000,3.7848,False
shendure,59948,0.5414548,medium,train,15000,3.767,False
shendure,59948,0.5414548,medium,train,16000,3.7498,False
shendure,59948,0.5414548,medium,train,17000,3.7367,False
shendure,59948,0.5414548,medium,train,18000,3.7246,False
shendure,59948,0.5414548,medium,train,19000,3.7136,False
shendure,59948,0.5414548,medium,train,20000,3.7032,False
shendure,59948,0.5414548,medium,train,21000,3.6966,False
shendure,59948,0.5414548,medium,train,22000,3.6867,False
shendure,59948,0.5414548,medium,train,23000,3.6777,False
shendure,59948,0.5414548,medium,train,24000,3.6698,False
shendure,59948,0.5414548,medium,train,25000,3.6644,False
shendure,59948,0.5414548,medium,train,26000,3.6566,False
shendure,59948,0.5414548,medium,train,27000,3.653,False
shendure,59948,0.5414548,medium,train,28000,3.6461,False
shendure,59948,0.5414548,medium,train,29000,3.6402,False
shendure,59948,0.5414548,medium,train,30000,3.6347,False
shendure,59948,0.5414548,medium,train,31000,3.6305,False
shendure,59948,0.5414548,medium,train,32000,3.6238,False
shendure,59948,0.5414548,medium,train,33000,3.6201,False
shendure,59948,0.5414548,medium,train,34000,3.6169,False
shendure,59948,0.5414548,medium,train,35000,3.612,False
shendure,59948,0.5414548,medium,train,36000,3.6082,False
shendure,59948,0.5414548,medium,train,37000,3.6026,False
shendure,59948,0.5414548,medium,train,38000,3.6029,False
shendure,59948,0.5414548,medium,train,39000,3.5993,False
shendure,59948,0.5414548,medium,train,40000,3.5958,False
shendure,59948,0.5414548,medium,train,41000,3.5927,False
shendure,59948,0.5414548,medium,train,42000,3.5904,False
shendure,59948,0.5414548,medium,train,43000,3.5877,False
shendure,59948,0.5414548,medium,train,44000,3.5824,False
shendure,59948,0.5414548,medium,train,45000,3.5831,False
shendure,59948,0.5414548,medium,train,46000,3.5771,False
shendure,59948,0.5414548,medium,train,47000,3.5768,False
shendure,59948,0.5414548,medium,train,48000,3.5749,False
shendure,59948,0.5414548,medium,train,49000,3.5712,False
shendure,59948,0.5414548,medium,train,50000,3.5711,False
shendure,59948,0.5414548,medium,val,1000,8.905588150024414,False
shendure,59948,0.5414548,medium,val,2000,7.190945148468018,False
shendure,59948,0.5414548,medium,val,3000,5.811282157897949,False
shendure,59948,0.5414548,medium,val,4000,4.792679786682129,False
shendure,59948,0.5414548,medium,val,5000,4.354174613952637,False
shendure,59948,0.5414548,medium,val,6000,4.116324424743652,False
shendure,59948,0.5414548,medium,val,7000,3.9975368976593018,False
shendure,59948,0.5414548,medium,val,8000,3.944540500640869,False
shendure,59948,0.5414548,medium,val,9000,3.8947582244873047,False
shendure,59948,0.5414548,medium,val,10000,3.8497612476348877,False
shendure,59948,0.5414548,medium,val,11000,3.814133405685425,False
shendure,59948,0.5414548,medium,val,12000,3.808926820755005,False
shendure,59948,0.5414548,medium,val,13000,3.7758007049560547,False
shendure,59948,0.5414548,medium,val,14000,3.7504963874816895,False
shendure,59948,0.5414548,medium,val,15000,3.76320743560791,False
shendure,59948,0.5414548,medium,val,16000,3.7347192764282227,False
shendure,59948,0.5414548,medium,val,17000,3.7189013957977295,False
shendure,59948,0.5414548,medium,val,18000,3.704895496368408,False
shendure,59948,0.5414548,medium,val,19000,3.7128617763519287,False
shendure,59948,0.5414548,medium,val,20000,3.6940736770629883,False
shendure,59948,0.5414548,medium,val,21000,3.67531156539917,False
shendure,59948,0.5414548,medium,val,22000,3.684020757675171,False
shendure,59948,0.5414548,medium,val,23000,3.6732070446014404,False
shendure,59948,0.5414548,medium,val,24000,3.6740591526031494,False
shendure,59948,0.5414548,medium,val,25000,3.6440861225128174,False
shendure,59948,0.5414548,medium,val,26000,3.65696382522583,False
shendure,59948,0.5414548,medium,val,27000,3.6560184955596924,False
shendure,59948,0.5414548,medium,val,28000,3.6507885456085205,False
shendure,59948,0.5414548,medium,val,29000,3.642606496810913,False
shendure,59948,0.5414548,medium,val,30000,3.641279935836792,False
shendure,59948,0.5414548,medium,val,31000,3.6255416870117188,False
shendure,59948,0.5414548,medium,val,32000,3.621641159057617,False
shendure,59948,0.5414548,medium,val,33000,3.631392002105713,False
shendure,59948,0.5414548,medium,val,34000,3.6357126235961914,False
shendure,59948,0.5414548,medium,val,35000,3.6246695518493652,False
shendure,59948,0.5414548,medium,val,36000,3.6139118671417236,False
shendure,59948,0.5414548,medium,val,37000,3.619126319885254,False
shendure,59948,0.5414548,medium,val,38000,3.6056761741638184,False
shendure,59948,0.5414548,medium,val,39000,3.6077845096588135,False
shendure,59948,0.5414548,medium,val,40000,3.598335027694702,False
shendure,59948,0.5414548,medium,val,41000,3.6245429515838623,False
shendure,59948,0.5414548,medium,val,42000,3.6036083698272705,False
shendure,59948,0.5414548,medium,val,43000,3.5915117263793945,False
shendure,59948,0.5414548,medium,val,44000,3.591210126876831,False
shendure,59948,0.5414548,medium,val,45000,3.5853524208068848,False
shendure,59948,0.5414548,medium,val,46000,3.5900461673736572,False
shendure,59948,0.5414548,medium,val,47000,3.5927066802978516,False
shendure,59948,0.5414548,medium,val,48000,3.598093032836914,False
shendure,59948,0.5414548,medium,val,49000,3.5902256965637207,False
shendure,59948,0.5414548,medium,val,50000,3.5853796005249023,False
shendure,59948,0.5414548,medium,val,45000,3.5853524208068848,True
shendure,59948,1.0,medium,train,1000,9.4679,False
shendure,59948,1.0,medium,train,2000,7.9326,False
shendure,59948,1.0,medium,train,3000,6.202,False
shendure,59948,1.0,medium,train,4000,5.322,False
shendure,59948,1.0,medium,train,5000,4.751,False
shendure,59948,1.0,medium,train,6000,4.4401,False
shendure,59948,1.0,medium,train,7000,4.2688,False
shendure,59948,1.0,medium,train,8000,4.1713,False
shendure,59948,1.0,medium,train,9000,4.1075,False
shendure,59948,1.0,medium,train,10000,4.0644,False
shendure,59948,1.0,medium,train,11000,4.03,False
shendure,59948,1.0,medium,train,12000,4.0013,False
shendure,59948,1.0,medium,train,13000,3.9769,False
shendure,59948,1.0,medium,train,14000,3.9564,False
shendure,59948,1.0,medium,train,15000,3.9398,False
shendure,59948,1.0,medium,train,16000,3.9224,False
shendure,59948,1.0,medium,train,17000,3.9094,False
shendure,59948,1.0,medium,train,18000,3.8965,False
shendure,59948,1.0,medium,train,19000,3.8846,False
shendure,59948,1.0,medium,train,20000,3.8738,False
shendure,59948,1.0,medium,train,21000,3.8651,False
shendure,59948,1.0,medium,train,22000,3.8556,False
shendure,59948,1.0,medium,train,23000,3.8475,False
shendure,59948,1.0,medium,train,24000,3.839,False
shendure,59948,1.0,medium,train,25000,3.8351,False
shendure,59948,1.0,medium,train,26000,3.8269,False
shendure,59948,1.0,medium,train,27000,3.8222,False
shendure,59948,1.0,medium,train,28000,3.8161,False
shendure,59948,1.0,medium,train,29000,3.8097,False
shendure,59948,1.0,medium,train,30000,3.8045,False
shendure,59948,1.0,medium,train,31000,3.7982,False
shendure,59948,1.0,medium,train,32000,3.7958,False
shendure,59948,1.0,medium,train,33000,3.7912,False
shendure,59948,1.0,medium,train,34000,3.7846,False
shendure,59948,1.0,medium,train,35000,3.78,False
shendure,59948,1.0,medium,train,36000,3.7775,False
shendure,59948,1.0,medium,train,37000,3.7726,False
shendure,59948,1.0,medium,train,38000,3.7694,False
shendure,59948,1.0,medium,train,39000,3.7619,False
shendure,59948,1.0,medium,train,40000,3.7605,False
shendure,59948,1.0,medium,train,41000,3.7552,False
shendure,59948,1.0,medium,val,1000,8.83885383605957,False
shendure,59948,1.0,medium,val,2000,6.8228678703308105,False
shendure,59948,1.0,medium,val,3000,5.683816432952881,False
shendure,59948,1.0,medium,val,4000,4.986821174621582,False
shendure,59948,1.0,medium,val,5000,4.5518317222595215,False
shendure,59948,1.0,medium,val,6000,4.322782516479492,False
shendure,59948,1.0,medium,val,7000,4.208320140838623,False
shendure,59948,1.0,medium,val,8000,4.138572692871094,False
shendure,59948,1.0,medium,val,9000,4.082788467407227,False
shendure,59948,1.0,medium,val,10000,4.051239490509033,False
shendure,59948,1.0,medium,val,11000,4.0136871337890625,False
shendure,59948,1.0,medium,val,12000,3.983847141265869,False
shendure,59948,1.0,medium,val,13000,3.97147274017334,False
shendure,59948,1.0,medium,val,14000,3.956332206726074,False
shendure,59948,1.0,medium,val,15000,3.947514057159424,False
shendure,59948,1.0,medium,val,16000,3.9269776344299316,False
shendure,59948,1.0,medium,val,17000,3.918693780899048,False
shendure,59948,1.0,medium,val,18000,3.8968565464019775,False
shendure,59948,1.0,medium,val,19000,3.8818423748016357,False
shendure,59948,1.0,medium,val,20000,3.8833415508270264,False
shendure,59948,1.0,medium,val,21000,3.8854053020477295,False
shendure,59948,1.0,medium,val,22000,3.867981433868408,False
shendure,59948,1.0,medium,val,23000,3.8660531044006348,False
shendure,59948,1.0,medium,val,24000,3.855828285217285,False
shendure,59948,1.0,medium,val,25000,3.8502273559570312,False
shendure,59948,1.0,medium,val,26000,3.845907211303711,False
shendure,59948,1.0,medium,val,27000,3.8439042568206787,False
shendure,59948,1.0,medium,val,28000,3.8245463371276855,False
shendure,59948,1.0,medium,val,29000,3.833404779434204,False
shendure,59948,1.0,medium,val,30000,3.8323135375976562,False
shendure,59948,1.0,medium,val,31000,3.8170361518859863,False
shendure,59948,1.0,medium,val,32000,3.827394962310791,False
shendure,59948,1.0,medium,val,33000,3.823824405670166,False
shendure,59948,1.0,medium,val,34000,3.8125503063201904,False
shendure,59948,1.0,medium,val,35000,3.8178346157073975,False
shendure,59948,1.0,medium,val,36000,3.8102290630340576,False
shendure,59948,1.0,medium,val,37000,3.804485559463501,False
shendure,59948,1.0,medium,val,38000,3.7942025661468506,False
shendure,59948,1.0,medium,val,39000,3.7786855697631836,False
shendure,59948,1.0,medium,val,40000,3.789994478225708,False
shendure,59948,1.0,medium,val,41000,3.7911558151245117,False
shendure,59948,1.0,medium,val,39000,3.7786855697631836,True
shendure,10000000,0.004,large,train,1000,9.2544,False
shendure,10000000,0.004,large,train,2000,7.918,False
shendure,10000000,0.004,large,train,3000,7.1669,False
shendure,10000000,0.004,large,train,4000,6.822,False
shendure,10000000,0.004,large,train,5000,6.6889,False
shendure,10000000,0.004,large,train,6000,6.6109,False
shendure,10000000,0.004,large,train,7000,6.5146,False
shendure,10000000,0.004,large,train,8000,6.4363,False
shendure,10000000,0.004,large,train,9000,6.3821,False
shendure,10000000,0.004,large,train,10000,6.3645,False
shendure,10000000,0.004,large,train,11000,6.3175,False
shendure,10000000,0.004,large,train,12000,6.2974,False
shendure,10000000,0.004,large,train,13000,6.2758,False
shendure,10000000,0.004,large,train,14000,6.2545,False
shendure,10000000,0.004,large,train,15000,6.2463,False
shendure,10000000,0.004,large,train,16000,6.2276,False
shendure,10000000,0.004,large,train,17000,6.2006,False
shendure,10000000,0.004,large,train,18000,6.1867,False
shendure,10000000,0.004,large,train,19000,6.1782,False
shendure,10000000,0.004,large,train,20000,6.1736,False
shendure,10000000,0.004,large,train,21000,6.1593,False
shendure,10000000,0.004,large,train,22000,6.1512,False
shendure,10000000,0.004,large,train,23000,6.1582,False
shendure,10000000,0.004,large,train,24000,6.155,False
shendure,10000000,0.004,large,train,25000,6.1307,False
shendure,10000000,0.004,large,train,26000,6.128,False
shendure,10000000,0.004,large,train,27000,6.1179,False
shendure,10000000,0.004,large,val,1000,7.762195110321045,False
shendure,10000000,0.004,large,val,2000,6.788618087768555,False
shendure,10000000,0.004,large,val,3000,6.21778678894043,False
shendure,10000000,0.004,large,val,4000,6.14774227142334,False
shendure,10000000,0.004,large,val,5000,6.038389205932617,False
shendure,10000000,0.004,large,val,6000,6.058701992034912,False
shendure,10000000,0.004,large,val,7000,5.865364074707031,False
shendure,10000000,0.004,large,val,8000,5.834345817565918,False
shendure,10000000,0.004,large,val,9000,5.795578479766846,False
shendure,10000000,0.004,large,val,10000,5.952024936676025,False
shendure,10000000,0.004,large,val,11000,5.676278591156006,False
shendure,10000000,0.004,large,val,12000,5.690587043762207,False
shendure,10000000,0.004,large,val,13000,5.729881763458252,False
shendure,10000000,0.004,large,val,14000,5.730216979980469,False
shendure,10000000,0.004,large,val,15000,5.694263458251953,False
shendure,10000000,0.004,large,val,16000,5.627366542816162,False
shendure,10000000,0.004,large,val,17000,5.625136375427246,False
shendure,10000000,0.004,large,val,18000,5.5633697509765625,False
shendure,10000000,0.004,large,val,19000,5.640263557434082,False
shendure,10000000,0.004,large,val,20000,5.50653600692749,False
shendure,10000000,0.004,large,val,21000,5.645435333251953,False
shendure,10000000,0.004,large,val,22000,5.43558406829834,False
shendure,10000000,0.004,large,val,23000,5.626119136810303,False
shendure,10000000,0.004,large,val,24000,5.56392765045166,False
shendure,10000000,0.004,large,val,25000,5.593385219573975,False
shendure,10000000,0.004,large,val,26000,5.6785383224487305,False
shendure,10000000,0.004,large,val,27000,5.606051445007324,False
shendure,10000000,0.004,large,val,22000,5.43558406829834,True
shendure,10000000,0.0073875,large,train,1000,9.2343,False
shendure,10000000,0.0073875,large,train,2000,7.6887,False
shendure,10000000,0.0073875,large,train,3000,6.7797,False
shendure,10000000,0.0073875,large,train,4000,6.3723,False
shendure,10000000,0.0073875,large,train,5000,6.1707,False
shendure,10000000,0.0073875,large,train,6000,6.0608,False
shendure,10000000,0.0073875,large,train,7000,5.9454,False
shendure,10000000,0.0073875,large,train,8000,5.8936,False
shendure,10000000,0.0073875,large,train,9000,5.8364,False
shendure,10000000,0.0073875,large,train,10000,5.8069,False
shendure,10000000,0.0073875,large,train,11000,5.7612,False
shendure,10000000,0.0073875,large,train,12000,5.7505,False
shendure,10000000,0.0073875,large,train,13000,5.7181,False
shendure,10000000,0.0073875,large,train,14000,5.7105,False
shendure,10000000,0.0073875,large,train,15000,5.6827,False
shendure,10000000,0.0073875,large,train,16000,5.6624,False
shendure,10000000,0.0073875,large,train,17000,5.6702,False
shendure,10000000,0.0073875,large,train,18000,5.6472,False
shendure,10000000,0.0073875,large,train,19000,5.6313,False
shendure,10000000,0.0073875,large,train,20000,5.618,False
shendure,10000000,0.0073875,large,train,21000,5.6141,False
shendure,10000000,0.0073875,large,train,22000,5.6094,False
shendure,10000000,0.0073875,large,train,23000,5.5963,False
shendure,10000000,0.0073875,large,train,24000,5.5876,False
shendure,10000000,0.0073875,large,train,25000,5.5806,False
shendure,10000000,0.0073875,large,train,26000,5.5755,False
shendure,10000000,0.0073875,large,train,27000,5.5653,False
shendure,10000000,0.0073875,large,val,1000,7.891923427581787,False
shendure,10000000,0.0073875,large,val,2000,6.671422958374023,False
shendure,10000000,0.0073875,large,val,3000,6.113658905029297,False
shendure,10000000,0.0073875,large,val,4000,5.732793807983398,False
shendure,10000000,0.0073875,large,val,5000,5.672954082489014,False
shendure,10000000,0.0073875,large,val,6000,5.646999359130859,False
shendure,10000000,0.0073875,large,val,7000,5.441313743591309,False
shendure,10000000,0.0073875,large,val,8000,5.423398494720459,False
shendure,10000000,0.0073875,large,val,9000,5.457559585571289,False
shendure,10000000,0.0073875,large,val,10000,5.3471269607543945,False
shendure,10000000,0.0073875,large,val,11000,5.430178165435791,False
shendure,10000000,0.0073875,large,val,12000,5.293468475341797,False
shendure,10000000,0.0073875,large,val,13000,5.332391738891602,False
shendure,10000000,0.0073875,large,val,14000,5.29051399230957,False
shendure,10000000,0.0073875,large,val,15000,5.313809394836426,False
shendure,10000000,0.0073875,large,val,16000,5.305273532867432,False
shendure,10000000,0.0073875,large,val,17000,5.286059379577637,False
shendure,10000000,0.0073875,large,val,18000,5.309726238250732,False
shendure,10000000,0.0073875,large,val,19000,5.180887699127197,False
shendure,10000000,0.0073875,large,val,20000,5.271317958831787,False
shendure,10000000,0.0073875,large,val,21000,5.213618755340576,False
shendure,10000000,0.0073875,large,val,22000,5.15841817855835,False
shendure,10000000,0.0073875,large,val,23000,5.198173522949219,False
shendure,10000000,0.0073875,large,val,24000,5.199907302856445,False
shendure,10000000,0.0073875,large,val,25000,5.200798034667969,False
shendure,10000000,0.0073875,large,val,26000,5.232546329498291,False
shendure,10000000,0.0073875,large,val,27000,5.186505317687988,False
shendure,10000000,0.0073875,large,val,22000,5.15841817855835,True
shendure,10000000,0.0136438,large,train,1000,9.2187,False
shendure,10000000,0.0136438,large,train,2000,7.5509,False
shendure,10000000,0.0136438,large,train,3000,6.529,False
shendure,10000000,0.0136438,large,train,4000,5.9847,False
shendure,10000000,0.0136438,large,train,5000,5.6956,False
shendure,10000000,0.0136438,large,train,6000,5.5455,False
shendure,10000000,0.0136438,large,train,7000,5.4337,False
shendure,10000000,0.0136438,large,train,8000,5.3628,False
shendure,10000000,0.0136438,large,train,9000,5.2975,False
shendure,10000000,0.0136438,large,train,10000,5.2748,False
shendure,10000000,0.0136438,large,train,11000,5.2348,False
shendure,10000000,0.0136438,large,train,12000,5.199,False
shendure,10000000,0.0136438,large,train,13000,5.1882,False
shendure,10000000,0.0136438,large,train,14000,5.1704,False
shendure,10000000,0.0136438,large,train,15000,5.1406,False
shendure,10000000,0.0136438,large,train,16000,5.1319,False
shendure,10000000,0.0136438,large,train,17000,5.109,False
shendure,10000000,0.0136438,large,train,18000,5.1114,False
shendure,10000000,0.0136438,large,train,19000,5.0912,False
shendure,10000000,0.0136438,large,train,20000,5.0778,False
shendure,10000000,0.0136438,large,train,21000,5.068,False
shendure,10000000,0.0136438,large,train,22000,5.0669,False
shendure,10000000,0.0136438,large,train,23000,5.0555,False
shendure,10000000,0.0136438,large,train,24000,5.0395,False
shendure,10000000,0.0136438,large,train,25000,5.0363,False
shendure,10000000,0.0136438,large,train,26000,5.0323,False
shendure,10000000,0.0136438,large,train,27000,5.0232,False
shendure,10000000,0.0136438,large,train,28000,5.0156,False
shendure,10000000,0.0136438,large,val,1000,8.009187698364258,False
shendure,10000000,0.0136438,large,val,2000,6.591567039489746,False
shendure,10000000,0.0136438,large,val,3000,5.879702091217041,False
shendure,10000000,0.0136438,large,val,4000,5.47715425491333,False
shendure,10000000,0.0136438,large,val,5000,5.259354591369629,False
shendure,10000000,0.0136438,large,val,6000,5.151337146759033,False
shendure,10000000,0.0136438,large,val,7000,5.157083988189697,False
shendure,10000000,0.0136438,large,val,8000,5.044729232788086,False
shendure,10000000,0.0136438,large,val,9000,5.060335159301758,False
shendure,10000000,0.0136438,large,val,10000,5.0230889320373535,False
shendure,10000000,0.0136438,large,val,11000,4.976382732391357,False
shendure,10000000,0.0136438,large,val,12000,4.987781524658203,False
shendure,10000000,0.0136438,large,val,13000,4.957488536834717,False
shendure,10000000,0.0136438,large,val,14000,4.867825031280518,False
shendure,10000000,0.0136438,large,val,15000,4.862617492675781,False
shendure,10000000,0.0136438,large,val,16000,4.946427345275879,False
shendure,10000000,0.0136438,large,val,17000,4.87053108215332,False
shendure,10000000,0.0136438,large,val,18000,4.87737512588501,False
shendure,10000000,0.0136438,large,val,19000,4.847538948059082,False
shendure,10000000,0.0136438,large,val,20000,4.7618842124938965,False
shendure,10000000,0.0136438,large,val,21000,4.750727653503418,False
shendure,10000000,0.0136438,large,val,22000,4.783517360687256,False
shendure,10000000,0.0136438,large,val,23000,4.750044822692871,False
shendure,10000000,0.0136438,large,val,24000,4.784525394439697,False
shendure,10000000,0.0136438,large,val,25000,4.799585819244385,False
shendure,10000000,0.0136438,large,val,26000,4.828244209289551,False
shendure,10000000,0.0136438,large,val,27000,4.806346893310547,False
shendure,10000000,0.0136438,large,val,28000,4.837763786315918,False
shendure,10000000,0.0136438,large,val,23000,4.750044822692871,True
shendure,10000000,0.0251984,large,train,1000,9.2412,False
shendure,10000000,0.0251984,large,train,2000,7.433,False
shendure,10000000,0.0251984,large,train,3000,6.3807,False
shendure,10000000,0.0251984,large,train,4000,5.7337,False
shendure,10000000,0.0251984,large,train,5000,5.33,False
shendure,10000000,0.0251984,large,train,6000,5.1033,False
shendure,10000000,0.0251984,large,train,7000,4.9609,False
shendure,10000000,0.0251984,large,train,8000,4.8751,False
shendure,10000000,0.0251984,large,train,9000,4.8215,False
shendure,10000000,0.0251984,large,train,10000,4.7748,False
shendure,10000000,0.0251984,large,train,11000,4.7478,False
shendure,10000000,0.0251984,large,train,12000,4.7139,False
shendure,10000000,0.0251984,large,train,13000,4.7023,False
shendure,10000000,0.0251984,large,train,14000,4.6713,False
shendure,10000000,0.0251984,large,train,15000,4.6547,False
shendure,10000000,0.0251984,large,train,16000,4.6395,False
shendure,10000000,0.0251984,large,train,17000,4.6283,False
shendure,10000000,0.0251984,large,train,18000,4.6156,False
shendure,10000000,0.0251984,large,train,19000,4.606,False
shendure,10000000,0.0251984,large,train,20000,4.592,False
shendure,10000000,0.0251984,large,train,21000,4.5832,False
shendure,10000000,0.0251984,large,train,22000,4.5765,False
shendure,10000000,0.0251984,large,train,23000,4.5647,False
shendure,10000000,0.0251984,large,train,24000,4.5508,False
shendure,10000000,0.0251984,large,train,25000,4.5536,False
shendure,10000000,0.0251984,large,train,26000,4.5431,False
shendure,10000000,0.0251984,large,train,27000,4.5386,False
shendure,10000000,0.0251984,large,train,28000,4.5308,False
shendure,10000000,0.0251984,large,train,29000,4.5252,False
shendure,10000000,0.0251984,large,train,30000,4.522,False
shendure,10000000,0.0251984,large,train,31000,4.5149,False
shendure,10000000,0.0251984,large,train,32000,4.5052,False
shendure,10000000,0.0251984,large,train,33000,4.5129,False
shendure,10000000,0.0251984,large,train,34000,4.5035,False
shendure,10000000,0.0251984,large,train,35000,4.4964,False
shendure,10000000,0.0251984,large,train,36000,4.4974,False
shendure,10000000,0.0251984,large,train,37000,4.4955,False
shendure,10000000,0.0251984,large,train,38000,4.4843,False
shendure,10000000,0.0251984,large,train,39000,4.4889,False
shendure,10000000,0.0251984,large,train,40000,4.4841,False
shendure,10000000,0.0251984,large,train,41000,4.4852,False
shendure,10000000,0.0251984,large,train,42000,4.4775,False
shendure,10000000,0.0251984,large,val,1000,8.12031364440918,False
shendure,10000000,0.0251984,large,val,2000,6.6150078773498535,False
shendure,10000000,0.0251984,large,val,3000,5.718567371368408,False
shendure,10000000,0.0251984,large,val,4000,5.210073947906494,False
shendure,10000000,0.0251984,large,val,5000,4.9561944007873535,False
shendure,10000000,0.0251984,large,val,6000,4.822053909301758,False
shendure,10000000,0.0251984,large,val,7000,4.710103511810303,False
shendure,10000000,0.0251984,large,val,8000,4.663190841674805,False
shendure,10000000,0.0251984,large,val,9000,4.614964962005615,False
shendure,10000000,0.0251984,large,val,10000,4.5755615234375,False
shendure,10000000,0.0251984,large,val,11000,4.522100448608398,False
shendure,10000000,0.0251984,large,val,12000,4.506460666656494,False
shendure,10000000,0.0251984,large,val,13000,4.541629314422607,False
shendure,10000000,0.0251984,large,val,14000,4.491234302520752,False
shendure,10000000,0.0251984,large,val,15000,4.479097843170166,False
shendure,10000000,0.0251984,large,val,16000,4.456334114074707,False
shendure,10000000,0.0251984,large,val,17000,4.430060863494873,False
shendure,10000000,0.0251984,large,val,18000,4.459171772003174,False
shendure,10000000,0.0251984,large,val,19000,4.392046928405762,False
shendure,10000000,0.0251984,large,val,20000,4.401677131652832,False
shendure,10000000,0.0251984,large,val,21000,4.375879764556885,False
shendure,10000000,0.0251984,large,val,22000,4.393171787261963,False
shendure,10000000,0.0251984,large,val,23000,4.378673553466797,False
shendure,10000000,0.0251984,large,val,24000,4.356175899505615,False
shendure,10000000,0.0251984,large,val,25000,4.364380836486816,False
shendure,10000000,0.0251984,large,val,26000,4.360909938812256,False
shendure,10000000,0.0251984,large,val,27000,4.362309455871582,False
shendure,10000000,0.0251984,large,val,28000,4.352099895477295,False
shendure,10000000,0.0251984,large,val,29000,4.358636379241943,False
shendure,10000000,0.0251984,large,val,30000,4.339827537536621,False
shendure,10000000,0.0251984,large,val,31000,4.348639488220215,False
shendure,10000000,0.0251984,large,val,32000,4.35468864440918,False
shendure,10000000,0.0251984,large,val,33000,4.3242268562316895,False
shendure,10000000,0.0251984,large,val,34000,4.313336372375488,False
shendure,10000000,0.0251984,large,val,35000,4.299676418304443,False
shendure,10000000,0.0251984,large,val,36000,4.369912624359131,False
shendure,10000000,0.0251984,large,val,37000,4.296329021453857,False
shendure,10000000,0.0251984,large,val,38000,4.317737102508545,False
shendure,10000000,0.0251984,large,val,39000,4.308876991271973,False
shendure,10000000,0.0251984,large,val,40000,4.3168745040893555,False
shendure,10000000,0.0251984,large,val,41000,4.3145575523376465,False
shendure,10000000,0.0251984,large,val,42000,4.315882682800293,False
shendure,10000000,0.0251984,large,val,37000,4.296329021453857,True
shendure,10000000,0.0465384,large,train,1000,9.2551,False
shendure,10000000,0.0465384,large,train,2000,7.3707,False
shendure,10000000,0.0465384,large,train,3000,6.3314,False
shendure,10000000,0.0465384,large,train,4000,5.5277,False
shendure,10000000,0.0465384,large,train,5000,4.878,False
shendure,10000000,0.0465384,large,train,6000,4.5985,False
shendure,10000000,0.0465384,large,train,7000,4.4616,False
shendure,10000000,0.0465384,large,train,8000,4.3834,False
shendure,10000000,0.0465384,large,train,9000,4.3315,False
shendure,10000000,0.0465384,large,train,10000,4.2923,False
shendure,10000000,0.0465384,large,train,11000,4.262,False
shendure,10000000,0.0465384,large,train,12000,4.2354,False
shendure,10000000,0.0465384,large,train,13000,4.2218,False
shendure,10000000,0.0465384,large,train,14000,4.1959,False
shendure,10000000,0.0465384,large,train,15000,4.1832,False
shendure,10000000,0.0465384,large,train,16000,4.1695,False
shendure,10000000,0.0465384,large,train,17000,4.1602,False
shendure,10000000,0.0465384,large,train,18000,4.152,False
shendure,10000000,0.0465384,large,train,19000,4.1363,False
shendure,10000000,0.0465384,large,train,20000,4.1281,False
shendure,10000000,0.0465384,large,train,21000,4.1222,False
shendure,10000000,0.0465384,large,train,22000,4.1169,False
shendure,10000000,0.0465384,large,train,23000,4.1004,False
shendure,10000000,0.0465384,large,train,24000,4.0943,False
shendure,10000000,0.0465384,large,train,25000,4.0926,False
shendure,10000000,0.0465384,large,train,26000,4.0842,False
shendure,10000000,0.0465384,large,train,27000,4.0821,False
shendure,10000000,0.0465384,large,train,28000,4.0808,False
shendure,10000000,0.0465384,large,train,29000,4.0715,False
shendure,10000000,0.0465384,large,train,30000,4.0614,False
shendure,10000000,0.0465384,large,train,31000,4.0643,False
shendure,10000000,0.0465384,large,train,32000,4.057,False
shendure,10000000,0.0465384,large,train,33000,4.0621,False
shendure,10000000,0.0465384,large,train,34000,4.0557,False
shendure,10000000,0.0465384,large,train,35000,4.0465,False
shendure,10000000,0.0465384,large,train,36000,4.0487,False
shendure,10000000,0.0465384,large,train,37000,4.0416,False
shendure,10000000,0.0465384,large,train,38000,4.0338,False
shendure,10000000,0.0465384,large,train,39000,4.0381,False
shendure,10000000,0.0465384,large,train,40000,4.0339,False
shendure,10000000,0.0465384,large,train,41000,4.0301,False
shendure,10000000,0.0465384,large,train,42000,4.0304,False
shendure,10000000,0.0465384,large,train,43000,4.0182,False
shendure,10000000,0.0465384,large,train,44000,4.0267,False
shendure,10000000,0.0465384,large,train,45000,4.0224,False
shendure,10000000,0.0465384,large,train,46000,4.0211,False
shendure,10000000,0.0465384,large,train,47000,4.0122,False
shendure,10000000,0.0465384,large,train,48000,4.0164,False
shendure,10000000,0.0465384,large,val,1000,8.11097526550293,False
shendure,10000000,0.0465384,large,val,2000,6.681143760681152,False
shendure,10000000,0.0465384,large,val,3000,5.7739434242248535,False
shendure,10000000,0.0465384,large,val,4000,4.9744462966918945,False
shendure,10000000,0.0465384,large,val,5000,4.549242973327637,False
shendure,10000000,0.0465384,large,val,6000,4.366226673126221,False
shendure,10000000,0.0465384,large,val,7000,4.285529136657715,False
shendure,10000000,0.0465384,large,val,8000,4.22039270401001,False
shendure,10000000,0.0465384,large,val,9000,4.190274715423584,False
shendure,10000000,0.0465384,large,val,10000,4.159628868103027,False
shendure,10000000,0.0465384,large,val,11000,4.118396282196045,False
shendure,10000000,0.0465384,large,val,12000,4.098315238952637,False
shendure,10000000,0.0465384,large,val,13000,4.075700283050537,False
shendure,10000000,0.0465384,large,val,14000,4.054174900054932,False
shendure,10000000,0.0465384,large,val,15000,4.062249183654785,False
shendure,10000000,0.0465384,large,val,16000,4.033646583557129,False
shendure,10000000,0.0465384,large,val,17000,4.055022716522217,False
shendure,10000000,0.0465384,large,val,18000,4.039439678192139,False
shendure,10000000,0.0465384,large,val,19000,4.024961948394775,False
shendure,10000000,0.0465384,large,val,20000,4.015488147735596,False
shendure,10000000,0.0465384,large,val,21000,4.008445739746094,False
shendure,10000000,0.0465384,large,val,22000,3.9723615646362305,False
shendure,10000000,0.0465384,large,val,23000,3.9903368949890137,False
shendure,10000000,0.0465384,large,val,24000,3.9958086013793945,False
shendure,10000000,0.0465384,large,val,25000,3.9977529048919678,False
shendure,10000000,0.0465384,large,val,26000,3.9687113761901855,False
shendure,10000000,0.0465384,large,val,27000,3.96290922164917,False
shendure,10000000,0.0465384,large,val,28000,3.943779230117798,False
shendure,10000000,0.0465384,large,val,29000,3.9596612453460693,False
shendure,10000000,0.0465384,large,val,30000,3.9753775596618652,False
shendure,10000000,0.0465384,large,val,31000,3.943206548690796,False
shendure,10000000,0.0465384,large,val,32000,3.946166753768921,False
shendure,10000000,0.0465384,large,val,33000,3.9344804286956787,False
shendure,10000000,0.0465384,large,val,34000,3.930086851119995,False
shendure,10000000,0.0465384,large,val,35000,3.950727939605713,False
shendure,10000000,0.0465384,large,val,36000,3.9479193687438965,False
shendure,10000000,0.0465384,large,val,37000,3.9284048080444336,False
shendure,10000000,0.0465384,large,val,38000,3.92673921585083,False
shendure,10000000,0.0465384,large,val,39000,3.917379140853882,False
shendure,10000000,0.0465384,large,val,40000,3.9025580883026123,False
shendure,10000000,0.0465384,large,val,41000,3.923246145248413,False
shendure,10000000,0.0465384,large,val,42000,3.903552770614624,False
shendure,10000000,0.0465384,large,val,43000,3.8976364135742188,False
shendure,10000000,0.0465384,large,val,44000,3.9082627296447754,False
shendure,10000000,0.0465384,large,val,45000,3.9162869453430176,False
shendure,10000000,0.0465384,large,val,46000,3.921560049057007,False
shendure,10000000,0.0465384,large,val,47000,3.9365482330322266,False
shendure,10000000,0.0465384,large,val,48000,3.9121952056884766,False
shendure,10000000,0.0465384,large,val,43000,3.8976364135742188,True
shendure,10000000,0.0859506,large,train,1000,9.2707,False
shendure,10000000,0.0859506,large,train,2000,7.3298,False
shendure,10000000,0.0859506,large,train,3000,6.2931,False
shendure,10000000,0.0859506,large,train,4000,5.5443,False
shendure,10000000,0.0859506,large,train,5000,4.8397,False
shendure,10000000,0.0859506,large,train,6000,4.4472,False
shendure,10000000,0.0859506,large,train,7000,4.2641,False
shendure,10000000,0.0859506,large,train,8000,4.1625,False
shendure,10000000,0.0859506,large,train,9000,4.0938,False
shendure,10000000,0.0859506,large,train,10000,4.038,False
shendure,10000000,0.0859506,large,train,11000,3.9988,False
shendure,10000000,0.0859506,large,train,12000,3.963,False
shendure,10000000,0.0859506,large,train,13000,3.9372,False
shendure,10000000,0.0859506,large,train,14000,3.9087,False
shendure,10000000,0.0859506,large,train,15000,3.8924,False
shendure,10000000,0.0859506,large,train,16000,3.8778,False
shendure,10000000,0.0859506,large,train,17000,3.862,False
shendure,10000000,0.0859506,large,train,18000,3.853,False
shendure,10000000,0.0859506,large,train,19000,3.8357,False
shendure,10000000,0.0859506,large,train,20000,3.8223,False
shendure,10000000,0.0859506,large,train,21000,3.8173,False
shendure,10000000,0.0859506,large,train,22000,3.8047,False
shendure,10000000,0.0859506,large,train,23000,3.7939,False
shendure,10000000,0.0859506,large,train,24000,3.7862,False
shendure,10000000,0.0859506,large,train,25000,3.7826,False
shendure,10000000,0.0859506,large,train,26000,3.7729,False
shendure,10000000,0.0859506,large,train,27000,3.77,False
shendure,10000000,0.0859506,large,train,28000,3.7648,False
shendure,10000000,0.0859506,large,train,29000,3.7574,False
shendure,10000000,0.0859506,large,train,30000,3.7499,False
shendure,10000000,0.0859506,large,train,31000,3.7475,False
shendure,10000000,0.0859506,large,train,32000,3.7388,False
shendure,10000000,0.0859506,large,train,33000,3.7408,False
shendure,10000000,0.0859506,large,train,34000,3.7352,False
shendure,10000000,0.0859506,large,train,35000,3.7303,False
shendure,10000000,0.0859506,large,train,36000,3.7243,False
shendure,10000000,0.0859506,large,train,37000,3.7191,False
shendure,10000000,0.0859506,large,train,38000,3.7142,False
shendure,10000000,0.0859506,large,train,39000,3.7156,False
shendure,10000000,0.0859506,large,train,40000,3.7094,False
shendure,10000000,0.0859506,large,train,41000,3.7079,False
shendure,10000000,0.0859506,large,train,42000,3.703,False
shendure,10000000,0.0859506,large,train,43000,3.6995,False
shendure,10000000,0.0859506,large,train,44000,3.7007,False
shendure,10000000,0.0859506,large,train,45000,3.6994,False
shendure,10000000,0.0859506,large,train,46000,3.6926,False
shendure,10000000,0.0859506,large,train,47000,3.6892,False
shendure,10000000,0.0859506,large,val,1000,8.114174842834473,False
shendure,10000000,0.0859506,large,val,2000,6.6277852058410645,False
shendure,10000000,0.0859506,large,val,3000,5.748958110809326,False
shendure,10000000,0.0859506,large,val,4000,5.106450080871582,False
shendure,10000000,0.0859506,large,val,5000,4.477906227111816,False
shendure,10000000,0.0859506,large,val,6000,4.232869625091553,False
shendure,10000000,0.0859506,large,val,7000,4.107802867889404,False
shendure,10000000,0.0859506,large,val,8000,4.041473388671875,False
shendure,10000000,0.0859506,large,val,9000,3.961319923400879,False
shendure,10000000,0.0859506,large,val,10000,3.9193310737609863,False
shendure,10000000,0.0859506,large,val,11000,3.8879048824310303,False
shendure,10000000,0.0859506,large,val,12000,3.8531343936920166,False
shendure,10000000,0.0859506,large,val,13000,3.826059341430664,False
shendure,10000000,0.0859506,large,val,14000,3.806985378265381,False
shendure,10000000,0.0859506,large,val,15000,3.8104166984558105,False
shendure,10000000,0.0859506,large,val,16000,3.7952451705932617,False
shendure,10000000,0.0859506,large,val,17000,3.7644853591918945,False
shendure,10000000,0.0859506,large,val,18000,3.777639150619507,False
shendure,10000000,0.0859506,large,val,19000,3.740027666091919,False
shendure,10000000,0.0859506,large,val,20000,3.7401068210601807,False
shendure,10000000,0.0859506,large,val,21000,3.7148241996765137,False
shendure,10000000,0.0859506,large,val,22000,3.7333014011383057,False
shendure,10000000,0.0859506,large,val,23000,3.720130443572998,False
shendure,10000000,0.0859506,large,val,24000,3.709542751312256,False
shendure,10000000,0.0859506,large,val,25000,3.6879632472991943,False
shendure,10000000,0.0859506,large,val,26000,3.717865228652954,False
shendure,10000000,0.0859506,large,val,27000,3.691312074661255,False
shendure,10000000,0.0859506,large,val,28000,3.6871845722198486,False
shendure,10000000,0.0859506,large,val,29000,3.6919796466827393,False
shendure,10000000,0.0859506,large,val,30000,3.6762807369232178,False
shendure,10000000,0.0859506,large,val,31000,3.683133602142334,False
shendure,10000000,0.0859506,large,val,32000,3.6703829765319824,False
shendure,10000000,0.0859506,large,val,33000,3.676734209060669,False
shendure,10000000,0.0859506,large,val,34000,3.6580750942230225,False
shendure,10000000,0.0859506,large,val,35000,3.6623358726501465,False
shendure,10000000,0.0859506,large,val,36000,3.6398754119873047,False
shendure,10000000,0.0859506,large,val,37000,3.6479907035827637,False
shendure,10000000,0.0859506,large,val,38000,3.6227197647094727,False
shendure,10000000,0.0859506,large,val,39000,3.6407766342163086,False
shendure,10000000,0.0859506,large,val,40000,3.6276938915252686,False
shendure,10000000,0.0859506,large,val,41000,3.6532058715820312,False
shendure,10000000,0.0859506,large,val,42000,3.606504440307617,False
shendure,10000000,0.0859506,large,val,43000,3.6242849826812744,False
shendure,10000000,0.0859506,large,val,44000,3.639348030090332,False
shendure,10000000,0.0859506,large,val,45000,3.6225826740264893,False
shendure,10000000,0.0859506,large,val,46000,3.609210252761841,False
shendure,10000000,0.0859506,large,val,47000,3.608903408050537,False
shendure,10000000,0.0859506,large,val,42000,3.606504440307617,True
shendure,10000000,0.1587401,large,train,1000,9.3629,False
shendure,10000000,0.1587401,large,train,2000,7.4791,False
shendure,10000000,0.1587401,large,train,3000,6.1576,False
shendure,10000000,0.1587401,large,train,4000,5.3309,False
shendure,10000000,0.1587401,large,train,5000,4.5449,False
shendure,10000000,0.1587401,large,train,6000,4.1338,False
shendure,10000000,0.1587401,large,train,7000,3.962,False
shendure,10000000,0.1587401,large,train,8000,3.8712,False
shendure,10000000,0.1587401,large,train,9000,3.8139,False
shendure,10000000,0.1587401,large,train,10000,3.7701,False
shendure,10000000,0.1587401,large,train,11000,3.7415,False
shendure,10000000,0.1587401,large,train,12000,3.7164,False
shendure,10000000,0.1587401,large,train,13000,3.6942,False
shendure,10000000,0.1587401,large,train,14000,3.6767,False
shendure,10000000,0.1587401,large,train,15000,3.6605,False
shendure,10000000,0.1587401,large,train,16000,3.6481,False
shendure,10000000,0.1587401,large,train,17000,3.6368,False
shendure,10000000,0.1587401,large,train,18000,3.6294,False
shendure,10000000,0.1587401,large,train,19000,3.6182,False
shendure,10000000,0.1587401,large,train,20000,3.6074,False
shendure,10000000,0.1587401,large,train,21000,3.6044,False
shendure,10000000,0.1587401,large,train,22000,3.5955,False
shendure,10000000,0.1587401,large,train,23000,3.5882,False
shendure,10000000,0.1587401,large,train,24000,3.5816,False
shendure,10000000,0.1587401,large,train,25000,3.5727,False
shendure,10000000,0.1587401,large,train,26000,3.571,False
shendure,10000000,0.1587401,large,train,27000,3.568,False
shendure,10000000,0.1587401,large,train,28000,3.5604,False
shendure,10000000,0.1587401,large,train,29000,3.5574,False
shendure,10000000,0.1587401,large,train,30000,3.5517,False
shendure,10000000,0.1587401,large,train,31000,3.5515,False
shendure,10000000,0.1587401,large,train,32000,3.5468,False
shendure,10000000,0.1587401,large,train,33000,3.5447,False
shendure,10000000,0.1587401,large,train,34000,3.5385,False
shendure,10000000,0.1587401,large,train,35000,3.538,False
shendure,10000000,0.1587401,large,train,36000,3.5359,False
shendure,10000000,0.1587401,large,train,37000,3.532,False
shendure,10000000,0.1587401,large,train,38000,3.5261,False
shendure,10000000,0.1587401,large,train,39000,3.5275,False
shendure,10000000,0.1587401,large,train,40000,3.5222,False
shendure,10000000,0.1587401,large,train,41000,3.5203,False
shendure,10000000,0.1587401,large,train,42000,3.5146,False
shendure,10000000,0.1587401,large,val,1000,8.33482551574707,False
shendure,10000000,0.1587401,large,val,2000,6.738936424255371,False
shendure,10000000,0.1587401,large,val,3000,5.605563640594482,False
shendure,10000000,0.1587401,large,val,4000,4.795928478240967,False
shendure,10000000,0.1587401,large,val,5000,4.188816547393799,False
shendure,10000000,0.1587401,large,val,6000,3.9260542392730713,False
shendure,10000000,0.1587401,large,val,7000,3.8134193420410156,False
shendure,10000000,0.1587401,large,val,8000,3.7622945308685303,False
shendure,10000000,0.1587401,large,val,9000,3.708340644836426,False
shendure,10000000,0.1587401,large,val,10000,3.675480604171753,False
shendure,10000000,0.1587401,large,val,11000,3.649693250656128,False
shendure,10000000,0.1587401,large,val,12000,3.6058647632598877,False
shendure,10000000,0.1587401,large,val,13000,3.597702980041504,False
shendure,10000000,0.1587401,large,val,14000,3.5776257514953613,False
shendure,10000000,0.1587401,large,val,15000,3.5749638080596924,False
shendure,10000000,0.1587401,large,val,16000,3.5706987380981445,False
shendure,10000000,0.1587401,large,val,17000,3.565807580947876,False
shendure,10000000,0.1587401,large,val,18000,3.5448739528656006,False
shendure,10000000,0.1587401,large,val,19000,3.5443379878997803,False
shendure,10000000,0.1587401,large,val,20000,3.5332493782043457,False
shendure,10000000,0.1587401,large,val,21000,3.525843858718872,False
shendure,10000000,0.1587401,large,val,22000,3.5215213298797607,False
shendure,10000000,0.1587401,large,val,23000,3.519120693206787,False
shendure,10000000,0.1587401,large,val,24000,3.505033016204834,False
shendure,10000000,0.1587401,large,val,25000,3.496835947036743,False
shendure,10000000,0.1587401,large,val,26000,3.4813013076782227,False
shendure,10000000,0.1587401,large,val,27000,3.476332902908325,False
shendure,10000000,0.1587401,large,val,28000,3.4986867904663086,False
shendure,10000000,0.1587401,large,val,29000,3.470449924468994,False
shendure,10000000,0.1587401,large,val,30000,3.4775376319885254,False
shendure,10000000,0.1587401,large,val,31000,3.484226703643799,False
shendure,10000000,0.1587401,large,val,32000,3.476712942123413,False
shendure,10000000,0.1587401,large,val,33000,3.4801323413848877,False
shendure,10000000,0.1587401,large,val,34000,3.4677236080169678,False
shendure,10000000,0.1587401,large,val,35000,3.464329481124878,False
shendure,10000000,0.1587401,large,val,36000,3.466994047164917,False
shendure,10000000,0.1587401,large,val,37000,3.448974609375,False
shendure,10000000,0.1587401,large,val,38000,3.4676871299743652,False
shendure,10000000,0.1587401,large,val,39000,3.455328941345215,False
shendure,10000000,0.1587401,large,val,40000,3.4603586196899414,False
shendure,10000000,0.1587401,large,val,41000,3.459408760070801,False
shendure,10000000,0.1587401,large,val,42000,3.463651657104492,False
shendure,10000000,0.1587401,large,val,37000,3.448974609375,True
shendure,10000000,0.2931733,large,train,1000,9.4936,False
shendure,10000000,0.2931733,large,train,2000,7.7542,False
shendure,10000000,0.2931733,large,train,3000,6.396,False
shendure,10000000,0.2931733,large,train,4000,5.4734,False
shendure,10000000,0.2931733,large,train,5000,4.5674,False
shendure,10000000,0.2931733,large,train,7000,3.9731,False
shendure,10000000,0.2931733,large,train,8000,3.8836,False
shendure,10000000,0.2931733,large,train,9000,3.8248,False
shendure,10000000,0.2931733,large,train,10000,3.7785,False
shendure,10000000,0.2931733,large,train,11000,3.7446,False
shendure,10000000,0.2931733,large,train,12000,3.7196,False
shendure,10000000,0.2931733,large,train,13000,3.6966,False
shendure,10000000,0.2931733,large,train,14000,3.6819,False
shendure,10000000,0.2931733,large,train,15000,3.6653,False
shendure,10000000,0.2931733,large,train,16000,3.652,False
shendure,10000000,0.2931733,large,train,18000,3.6303,False
shendure,10000000,0.2931733,large,train,19000,3.6211,False
shendure,10000000,0.2931733,large,train,20000,3.6101,False
shendure,10000000,0.2931733,large,train,21000,3.6032,False
shendure,10000000,0.2931733,large,train,22000,3.5971,False
shendure,10000000,0.2931733,large,train,23000,3.5911,False
shendure,10000000,0.2931733,large,train,24000,3.5855,False
shendure,10000000,0.2931733,large,train,25000,3.5776,False
shendure,10000000,0.2931733,large,train,26000,3.5753,False
shendure,10000000,0.2931733,large,train,27000,3.5688,False
shendure,10000000,0.2931733,large,train,29000,3.5595,False
shendure,10000000,0.2931733,large,train,30000,3.5548,False
shendure,10000000,0.2931733,large,train,31000,3.5512,False
shendure,10000000,0.2931733,large,train,32000,3.5464,False
shendure,10000000,0.2931733,large,train,33000,3.5446,False
shendure,10000000,0.2931733,large,train,34000,3.5414,False
shendure,10000000,0.2931733,large,train,35000,3.5376,False
shendure,10000000,0.2931733,large,train,36000,3.5358,False
shendure,10000000,0.2931733,large,train,37000,3.5314,False
shendure,10000000,0.2931733,large,train,38000,3.5282,False
shendure,10000000,0.2931733,large,train,40000,3.5212,False
shendure,10000000,0.2931733,large,train,41000,3.5165,False
shendure,10000000,0.2931733,large,train,42000,3.5166,False
shendure,10000000,0.2931733,large,train,43000,3.5133,False
shendure,10000000,0.2931733,large,train,44000,3.51,False
shendure,10000000,0.2931733,large,train,45000,3.5086,False
shendure,10000000,0.2931733,large,train,46000,3.5056,False
shendure,10000000,0.2931733,large,train,47000,3.5042,False
shendure,10000000,0.2931733,large,train,48000,3.5014,False
shendure,10000000,0.2931733,large,train,49000,3.5003,False
shendure,10000000,0.2931733,large,train,51000,3.4941,False
shendure,10000000,0.2931733,large,train,52000,3.494,False
shendure,10000000,0.2931733,large,train,53000,3.4938,False
shendure,10000000,0.2931733,large,train,54000,3.4902,False
shendure,10000000,0.2931733,large,train,55000,3.4878,False
shendure,10000000,0.2931733,large,val,1000,8.771961212158203,False
shendure,10000000,0.2931733,large,val,2000,6.909778118133545,False
shendure,10000000,0.2931733,large,val,3000,5.804458141326904,False
shendure,10000000,0.2931733,large,val,4000,4.867854595184326,False
shendure,10000000,0.2931733,large,val,5000,4.214259147644043,False
shendure,10000000,0.2931733,large,val,7000,3.8490378856658936,False
shendure,10000000,0.2931733,large,val,8000,3.78340482711792,False
shendure,10000000,0.2931733,large,val,9000,3.741300106048584,False
shendure,10000000,0.2931733,large,val,10000,3.6960067749023438,False
shendure,10000000,0.2931733,large,val,11000,3.6887972354888916,False
shendure,10000000,0.2931733,large,val,12000,3.6411526203155518,False
shendure,10000000,0.2931733,large,val,13000,3.6326239109039307,False
shendure,10000000,0.2931733,large,val,14000,3.6122360229492188,False
shendure,10000000,0.2931733,large,val,15000,3.6013150215148926,False
shendure,10000000,0.2931733,large,val,16000,3.5942671298980713,False
shendure,10000000,0.2931733,large,val,18000,3.565553903579712,False
shendure,10000000,0.2931733,large,val,19000,3.564812421798706,False
shendure,10000000,0.2931733,large,val,20000,3.554044485092163,False
shendure,10000000,0.2931733,large,val,21000,3.552292585372925,False
shendure,10000000,0.2931733,large,val,22000,3.544308662414551,False
shendure,10000000,0.2931733,large,val,23000,3.5413687229156494,False
shendure,10000000,0.2931733,large,val,24000,3.5302460193634033,False
shendure,10000000,0.2931733,large,val,25000,3.5240211486816406,False
shendure,10000000,0.2931733,large,val,26000,3.5121493339538574,False
shendure,10000000,0.2931733,large,val,27000,3.515439987182617,False
shendure,10000000,0.2931733,large,val,29000,3.5016531944274902,False
shendure,10000000,0.2931733,large,val,30000,3.502519369125366,False
shendure,10000000,0.2931733,large,val,31000,3.502880811691284,False
shendure,10000000,0.2931733,large,val,32000,3.4935359954833984,False
shendure,10000000,0.2931733,large,val,33000,3.511359453201294,False
shendure,10000000,0.2931733,large,val,34000,3.497225046157837,False
shendure,10000000,0.2931733,large,val,35000,3.4815473556518555,False
shendure,10000000,0.2931733,large,val,36000,3.484273672103882,False
shendure,10000000,0.2931733,large,val,37000,3.4793012142181396,False
shendure,10000000,0.2931733,large,val,38000,3.476752758026123,False
shendure,10000000,0.2931733,large,val,40000,3.47554087638855,False
shendure,10000000,0.2931733,large,val,41000,3.474868059158325,False
shendure,10000000,0.2931733,large,val,42000,3.477008104324341,False
shendure,10000000,0.2931733,large,val,43000,3.4568378925323486,False
shendure,10000000,0.2931733,large,val,44000,3.4645752906799316,False
shendure,10000000,0.2931733,large,val,45000,3.450542449951172,False
shendure,10000000,0.2931733,large,val,46000,3.4592506885528564,False
shendure,10000000,0.2931733,large,val,47000,3.4629623889923096,False
shendure,10000000,0.2931733,large,val,48000,3.443943977355957,False
shendure,10000000,0.2931733,large,val,49000,3.4507877826690674,False
shendure,10000000,0.2931733,large,val,51000,3.4492599964141846,False
shendure,10000000,0.2931733,large,val,52000,3.4462311267852783,False
shendure,10000000,0.2931733,large,val,53000,3.438389778137207,False
shendure,10000000,0.2931733,large,val,54000,3.447849988937378,False
shendure,10000000,0.2931733,large,val,55000,3.43516206741333,False
shendure,10000000,0.2931733,large,val,50000,3.4297447204589844,True
shendure,10000000,0.5414548,large,train,1000,9.5273,False
shendure,10000000,0.5414548,large,train,2000,8.0398,False
shendure,10000000,0.5414548,large,train,3000,6.2227,False
shendure,10000000,0.5414548,large,train,4000,5.129,False
shendure,10000000,0.5414548,large,train,5000,4.4752,False
shendure,10000000,0.5414548,large,train,7000,4.041,False
shendure,10000000,0.5414548,large,train,8000,3.9572,False
shendure,10000000,0.5414548,large,train,9000,3.9045,False
shendure,10000000,0.5414548,large,train,10000,3.8646,False
shendure,10000000,0.5414548,large,train,11000,3.8325,False
shendure,10000000,0.5414548,large,train,12000,3.8103,False
shendure,10000000,0.5414548,large,train,13000,3.7845,False
shendure,10000000,0.5414548,large,train,14000,3.7731,False
shendure,10000000,0.5414548,large,train,15000,3.756,False
shendure,10000000,0.5414548,large,train,16000,3.7447,False
shendure,10000000,0.5414548,large,train,18000,3.7206,False
shendure,10000000,0.5414548,large,train,19000,3.712,False
shendure,10000000,0.5414548,large,train,20000,3.7031,False
shendure,10000000,0.5414548,large,train,21000,3.6961,False
shendure,10000000,0.5414548,large,train,22000,3.6872,False
shendure,10000000,0.5414548,large,train,23000,3.682,False
shendure,10000000,0.5414548,large,train,24000,3.6792,False
shendure,10000000,0.5414548,large,train,25000,3.6717,False
shendure,10000000,0.5414548,large,train,26000,3.6659,False
shendure,10000000,0.5414548,large,train,27000,3.6613,False
shendure,10000000,0.5414548,large,train,29000,3.6513,False
shendure,10000000,0.5414548,large,train,30000,3.6471,False
shendure,10000000,0.5414548,large,train,31000,3.6437,False
shendure,10000000,0.5414548,large,train,32000,3.641,False
shendure,10000000,0.5414548,large,train,33000,3.636,False
shendure,10000000,0.5414548,large,train,34000,3.6306,False
shendure,10000000,0.5414548,large,train,35000,3.6287,False
shendure,10000000,0.5414548,large,train,36000,3.6273,False
shendure,10000000,0.5414548,large,train,37000,3.6229,False
shendure,10000000,0.5414548,large,train,38000,3.6196,False
shendure,10000000,0.5414548,large,train,40000,3.615,False
shendure,10000000,0.5414548,large,train,41000,3.612,False
shendure,10000000,0.5414548,large,train,42000,3.61,False
shendure,10000000,0.5414548,large,train,43000,3.6089,False
shendure,10000000,0.5414548,large,train,44000,3.604,False
shendure,10000000,0.5414548,large,train,45000,3.6002,False
shendure,10000000,0.5414548,large,train,46000,3.6004,False
shendure,10000000,0.5414548,large,train,47000,3.5997,False
shendure,10000000,0.5414548,large,train,48000,3.5964,False
shendure,10000000,0.5414548,large,train,49000,3.596,False
shendure,10000000,0.5414548,large,train,51000,3.5917,False
shendure,10000000,0.5414548,large,train,52000,3.5868,False
shendure,10000000,0.5414548,large,train,53000,3.589,False
shendure,10000000,0.5414548,large,train,54000,3.5864,False
shendure,10000000,0.5414548,large,train,55000,3.5839,False
shendure,10000000,0.5414548,large,val,1000,8.894818305969238,False
shendure,10000000,0.5414548,large,val,2000,6.84813928604126,False
shendure,10000000,0.5414548,large,val,3000,5.582542896270752,False
shendure,10000000,0.5414548,large,val,4000,4.646021366119385,False
shendure,10000000,0.5414548,large,val,5000,4.257451057434082,False
shendure,10000000,0.5414548,large,val,7000,3.936429500579834,False
shendure,10000000,0.5414548,large,val,8000,3.8943681716918945,False
shendure,10000000,0.5414548,large,val,9000,3.8557403087615967,False
shendure,10000000,0.5414548,large,val,10000,3.8104982376098633,False
shendure,10000000,0.5414548,large,val,11000,3.783134698867798,False
shendure,10000000,0.5414548,large,val,12000,3.7501840591430664,False
shendure,10000000,0.5414548,large,val,13000,3.740175247192383,False
shendure,10000000,0.5414548,large,val,14000,3.7133734226226807,False
shendure,10000000,0.5414548,large,val,15000,3.7027149200439453,False
shendure,10000000,0.5414548,large,val,16000,3.702244520187378,False
shendure,10000000,0.5414548,large,val,18000,3.6694350242614746,False
shendure,10000000,0.5414548,large,val,19000,3.6805105209350586,False
shendure,10000000,0.5414548,large,val,20000,3.6607844829559326,False
shendure,10000000,0.5414548,large,val,21000,3.656137228012085,False
shendure,10000000,0.5414548,large,val,22000,3.6521029472351074,False
shendure,10000000,0.5414548,large,val,23000,3.6572186946868896,False
shendure,10000000,0.5414548,large,val,24000,3.634953498840332,False
shendure,10000000,0.5414548,large,val,25000,3.6338446140289307,False
shendure,10000000,0.5414548,large,val,26000,3.620344638824463,False
shendure,10000000,0.5414548,large,val,27000,3.6137137413024902,False
shendure,10000000,0.5414548,large,val,29000,3.617215394973755,False
shendure,10000000,0.5414548,large,val,30000,3.609239101409912,False
shendure,10000000,0.5414548,large,val,31000,3.6080360412597656,False
shendure,10000000,0.5414548,large,val,32000,3.6010310649871826,False
shendure,10000000,0.5414548,large,val,33000,3.6108171939849854,False
shendure,10000000,0.5414548,large,val,34000,3.6031289100646973,False
shendure,10000000,0.5414548,large,val,35000,3.5895004272460938,False
shendure,10000000,0.5414548,large,val,36000,3.5929007530212402,False
shendure,10000000,0.5414548,large,val,37000,3.579616069793701,False
shendure,10000000,0.5414548,large,val,38000,3.582824230194092,False
shendure,10000000,0.5414548,large,val,40000,3.5817415714263916,False
shendure,10000000,0.5414548,large,val,41000,3.5803630352020264,False
shendure,10000000,0.5414548,large,val,42000,3.5748133659362793,False
shendure,10000000,0.5414548,large,val,43000,3.5674681663513184,False
shendure,10000000,0.5414548,large,val,44000,3.5748322010040283,False
shendure,10000000,0.5414548,large,val,45000,3.5615525245666504,False
shendure,10000000,0.5414548,large,val,46000,3.559365749359131,False
shendure,10000000,0.5414548,large,val,47000,3.5650243759155273,False
shendure,10000000,0.5414548,large,val,48000,3.555905818939209,False
shendure,10000000,0.5414548,large,val,49000,3.5689125061035156,False
shendure,10000000,0.5414548,large,val,51000,3.555171489715576,False
shendure,10000000,0.5414548,large,val,52000,3.551335096359253,False
shendure,10000000,0.5414548,large,val,53000,3.5500235557556152,False
shendure,10000000,0.5414548,large,val,54000,3.554988384246826,False
shendure,10000000,0.5414548,large,val,55000,3.5466089248657227,False
shendure,10000000,0.5414548,large,val,50000,3.5404608249664307,True
shendure,10000000,1.0,large,train,1000,9.4659,False
shendure,10000000,1.0,large,train,3000,6.1526,False
shendure,10000000,1.0,large,train,5000,4.711,False
shendure,10000000,1.0,large,train,6000,4.3985,False
shendure,10000000,1.0,large,train,8000,4.1594,False
shendure,10000000,1.0,large,train,10000,4.0636,False
shendure,10000000,1.0,large,train,12000,4.0075,False
shendure,10000000,1.0,large,train,13000,3.9803,False
shendure,10000000,1.0,large,train,15000,3.9504,False
shendure,10000000,1.0,large,train,17000,3.924,False
shendure,10000000,1.0,large,train,19000,3.9017,False
shendure,10000000,1.0,large,train,20000,3.8936,False
shendure,10000000,1.0,large,train,22000,3.8727,False
shendure,10000000,1.0,large,train,24000,3.864,False
shendure,10000000,1.0,large,train,26000,3.8474,False
shendure,10000000,1.0,large,train,27000,3.8433,False
shendure,10000000,1.0,large,train,29000,3.8323,False
shendure,10000000,1.0,large,train,31000,3.8226,False
shendure,10000000,1.0,large,train,33000,3.8125,False
shendure,10000000,1.0,large,train,34000,3.807,False
shendure,10000000,1.0,large,train,36000,3.7995,False
shendure,10000000,1.0,large,train,38000,3.7902,False
shendure,10000000,1.0,large,train,40000,3.7836,False
shendure,10000000,1.0,large,train,41000,3.7776,False
shendure,10000000,1.0,large,train,43000,3.7753,False
shendure,10000000,1.0,large,train,45000,3.7636,False
shendure,10000000,1.0,large,train,47000,3.7605,False
shendure,10000000,1.0,large,train,48000,3.7567,False
shendure,10000000,1.0,large,train,50000,3.7518,False
shendure,10000000,1.0,large,train,52000,3.7453,False
shendure,10000000,1.0,large,train,54000,3.741,False
shendure,10000000,1.0,large,train,55000,3.7389,False
shendure,10000000,1.0,large,train,57000,3.7397,False
shendure,10000000,1.0,large,train,59000,3.7315,False
shendure,10000000,1.0,large,train,61000,3.7276,False
shendure,10000000,1.0,large,train,62000,3.7269,False
shendure,10000000,1.0,large,train,64000,3.7213,False
shendure,10000000,1.0,large,train,66000,3.719,False
shendure,10000000,1.0,large,train,68000,3.7156,False
shendure,10000000,1.0,large,train,69000,3.714,False
shendure,10000000,1.0,large,train,71000,3.7094,False
shendure,10000000,1.0,large,train,73000,3.7076,False
shendure,10000000,1.0,large,train,75000,3.7033,False
shendure,10000000,1.0,large,train,76000,3.7054,False
shendure,10000000,1.0,large,train,78000,3.7018,False
shendure,10000000,1.0,large,train,80000,3.7003,False
shendure,10000000,1.0,large,train,82000,3.6969,False
shendure,10000000,1.0,large,train,83000,3.6965,False
shendure,10000000,1.0,large,train,85000,3.6945,False
shendure,10000000,1.0,large,train,87000,3.6931,False
shendure,10000000,1.0,large,val,1000,8.816441535949707,False
shendure,10000000,1.0,large,val,3000,5.660275459289551,False
shendure,10000000,1.0,large,val,5000,4.4961628913879395,False
shendure,10000000,1.0,large,val,6000,4.26861047744751,False
shendure,10000000,1.0,large,val,8000,4.127377033233643,False
shendure,10000000,1.0,large,val,10000,4.034880638122559,False
shendure,10000000,1.0,large,val,12000,3.966691017150879,False
shendure,10000000,1.0,large,val,13000,3.95908784866333,False
shendure,10000000,1.0,large,val,15000,3.9320693016052246,False
shendure,10000000,1.0,large,val,17000,3.9098525047302246,False
shendure,10000000,1.0,large,val,19000,3.878126382827759,False
shendure,10000000,1.0,large,val,20000,3.870013952255249,False
shendure,10000000,1.0,large,val,22000,3.855790138244629,False
shendure,10000000,1.0,large,val,24000,3.8382389545440674,False
shendure,10000000,1.0,large,val,26000,3.821476936340332,False
shendure,10000000,1.0,large,val,27000,3.8165879249572754,False
shendure,10000000,1.0,large,val,29000,3.811373472213745,False
shendure,10000000,1.0,large,val,31000,3.8055405616760254,False
shendure,10000000,1.0,large,val,33000,3.8067734241485596,False
shendure,10000000,1.0,large,val,34000,3.799323558807373,False
shendure,10000000,1.0,large,val,36000,3.7905571460723877,False
shendure,10000000,1.0,large,val,38000,3.7832181453704834,False
shendure,10000000,1.0,large,val,40000,3.78125,False
shendure,10000000,1.0,large,val,41000,3.760617971420288,False
shendure,10000000,1.0,large,val,43000,3.755791425704956,False
shendure,10000000,1.0,large,val,45000,3.748746395111084,False
shendure,10000000,1.0,large,val,47000,3.747372627258301,False
shendure,10000000,1.0,large,val,48000,3.729250907897949,False
shendure,10000000,1.0,large,val,50000,3.724452257156372,False
shendure,10000000,1.0,large,val,52000,3.728259801864624,False
shendure,10000000,1.0,large,val,54000,3.7224464416503906,False
shendure,10000000,1.0,large,val,55000,3.72139310836792,False
shendure,10000000,1.0,large,val,57000,3.7166495323181152,False
shendure,10000000,1.0,large,val,59000,3.7018003463745117,False
shendure,10000000,1.0,large,val,61000,3.695974588394165,False
shendure,10000000,1.0,large,val,62000,3.7027475833892822,False
shendure,10000000,1.0,large,val,64000,3.7020809650421143,False
shendure,10000000,1.0,large,val,66000,3.6873202323913574,False
shendure,10000000,1.0,large,val,68000,3.707035541534424,False
shendure,10000000,1.0,large,val,69000,3.686617612838745,False
shendure,10000000,1.0,large,val,71000,3.699490785598755,False
shendure,10000000,1.0,large,val,73000,3.6864967346191406,False
shendure,10000000,1.0,large,val,75000,3.678828239440918,False
shendure,10000000,1.0,large,val,76000,3.6794443130493164,False
shendure,10000000,1.0,large,val,78000,3.6880974769592285,False
shendure,10000000,1.0,large,val,80000,3.6938438415527344,False
shendure,10000000,1.0,large,val,82000,3.667311191558838,False
shendure,10000000,1.0,large,val,83000,3.6908135414123535,False
shendure,10000000,1.0,large,val,85000,3.667787551879883,False
shendure,10000000,1.0,large,val,87000,3.6728157997131348,False
shendure,10000000,1.0,large,val,82000,3.667311191558838,True
